date,student_name,center,city,grade,present
2024-01-01,Rahul Kumar,Pune-01,Pune,6th,1
2024-01-02,Rahul Kumar,Pune-01,Pune,6th,1
2024-01-03,Rahul Kumar,Pune-01,Pune,6th,0
2024-01-04,Rahul Kumar,Pune-01,Pune,6th,1
2024-01-05,Rahul Kumar,Pune-01,Pune,6th,1
2024-01-06,Rahul Kumar,Pune-01,Pune,6th,0
2024-01-07,Rahul Kumar,Pune-01,Pune,6th,1
2024-01-08,Rahul Kumar,Pune-01,Pune,6th,0
2024-01-09,Rahul Kumar,Pune-01,Pune,6th,1
2024-01-10,Rahul Kumar,Pune-01,Pune,6th,0
2024-01-11,Rahul Kumar,Pune-01,Pune,6th,1
2024-01-12,Rahul Kumar,Pune-01,Pune,6th,1
2024-01-13,Rahul Kumar,Pune-01,Pune,6th,1
2024-01-14,Rahul Kumar,Pune-01,Pune,6th,1
2024-01-15,Rahul Kumar,Pune-01,Pune,6th,1
2024-01-16,Rahul Kumar,Pune-01,Pune,6th,0
2024-01-17,Rahul Kumar,Pune-01,Pune,6th,1
2024-01-18,Rahul Kumar,Pune-01,Pune,6th,1
2024-01-19,Rahul Kumar,Pune-01,Pune,6th,0
2024-01-20,Rahul Kumar,Pune-01,Pune,6th,1
2024-01-21,Rahul Kumar,Pune-01,Pune,6th,1
2024-01-22,Rahul Kumar,Pune-01,Pune,6th,1
2024-01-23,Rahul Kumar,Pune-01,Pune,6th,1
2024-01-24,Rahul Kumar,Pune-01,Pune,6th,1
2024-01-25,Rahul Kumar,Pune-01,Pune,6th,1
2024-01-26,Rahul Kumar,Pune-01,Pune,6th,1
2024-01-27,Rahul Kumar,Pune-01,Pune,6th,1
2024-01-28,Rahul Kumar,Pune-01,Pune,6th,1
2024-01-29,Rahul Kumar,Pune-01,Pune,6th,1
2024-01-30,Rahul Kumar,Pune-01,Pune,6th,1
2024-01-31,Rahul Kumar,Pune-01,Pune,6th,1
2024-02-01,Rahul Kumar,Pune-01,Pune,6th,1
2024-02-02,Rahul Kumar,Pune-01,Pune,6th,1
2024-02-03,Rahul Kumar,Pune-01,Pune,6th,1
2024-02-04,Rahul Kumar,Pune-01,Pune,6th,1
2024-02-05,Rahul Kumar,Pune-01,Pune,6th,1
2024-02-06,Rahul Kumar,Pune-01,Pune,6th,1
2024-02-07,Rahul Kumar,Pune-01,Pune,6th,1
2024-02-08,Rahul Kumar,Pune-01,Pune,6th,1
2024-02-09,Rahul Kumar,Pune-01,Pune,6th,0
2024-02-10,Rahul Kumar,Pune-01,Pune,6th,1
2024-02-11,Rahul Kumar,Pune-01,Pune,6th,1
2024-02-12,Rahul Kumar,Pune-01,Pune,6th,1
2024-02-13,Rahul Kumar,Pune-01,Pune,6th,0
2024-02-14,Rahul Kumar,Pune-01,Pune,6th,1
2024-02-15,Rahul Kumar,Pune-01,Pune,6th,1
2024-02-16,Rahul Kumar,Pune-01,Pune,6th,1
2024-02-17,Rahul Kumar,Pune-01,Pune,6th,1
2024-02-18,Rahul Kumar,Pune-01,Pune,6th,0
2024-02-19,Rahul Kumar,Pune-01,Pune,6th,1
2024-02-20,Rahul Kumar,Pune-01,Pune,6th,1
2024-02-21,Rahul Kumar,Pune-01,Pune,6th,1
2024-02-22,Rahul Kumar,Pune-01,Pune,6th,1
2024-02-23,Rahul Kumar,Pune-01,Pune,6th,1
2024-02-24,Rahul Kumar,Pune-01,Pune,6th,1
2024-02-25,Rahul Kumar,Pune-01,Pune,6th,1
2024-02-26,Rahul Kumar,Pune-01,Pune,6th,1
2024-02-27,Rahul Kumar,Pune-01,Pune,6th,0
2024-02-28,Rahul Kumar,Pune-01,Pune,6th,1
2024-02-29,Rahul Kumar,Pune-01,Pune,6th,1
2024-03-01,Rahul Kumar,Pune-01,Pune,6th,0
2024-03-02,Rahul Kumar,Pune-01,Pune,6th,1
2024-03-03,Rahul Kumar,Pune-01,Pune,6th,1
2024-03-04,Rahul Kumar,Pune-01,Pune,6th,1
2024-03-05,Rahul Kumar,Pune-01,Pune,6th,1
2024-03-06,Rahul Kumar,Pune-01,Pune,6th,1
2024-03-07,Rahul Kumar,Pune-01,Pune,6th,1
2024-03-08,Rahul Kumar,Pune-01,Pune,6th,1
2024-03-09,Rahul Kumar,Pune-01,Pune,6th,1
2024-03-10,Rahul Kumar,Pune-01,Pune,6th,1
2024-03-11,Rahul Kumar,Pune-01,Pune,6th,1
2024-03-12,Rahul Kumar,Pune-01,Pune,6th,1
2024-03-13,Rahul Kumar,Pune-01,Pune,6th,0
2024-03-14,Rahul Kumar,Pune-01,Pune,6th,1
2024-03-15,Rahul Kumar,Pune-01,Pune,6th,1
2024-03-16,Rahul Kumar,Pune-01,Pune,6th,1
2024-03-17,Rahul Kumar,Pune-01,Pune,6th,1
2024-03-18,Rahul Kumar,Pune-01,Pune,6th,1
2024-03-19,Rahul Kumar,Pune-01,Pune,6th,1
2024-03-20,Rahul Kumar,Pune-01,Pune,6th,1
2024-03-21,Rahul Kumar,Pune-01,Pune,6th,1
2024-03-22,Rahul Kumar,Pune-01,Pune,6th,1
2024-03-23,Rahul Kumar,Pune-01,Pune,6th,1
2024-03-24,Rahul Kumar,Pune-01,Pune,6th,1
2024-03-25,Rahul Kumar,Pune-01,Pune,6th,1
2024-03-26,Rahul Kumar,Pune-01,Pune,6th,1
2024-03-27,Rahul Kumar,Pune-01,Pune,6th,1
2024-03-28,Rahul Kumar,Pune-01,Pune,6th,1
2024-03-29,Rahul Kumar,Pune-01,Pune,6th,0
2024-03-30,Rahul Kumar,Pune-01,Pune,6th,1
2024-03-31,Rahul Kumar,Pune-01,Pune,6th,1
2024-04-01,Rahul Kumar,Pune-01,Pune,6th,0
2024-04-02,Rahul Kumar,Pune-01,Pune,6th,1
2024-04-03,Rahul Kumar,Pune-01,Pune,6th,1
2024-04-04,Rahul Kumar,Pune-01,Pune,6th,1
2024-04-05,Rahul Kumar,Pune-01,Pune,6th,1
2024-04-06,Rahul Kumar,Pune-01,Pune,6th,0
2024-04-07,Rahul Kumar,Pune-01,Pune,6th,1
2024-04-08,Rahul Kumar,Pune-01,Pune,6th,1
2024-04-09,Rahul Kumar,Pune-01,Pune,6th,1
2024-04-10,Rahul Kumar,Pune-01,Pune,6th,0
2024-04-11,Rahul Kumar,Pune-01,Pune,6th,1
2024-04-12,Rahul Kumar,Pune-01,Pune,6th,1
2024-04-13,Rahul Kumar,Pune-01,Pune,6th,1
2024-04-14,Rahul Kumar,Pune-01,Pune,6th,1
2024-04-15,Rahul Kumar,Pune-01,Pune,6th,1
2024-04-16,Rahul Kumar,Pune-01,Pune,6th,1
2024-04-17,Rahul Kumar,Pune-01,Pune,6th,1
2024-04-18,Rahul Kumar,Pune-01,Pune,6th,1
2024-04-19,Rahul Kumar,Pune-01,Pune,6th,1
2024-04-20,Rahul Kumar,Pune-01,Pune,6th,1
2024-04-21,Rahul Kumar,Pune-01,Pune,6th,1
2024-04-22,Rahul Kumar,Pune-01,Pune,6th,1
2024-04-23,Rahul Kumar,Pune-01,Pune,6th,1
2024-04-24,Rahul Kumar,Pune-01,Pune,6th,1
2024-04-25,Rahul Kumar,Pune-01,Pune,6th,1
2024-04-26,Rahul Kumar,Pune-01,Pune,6th,1
2024-04-27,Rahul Kumar,Pune-01,Pune,6th,1
2024-04-28,Rahul Kumar,Pune-01,Pune,6th,1
2024-04-29,Rahul Kumar,Pune-01,Pune,6th,1
2024-04-30,Rahul Kumar,Pune-01,Pune,6th,0
2024-05-01,Rahul Kumar,Pune-01,Pune,6th,0
2024-05-02,Rahul Kumar,Pune-01,Pune,6th,1
2024-05-03,Rahul Kumar,Pune-01,Pune,6th,1
2024-05-04,Rahul Kumar,Pune-01,Pune,6th,1
2024-05-05,Rahul Kumar,Pune-01,Pune,6th,1
2024-05-06,Rahul Kumar,Pune-01,Pune,6th,1
2024-05-07,Rahul Kumar,Pune-01,Pune,6th,1
2024-05-08,Rahul Kumar,Pune-01,Pune,6th,1
2024-05-09,Rahul Kumar,Pune-01,Pune,6th,1
2024-05-10,Rahul Kumar,Pune-01,Pune,6th,1
2024-05-11,Rahul Kumar,Pune-01,Pune,6th,1
2024-05-12,Rahul Kumar,Pune-01,Pune,6th,1
2024-05-13,Rahul Kumar,Pune-01,Pune,6th,1
2024-05-14,Rahul Kumar,Pune-01,Pune,6th,1
2024-05-15,Rahul Kumar,Pune-01,Pune,6th,1
2024-05-16,Rahul Kumar,Pune-01,Pune,6th,1
2024-05-17,Rahul Kumar,Pune-01,Pune,6th,1
2024-05-18,Rahul Kumar,Pune-01,Pune,6th,1
2024-05-19,Rahul Kumar,Pune-01,Pune,6th,1
2024-05-20,Rahul Kumar,Pune-01,Pune,6th,1
2024-05-21,Rahul Kumar,Pune-01,Pune,6th,1
2024-05-22,Rahul Kumar,Pune-01,Pune,6th,1
2024-05-23,Rahul Kumar,Pune-01,Pune,6th,1
2024-05-24,Rahul Kumar,Pune-01,Pune,6th,1
2024-05-25,Rahul Kumar,Pune-01,Pune,6th,1
2024-05-26,Rahul Kumar,Pune-01,Pune,6th,1
2024-05-27,Rahul Kumar,Pune-01,Pune,6th,1
2024-05-28,Rahul Kumar,Pune-01,Pune,6th,1
2024-05-29,Rahul Kumar,Pune-01,Pune,6th,1
2024-05-30,Rahul Kumar,Pune-01,Pune,6th,1
2024-05-31,Rahul Kumar,Pune-01,Pune,6th,1
2024-06-01,Rahul Kumar,Pune-01,Pune,6th,1
2024-06-02,Rahul Kumar,Pune-01,Pune,6th,1
2024-06-03,Rahul Kumar,Pune-01,Pune,6th,1
2024-06-04,Rahul Kumar,Pune-01,Pune,6th,1
2024-06-05,Rahul Kumar,Pune-01,Pune,6th,1
2024-06-06,Rahul Kumar,Pune-01,Pune,6th,0
2024-06-07,Rahul Kumar,Pune-01,Pune,6th,1
2024-06-08,Rahul Kumar,Pune-01,Pune,6th,1
2024-06-09,Rahul Kumar,Pune-01,Pune,6th,1
2024-06-10,Rahul Kumar,Pune-01,Pune,6th,1
2024-06-11,Rahul Kumar,Pune-01,Pune,6th,1
2024-06-12,Rahul Kumar,Pune-01,Pune,6th,1
2024-06-13,Rahul Kumar,Pune-01,Pune,6th,1
2024-06-14,Rahul Kumar,Pune-01,Pune,6th,1
2024-06-15,Rahul Kumar,Pune-01,Pune,6th,1
2024-06-16,Rahul Kumar,Pune-01,Pune,6th,1
2024-06-17,Rahul Kumar,Pune-01,Pune,6th,1
2024-06-18,Rahul Kumar,Pune-01,Pune,6th,1
2024-06-19,Rahul Kumar,Pune-01,Pune,6th,1
2024-06-20,Rahul Kumar,Pune-01,Pune,6th,0
2024-06-21,Rahul Kumar,Pune-01,Pune,6th,1
2024-06-22,Rahul Kumar,Pune-01,Pune,6th,0
2024-06-23,Rahul Kumar,Pune-01,Pune,6th,1
2024-06-24,Rahul Kumar,Pune-01,Pune,6th,1
2024-06-25,Rahul Kumar,Pune-01,Pune,6th,1
2024-06-26,Rahul Kumar,Pune-01,Pune,6th,1
2024-06-27,Rahul Kumar,Pune-01,Pune,6th,1
2024-06-28,Rahul Kumar,Pune-01,Pune,6th,1
2024-06-29,Rahul Kumar,Pune-01,Pune,6th,1
2024-06-30,Rahul Kumar,Pune-01,Pune,6th,1
2024-07-01,Rahul Kumar,Pune-01,Pune,6th,1
2024-07-02,Rahul Kumar,Pune-01,Pune,6th,1
2024-07-03,Rahul Kumar,Pune-01,Pune,6th,1
2024-07-04,Rahul Kumar,Pune-01,Pune,6th,1
2024-07-05,Rahul Kumar,Pune-01,Pune,6th,1
2024-07-06,Rahul Kumar,Pune-01,Pune,6th,1
2024-07-07,Rahul Kumar,Pune-01,Pune,6th,1
2024-07-08,Rahul Kumar,Pune-01,Pune,6th,1
2024-07-09,Rahul Kumar,Pune-01,Pune,6th,1
2024-07-10,Rahul Kumar,Pune-01,Pune,6th,1
2024-07-11,Rahul Kumar,Pune-01,Pune,6th,0
2024-07-12,Rahul Kumar,Pune-01,Pune,6th,0
2024-07-13,Rahul Kumar,Pune-01,Pune,6th,1
2024-07-14,Rahul Kumar,Pune-01,Pune,6th,1
2024-07-15,Rahul Kumar,Pune-01,Pune,6th,1
2024-07-16,Rahul Kumar,Pune-01,Pune,6th,0
2024-07-17,Rahul Kumar,Pune-01,Pune,6th,1
2024-07-18,Rahul Kumar,Pune-01,Pune,6th,1
2024-07-19,Rahul Kumar,Pune-01,Pune,6th,1
2024-07-20,Rahul Kumar,Pune-01,Pune,6th,1
2024-07-21,Rahul Kumar,Pune-01,Pune,6th,1
2024-07-22,Rahul Kumar,Pune-01,Pune,6th,1
2024-07-23,Rahul Kumar,Pune-01,Pune,6th,1
2024-07-24,Rahul Kumar,Pune-01,Pune,6th,1
2024-07-25,Rahul Kumar,Pune-01,Pune,6th,1
2024-07-26,Rahul Kumar,Pune-01,Pune,6th,1
2024-07-27,Rahul Kumar,Pune-01,Pune,6th,1
2024-07-28,Rahul Kumar,Pune-01,Pune,6th,1
2024-07-29,Rahul Kumar,Pune-01,Pune,6th,1
2024-07-30,Rahul Kumar,Pune-01,Pune,6th,1
2024-07-31,Rahul Kumar,Pune-01,Pune,6th,1
2024-08-01,Rahul Kumar,Pune-01,Pune,6th,1
2024-08-02,Rahul Kumar,Pune-01,Pune,6th,1
2024-08-03,Rahul Kumar,Pune-01,Pune,6th,1
2024-08-04,Rahul Kumar,Pune-01,Pune,6th,1
2024-08-05,Rahul Kumar,Pune-01,Pune,6th,1
2024-08-06,Rahul Kumar,Pune-01,Pune,6th,1
2024-08-07,Rahul Kumar,Pune-01,Pune,6th,0
2024-08-08,Rahul Kumar,Pune-01,Pune,6th,1
2024-08-09,Rahul Kumar,Pune-01,Pune,6th,1
2024-08-10,Rahul Kumar,Pune-01,Pune,6th,1
2024-08-11,Rahul Kumar,Pune-01,Pune,6th,1
2024-08-12,Rahul Kumar,Pune-01,Pune,6th,1
2024-08-13,Rahul Kumar,Pune-01,Pune,6th,1
2024-08-14,Rahul Kumar,Pune-01,Pune,6th,0
2024-08-15,Rahul Kumar,Pune-01,Pune,6th,1
2024-08-16,Rahul Kumar,Pune-01,Pune,6th,1
2024-08-17,Rahul Kumar,Pune-01,Pune,6th,1
2024-08-18,Rahul Kumar,Pune-01,Pune,6th,1
2024-08-19,Rahul Kumar,Pune-01,Pune,6th,1
2024-08-20,Rahul Kumar,Pune-01,Pune,6th,1
2024-08-21,Rahul Kumar,Pune-01,Pune,6th,1
2024-08-22,Rahul Kumar,Pune-01,Pune,6th,1
2024-08-23,Rahul Kumar,Pune-01,Pune,6th,1
2024-08-24,Rahul Kumar,Pune-01,Pune,6th,1
2024-08-25,Rahul Kumar,Pune-01,Pune,6th,1
2024-08-26,Rahul Kumar,Pune-01,Pune,6th,1
2024-08-27,Rahul Kumar,Pune-01,Pune,6th,1
2024-08-28,Rahul Kumar,Pune-01,Pune,6th,0
2024-08-29,Rahul Kumar,Pune-01,Pune,6th,1
2024-08-30,Rahul Kumar,Pune-01,Pune,6th,1
2024-08-31,Rahul Kumar,Pune-01,Pune,6th,1
2024-09-01,Rahul Kumar,Pune-01,Pune,6th,1
2024-09-02,Rahul Kumar,Pune-01,Pune,6th,1
2024-09-03,Rahul Kumar,Pune-01,Pune,6th,1
2024-09-04,Rahul Kumar,Pune-01,Pune,6th,1
2024-09-05,Rahul Kumar,Pune-01,Pune,6th,1
2024-09-06,Rahul Kumar,Pune-01,Pune,6th,1
2024-09-07,Rahul Kumar,Pune-01,Pune,6th,1
2024-09-08,Rahul Kumar,Pune-01,Pune,6th,1
2024-09-09,Rahul Kumar,Pune-01,Pune,6th,1
2024-09-10,Rahul Kumar,Pune-01,Pune,6th,1
2024-09-11,Rahul Kumar,Pune-01,Pune,6th,1
2024-09-12,Rahul Kumar,Pune-01,Pune,6th,1
2024-09-13,Rahul Kumar,Pune-01,Pune,6th,1
2024-09-14,Rahul Kumar,Pune-01,Pune,6th,1
2024-09-15,Rahul Kumar,Pune-01,Pune,6th,1
2024-09-16,Rahul Kumar,Pune-01,Pune,6th,1
2024-09-17,Rahul Kumar,Pune-01,Pune,6th,1
2024-09-18,Rahul Kumar,Pune-01,Pune,6th,1
2024-09-19,Rahul Kumar,Pune-01,Pune,6th,1
2024-09-20,Rahul Kumar,Pune-01,Pune,6th,1
2024-09-21,Rahul Kumar,Pune-01,Pune,6th,1
2024-09-22,Rahul Kumar,Pune-01,Pune,6th,1
2024-09-23,Rahul Kumar,Pune-01,Pune,6th,1
2024-09-24,Rahul Kumar,Pune-01,Pune,6th,1
2024-09-25,Rahul Kumar,Pune-01,Pune,6th,1
2024-09-26,Rahul Kumar,Pune-01,Pune,6th,1
2024-09-27,Rahul Kumar,Pune-01,Pune,6th,1
2024-09-28,Rahul Kumar,Pune-01,Pune,6th,1
2024-09-29,Rahul Kumar,Pune-01,Pune,6th,1
2024-09-30,Rahul Kumar,Pune-01,Pune,6th,1
2024-10-01,Rahul Kumar,Pune-01,Pune,6th,1
2024-10-02,Rahul Kumar,Pune-01,Pune,6th,1
2024-10-03,Rahul Kumar,Pune-01,Pune,6th,1
2024-10-04,Rahul Kumar,Pune-01,Pune,6th,0
2024-10-05,Rahul Kumar,Pune-01,Pune,6th,1
2024-10-06,Rahul Kumar,Pune-01,Pune,6th,1
2024-10-07,Rahul Kumar,Pune-01,Pune,6th,0
2024-10-08,Rahul Kumar,Pune-01,Pune,6th,1
2024-10-09,Rahul Kumar,Pune-01,Pune,6th,1
2024-10-10,Rahul Kumar,Pune-01,Pune,6th,0
2024-10-11,Rahul Kumar,Pune-01,Pune,6th,1
2024-10-12,Rahul Kumar,Pune-01,Pune,6th,1
2024-10-13,Rahul Kumar,Pune-01,Pune,6th,1
2024-10-14,Rahul Kumar,Pune-01,Pune,6th,1
2024-10-15,Rahul Kumar,Pune-01,Pune,6th,1
2024-10-16,Rahul Kumar,Pune-01,Pune,6th,1
2024-10-17,Rahul Kumar,Pune-01,Pune,6th,1
2024-10-18,Rahul Kumar,Pune-01,Pune,6th,1
2024-10-19,Rahul Kumar,Pune-01,Pune,6th,1
2024-10-20,Rahul Kumar,Pune-01,Pune,6th,1
2024-10-21,Rahul Kumar,Pune-01,Pune,6th,1
2024-10-22,Rahul Kumar,Pune-01,Pune,6th,1
2024-10-23,Rahul Kumar,Pune-01,Pune,6th,1
2024-10-24,Rahul Kumar,Pune-01,Pune,6th,1
2024-10-25,Rahul Kumar,Pune-01,Pune,6th,1
2024-10-26,Rahul Kumar,Pune-01,Pune,6th,1
2024-10-27,Rahul Kumar,Pune-01,Pune,6th,1
2024-10-28,Rahul Kumar,Pune-01,Pune,6th,1
2024-10-29,Rahul Kumar,Pune-01,Pune,6th,1
2024-10-30,Rahul Kumar,Pune-01,Pune,6th,0
2024-10-31,Rahul Kumar,Pune-01,Pune,6th,1
2024-11-01,Rahul Kumar,Pune-01,Pune,6th,0
2024-11-02,Rahul Kumar,Pune-01,Pune,6th,1
2024-11-03,Rahul Kumar,Pune-01,Pune,6th,1
2024-11-04,Rahul Kumar,Pune-01,Pune,6th,1
2024-11-05,Rahul Kumar,Pune-01,Pune,6th,1
2024-11-06,Rahul Kumar,Pune-01,Pune,6th,1
2024-11-07,Rahul Kumar,Pune-01,Pune,6th,1
2024-11-08,Rahul Kumar,Pune-01,Pune,6th,1
2024-11-09,Rahul Kumar,Pune-01,Pune,6th,1
2024-11-10,Rahul Kumar,Pune-01,Pune,6th,1
2024-11-11,Rahul Kumar,Pune-01,Pune,6th,1
2024-11-12,Rahul Kumar,Pune-01,Pune,6th,1
2024-11-13,Rahul Kumar,Pune-01,Pune,6th,1
2024-11-14,Rahul Kumar,Pune-01,Pune,6th,1
2024-11-15,Rahul Kumar,Pune-01,Pune,6th,1
2024-11-16,Rahul Kumar,Pune-01,Pune,6th,0
2024-11-17,Rahul Kumar,Pune-01,Pune,6th,1
2024-11-18,Rahul Kumar,Pune-01,Pune,6th,1
2024-11-19,Rahul Kumar,Pune-01,Pune,6th,1
2024-11-20,Rahul Kumar,Pune-01,Pune,6th,0
2024-11-21,Rahul Kumar,Pune-01,Pune,6th,1
2024-11-22,Rahul Kumar,Pune-01,Pune,6th,0
2024-11-23,Rahul Kumar,Pune-01,Pune,6th,0
2024-11-24,Rahul Kumar,Pune-01,Pune,6th,1
2024-11-25,Rahul Kumar,Pune-01,Pune,6th,1
2024-11-26,Rahul Kumar,Pune-01,Pune,6th,1
2024-11-27,Rahul Kumar,Pune-01,Pune,6th,1
2024-11-28,Rahul Kumar,Pune-01,Pune,6th,1
2024-11-29,Rahul Kumar,Pune-01,Pune,6th,1
2024-11-30,Rahul Kumar,Pune-01,Pune,6th,1
2024-12-01,Rahul Kumar,Pune-01,Pune,6th,1
2024-12-02,Rahul Kumar,Pune-01,Pune,6th,1
2024-12-03,Rahul Kumar,Pune-01,Pune,6th,1
2024-12-04,Rahul Kumar,Pune-01,Pune,6th,1
2024-12-05,Rahul Kumar,Pune-01,Pune,6th,1
2024-12-06,Rahul Kumar,Pune-01,Pune,6th,1
2024-12-07,Rahul Kumar,Pune-01,Pune,6th,1
2024-12-08,Rahul Kumar,Pune-01,Pune,6th,1
2024-12-09,Rahul Kumar,Pune-01,Pune,6th,1
2024-12-10,Rahul Kumar,Pune-01,Pune,6th,1
2024-12-11,Rahul Kumar,Pune-01,Pune,6th,1
2024-12-12,Rahul Kumar,Pune-01,Pune,6th,1
2024-12-13,Rahul Kumar,Pune-01,Pune,6th,1
2024-12-14,Rahul Kumar,Pune-01,Pune,6th,0
2024-12-15,Rahul Kumar,Pune-01,Pune,6th,1
2024-12-16,Rahul Kumar,Pune-01,Pune,6th,1
2024-12-17,Rahul Kumar,Pune-01,Pune,6th,1
2024-12-18,Rahul Kumar,Pune-01,Pune,6th,1
2024-12-19,Rahul Kumar,Pune-01,Pune,6th,1
2024-12-20,Rahul Kumar,Pune-01,Pune,6th,1
2024-12-21,Rahul Kumar,Pune-01,Pune,6th,1
2024-12-22,Rahul Kumar,Pune-01,Pune,6th,1
2024-12-23,Rahul Kumar,Pune-01,Pune,6th,1
2024-12-24,Rahul Kumar,Pune-01,Pune,6th,1
2024-12-25,Rahul Kumar,Pune-01,Pune,6th,0
2024-12-26,Rahul Kumar,Pune-01,Pune,6th,1
2024-12-27,Rahul Kumar,Pune-01,Pune,6th,1
2024-12-28,Rahul Kumar,Pune-01,Pune,6th,1
2024-12-29,Rahul Kumar,Pune-01,Pune,6th,1
2024-12-30,Rahul Kumar,Pune-01,Pune,6th,1
2024-12-31,Rahul Kumar,Pune-01,Pune,6th,1
2024-01-01,Priya Shah,Mumbai-03,Mumbai,7th,1
2024-01-02,Priya Shah,Mumbai-03,Mumbai,7th,0
2024-01-03,Priya Shah,Mumbai-03,Mumbai,7th,1
2024-01-04,Priya Shah,Mumbai-03,Mumbai,7th,1
2024-01-05,Priya Shah,Mumbai-03,Mumbai,7th,1
2024-01-06,Priya Shah,Mumbai-03,Mumbai,7th,1
2024-01-07,Priya Shah,Mumbai-03,Mumbai,7th,1
2024-01-08,Priya Shah,Mumbai-03,Mumbai,7th,1
2024-01-09,Priya Shah,Mumbai-03,Mumbai,7th,1
2024-01-10,Priya Shah,Mumbai-03,Mumbai,7th,1
2024-01-11,Priya Shah,Mumbai-03,Mumbai,7th,1
2024-01-12,Priya Shah,Mumbai-03,Mumbai,7th,1
2024-01-13,Priya Shah,Mumbai-03,Mumbai,7th,1
2024-01-14,Priya Shah,Mumbai-03,Mumbai,7th,1
2024-01-15,Priya Shah,Mumbai-03,Mumbai,7th,1
2024-01-16,Priya Shah,Mumbai-03,Mumbai,7th,1
2024-01-17,Priya Shah,Mumbai-03,Mumbai,7th,0
2024-01-18,Priya Shah,Mumbai-03,Mumbai,7th,1
2024-01-19,Priya Shah,Mumbai-03,Mumbai,7th,1
2024-01-20,Priya Shah,Mumbai-03,Mumbai,7th,1
2024-01-21,Priya Shah,Mumbai-03,Mumbai,7th,1
2024-01-22,Priya Shah,Mumbai-03,Mumbai,7th,1
2024-01-23,Priya Shah,Mumbai-03,Mumbai,7th,1
2024-01-24,Priya Shah,Mumbai-03,Mumbai,7th,1
2024-01-25,Priya Shah,Mumbai-03,Mumbai,7th,1
2024-01-26,Priya Shah,Mumbai-03,Mumbai,7th,0
2024-01-27,Priya Shah,Mumbai-03,Mumbai,7th,1
2024-01-28,Priya Shah,Mumbai-03,Mumbai,7th,1
2024-01-29,Priya Shah,Mumbai-03,Mumbai,7th,1
2024-01-30,Priya Shah,Mumbai-03,Mumbai,7th,1
2024-01-31,Priya Shah,Mumbai-03,Mumbai,7th,1
2024-02-01,Priya Shah,Mumbai-03,Mumbai,7th,1
2024-02-02,Priya Shah,Mumbai-03,Mumbai,7th,1
2024-02-03,Priya Shah,Mumbai-03,Mumbai,7th,1
2024-02-04,Priya Shah,Mumbai-03,Mumbai,7th,0
2024-02-05,Priya Shah,Mumbai-03,Mumbai,7th,1
2024-02-06,Priya Shah,Mumbai-03,Mumbai,7th,1
2024-02-07,Priya Shah,Mumbai-03,Mumbai,7th,1
2024-02-08,Priya Shah,Mumbai-03,Mumbai,7th,1
2024-02-09,Priya Shah,Mumbai-03,Mumbai,7th,1
2024-02-10,Priya Shah,Mumbai-03,Mumbai,7th,1
2024-02-11,Priya Shah,Mumbai-03,Mumbai,7th,1
2024-02-12,Priya Shah,Mumbai-03,Mumbai,7th,0
2024-02-13,Priya Shah,Mumbai-03,Mumbai,7th,1
2024-02-14,Priya Shah,Mumbai-03,Mumbai,7th,1
2024-02-15,Priya Shah,Mumbai-03,Mumbai,7th,1
2024-02-16,Priya Shah,Mumbai-03,Mumbai,7th,1
2024-02-17,Priya Shah,Mumbai-03,Mumbai,7th,1
2024-02-18,Priya Shah,Mumbai-03,Mumbai,7th,1
2024-02-19,Priya Shah,Mumbai-03,Mumbai,7th,1
2024-02-20,Priya Shah,Mumbai-03,Mumbai,7th,1
2024-02-21,Priya Shah,Mumbai-03,Mumbai,7th,1
2024-02-22,Priya Shah,Mumbai-03,Mumbai,7th,1
2024-02-23,Priya Shah,Mumbai-03,Mumbai,7th,1
2024-02-24,Priya Shah,Mumbai-03,Mumbai,7th,1
2024-02-25,Priya Shah,Mumbai-03,Mumbai,7th,0
2024-02-26,Priya Shah,Mumbai-03,Mumbai,7th,1
2024-02-27,Priya Shah,Mumbai-03,Mumbai,7th,1
2024-02-28,Priya Shah,Mumbai-03,Mumbai,7th,1
2024-02-29,Priya Shah,Mumbai-03,Mumbai,7th,1
2024-03-01,Priya Shah,Mumbai-03,Mumbai,7th,1
2024-03-02,Priya Shah,Mumbai-03,Mumbai,7th,1
2024-03-03,Priya Shah,Mumbai-03,Mumbai,7th,1
2024-03-04,Priya Shah,Mumbai-03,Mumbai,7th,1
2024-03-05,Priya Shah,Mumbai-03,Mumbai,7th,0
2024-03-06,Priya Shah,Mumbai-03,Mumbai,7th,1
2024-03-07,Priya Shah,Mumbai-03,Mumbai,7th,0
2024-03-08,Priya Shah,Mumbai-03,Mumbai,7th,1
2024-03-09,Priya Shah,Mumbai-03,Mumbai,7th,1
2024-03-10,Priya Shah,Mumbai-03,Mumbai,7th,0
2024-03-11,Priya Shah,Mumbai-03,Mumbai,7th,1
2024-03-12,Priya Shah,Mumbai-03,Mumbai,7th,1
2024-03-13,Priya Shah,Mumbai-03,Mumbai,7th,1
2024-03-14,Priya Shah,Mumbai-03,Mumbai,7th,0
2024-03-15,Priya Shah,Mumbai-03,Mumbai,7th,1
2024-03-16,Priya Shah,Mumbai-03,Mumbai,7th,1
2024-03-17,Priya Shah,Mumbai-03,Mumbai,7th,1
2024-03-18,Priya Shah,Mumbai-03,Mumbai,7th,1
2024-03-19,Priya Shah,Mumbai-03,Mumbai,7th,1
2024-03-20,Priya Shah,Mumbai-03,Mumbai,7th,1
2024-03-21,Priya Shah,Mumbai-03,Mumbai,7th,1
2024-03-22,Priya Shah,Mumbai-03,Mumbai,7th,1
2024-03-23,Priya Shah,Mumbai-03,Mumbai,7th,1
2024-03-24,Priya Shah,Mumbai-03,Mumbai,7th,1
2024-03-25,Priya Shah,Mumbai-03,Mumbai,7th,1
2024-03-26,Priya Shah,Mumbai-03,Mumbai,7th,1
2024-03-27,Priya Shah,Mumbai-03,Mumbai,7th,1
2024-03-28,Priya Shah,Mumbai-03,Mumbai,7th,1
2024-03-29,Priya Shah,Mumbai-03,Mumbai,7th,1
2024-03-30,Priya Shah,Mumbai-03,Mumbai,7th,0
2024-03-31,Priya Shah,Mumbai-03,Mumbai,7th,1
2024-04-01,Priya Shah,Mumbai-03,Mumbai,7th,1
2024-04-02,Priya Shah,Mumbai-03,Mumbai,7th,1
2024-04-03,Priya Shah,Mumbai-03,Mumbai,7th,1
2024-04-04,Priya Shah,Mumbai-03,Mumbai,7th,1
2024-04-05,Priya Shah,Mumbai-03,Mumbai,7th,1
2024-04-06,Priya Shah,Mumbai-03,Mumbai,7th,1
2024-04-07,Priya Shah,Mumbai-03,Mumbai,7th,1
2024-04-08,Priya Shah,Mumbai-03,Mumbai,7th,1
2024-04-09,Priya Shah,Mumbai-03,Mumbai,7th,1
2024-04-10,Priya Shah,Mumbai-03,Mumbai,7th,1
2024-04-11,Priya Shah,Mumbai-03,Mumbai,7th,1
2024-04-12,Priya Shah,Mumbai-03,Mumbai,7th,1
2024-04-13,Priya Shah,Mumbai-03,Mumbai,7th,1
2024-04-14,Priya Shah,Mumbai-03,Mumbai,7th,0
2024-04-15,Priya Shah,Mumbai-03,Mumbai,7th,1
2024-04-16,Priya Shah,Mumbai-03,Mumbai,7th,1
2024-04-17,Priya Shah,Mumbai-03,Mumbai,7th,1
2024-04-18,Priya Shah,Mumbai-03,Mumbai,7th,1
2024-04-19,Priya Shah,Mumbai-03,Mumbai,7th,1
2024-04-20,Priya Shah,Mumbai-03,Mumbai,7th,1
2024-04-21,Priya Shah,Mumbai-03,Mumbai,7th,1
2024-04-22,Priya Shah,Mumbai-03,Mumbai,7th,1
2024-04-23,Priya Shah,Mumbai-03,Mumbai,7th,1
2024-04-24,Priya Shah,Mumbai-03,Mumbai,7th,0
2024-04-25,Priya Shah,Mumbai-03,Mumbai,7th,1
2024-04-26,Priya Shah,Mumbai-03,Mumbai,7th,1
2024-04-27,Priya Shah,Mumbai-03,Mumbai,7th,1
2024-04-28,Priya Shah,Mumbai-03,Mumbai,7th,1
2024-04-29,Priya Shah,Mumbai-03,Mumbai,7th,1
2024-04-30,Priya Shah,Mumbai-03,Mumbai,7th,1
2024-05-01,Priya Shah,Mumbai-03,Mumbai,7th,1
2024-05-02,Priya Shah,Mumbai-03,Mumbai,7th,1
2024-05-03,Priya Shah,Mumbai-03,Mumbai,7th,1
2024-05-04,Priya Shah,Mumbai-03,Mumbai,7th,1
2024-05-05,Priya Shah,Mumbai-03,Mumbai,7th,1
2024-05-06,Priya Shah,Mumbai-03,Mumbai,7th,1
2024-05-07,Priya Shah,Mumbai-03,Mumbai,7th,0
2024-05-08,Priya Shah,Mumbai-03,Mumbai,7th,1
2024-05-09,Priya Shah,Mumbai-03,Mumbai,7th,1
2024-05-10,Priya Shah,Mumbai-03,Mumbai,7th,1
2024-05-11,Priya Shah,Mumbai-03,Mumbai,7th,1
2024-05-12,Priya Shah,Mumbai-03,Mumbai,7th,1
2024-05-13,Priya Shah,Mumbai-03,Mumbai,7th,1
2024-05-14,Priya Shah,Mumbai-03,Mumbai,7th,1
2024-05-15,Priya Shah,Mumbai-03,Mumbai,7th,1
2024-05-16,Priya Shah,Mumbai-03,Mumbai,7th,1
2024-05-17,Priya Shah,Mumbai-03,Mumbai,7th,1
2024-05-18,Priya Shah,Mumbai-03,Mumbai,7th,1
2024-05-19,Priya Shah,Mumbai-03,Mumbai,7th,1
2024-05-20,Priya Shah,Mumbai-03,Mumbai,7th,1
2024-05-21,Priya Shah,Mumbai-03,Mumbai,7th,1
2024-05-22,Priya Shah,Mumbai-03,Mumbai,7th,0
2024-05-23,Priya Shah,Mumbai-03,Mumbai,7th,1
2024-05-24,Priya Shah,Mumbai-03,Mumbai,7th,1
2024-05-25,Priya Shah,Mumbai-03,Mumbai,7th,1
2024-05-26,Priya Shah,Mumbai-03,Mumbai,7th,1
2024-05-27,Priya Shah,Mumbai-03,Mumbai,7th,0
2024-05-28,Priya Shah,Mumbai-03,Mumbai,7th,1
2024-05-29,Priya Shah,Mumbai-03,Mumbai,7th,1
2024-05-30,Priya Shah,Mumbai-03,Mumbai,7th,1
2024-05-31,Priya Shah,Mumbai-03,Mumbai,7th,1
2024-06-01,Priya Shah,Mumbai-03,Mumbai,7th,1
2024-06-02,Priya Shah,Mumbai-03,Mumbai,7th,1
2024-06-03,Priya Shah,Mumbai-03,Mumbai,7th,0
2024-06-04,Priya Shah,Mumbai-03,Mumbai,7th,1
2024-06-05,Priya Shah,Mumbai-03,Mumbai,7th,1
2024-06-06,Priya Shah,Mumbai-03,Mumbai,7th,1
2024-06-07,Priya Shah,Mumbai-03,Mumbai,7th,1
2024-06-08,Priya Shah,Mumbai-03,Mumbai,7th,1
2024-06-09,Priya Shah,Mumbai-03,Mumbai,7th,0
2024-06-10,Priya Shah,Mumbai-03,Mumbai,7th,0
2024-06-11,Priya Shah,Mumbai-03,Mumbai,7th,1
2024-06-12,Priya Shah,Mumbai-03,Mumbai,7th,1
2024-06-13,Priya Shah,Mumbai-03,Mumbai,7th,1
2024-06-14,Priya Shah,Mumbai-03,Mumbai,7th,1
2024-06-15,Priya Shah,Mumbai-03,Mumbai,7th,1
2024-06-16,Priya Shah,Mumbai-03,Mumbai,7th,1
2024-06-17,Priya Shah,Mumbai-03,Mumbai,7th,1
2024-06-18,Priya Shah,Mumbai-03,Mumbai,7th,1
2024-06-19,Priya Shah,Mumbai-03,Mumbai,7th,1
2024-06-20,Priya Shah,Mumbai-03,Mumbai,7th,1
2024-06-21,Priya Shah,Mumbai-03,Mumbai,7th,1
2024-06-22,Priya Shah,Mumbai-03,Mumbai,7th,1
2024-06-23,Priya Shah,Mumbai-03,Mumbai,7th,0
2024-06-24,Priya Shah,Mumbai-03,Mumbai,7th,0
2024-06-25,Priya Shah,Mumbai-03,Mumbai,7th,1
2024-06-26,Priya Shah,Mumbai-03,Mumbai,7th,1
2024-06-27,Priya Shah,Mumbai-03,Mumbai,7th,1
2024-06-28,Priya Shah,Mumbai-03,Mumbai,7th,1
2024-06-29,Priya Shah,Mumbai-03,Mumbai,7th,1
2024-06-30,Priya Shah,Mumbai-03,Mumbai,7th,1
2024-07-01,Priya Shah,Mumbai-03,Mumbai,7th,1
2024-07-02,Priya Shah,Mumbai-03,Mumbai,7th,1
2024-07-03,Priya Shah,Mumbai-03,Mumbai,7th,1
2024-07-04,Priya Shah,Mumbai-03,Mumbai,7th,1
2024-07-05,Priya Shah,Mumbai-03,Mumbai,7th,1
2024-07-06,Priya Shah,Mumbai-03,Mumbai,7th,1
2024-07-07,Priya Shah,Mumbai-03,Mumbai,7th,1
2024-07-08,Priya Shah,Mumbai-03,Mumbai,7th,0
2024-07-09,Priya Shah,Mumbai-03,Mumbai,7th,1
2024-07-10,Priya Shah,Mumbai-03,Mumbai,7th,1
2024-07-11,Priya Shah,Mumbai-03,Mumbai,7th,1
2024-07-12,Priya Shah,Mumbai-03,Mumbai,7th,1
2024-07-13,Priya Shah,Mumbai-03,Mumbai,7th,1
2024-07-14,Priya Shah,Mumbai-03,Mumbai,7th,1
2024-07-15,Priya Shah,Mumbai-03,Mumbai,7th,1
2024-07-16,Priya Shah,Mumbai-03,Mumbai,7th,1
2024-07-17,Priya Shah,Mumbai-03,Mumbai,7th,1
2024-07-18,Priya Shah,Mumbai-03,Mumbai,7th,1
2024-07-19,Priya Shah,Mumbai-03,Mumbai,7th,1
2024-07-20,Priya Shah,Mumbai-03,Mumbai,7th,0
2024-07-21,Priya Shah,Mumbai-03,Mumbai,7th,0
2024-07-22,Priya Shah,Mumbai-03,Mumbai,7th,1
2024-07-23,Priya Shah,Mumbai-03,Mumbai,7th,1
2024-07-24,Priya Shah,Mumbai-03,Mumbai,7th,1
2024-07-25,Priya Shah,Mumbai-03,Mumbai,7th,1
2024-07-26,Priya Shah,Mumbai-03,Mumbai,7th,1
2024-07-27,Priya Shah,Mumbai-03,Mumbai,7th,1
2024-07-28,Priya Shah,Mumbai-03,Mumbai,7th,1
2024-07-29,Priya Shah,Mumbai-03,Mumbai,7th,0
2024-07-30,Priya Shah,Mumbai-03,Mumbai,7th,1
2024-07-31,Priya Shah,Mumbai-03,Mumbai,7th,1
2024-08-01,Priya Shah,Mumbai-03,Mumbai,7th,1
2024-08-02,Priya Shah,Mumbai-03,Mumbai,7th,1
2024-08-03,Priya Shah,Mumbai-03,Mumbai,7th,1
2024-08-04,Priya Shah,Mumbai-03,Mumbai,7th,1
2024-08-05,Priya Shah,Mumbai-03,Mumbai,7th,1
2024-08-06,Priya Shah,Mumbai-03,Mumbai,7th,1
2024-08-07,Priya Shah,Mumbai-03,Mumbai,7th,1
2024-08-08,Priya Shah,Mumbai-03,Mumbai,7th,1
2024-08-09,Priya Shah,Mumbai-03,Mumbai,7th,1
2024-08-10,Priya Shah,Mumbai-03,Mumbai,7th,1
2024-08-11,Priya Shah,Mumbai-03,Mumbai,7th,1
2024-08-12,Priya Shah,Mumbai-03,Mumbai,7th,0
2024-08-13,Priya Shah,Mumbai-03,Mumbai,7th,1
2024-08-14,Priya Shah,Mumbai-03,Mumbai,7th,0
2024-08-15,Priya Shah,Mumbai-03,Mumbai,7th,1
2024-08-16,Priya Shah,Mumbai-03,Mumbai,7th,1
2024-08-17,Priya Shah,Mumbai-03,Mumbai,7th,1
2024-08-18,Priya Shah,Mumbai-03,Mumbai,7th,1
2024-08-19,Priya Shah,Mumbai-03,Mumbai,7th,1
2024-08-20,Priya Shah,Mumbai-03,Mumbai,7th,1
2024-08-21,Priya Shah,Mumbai-03,Mumbai,7th,0
2024-08-22,Priya Shah,Mumbai-03,Mumbai,7th,1
2024-08-23,Priya Shah,Mumbai-03,Mumbai,7th,1
2024-08-24,Priya Shah,Mumbai-03,Mumbai,7th,1
2024-08-25,Priya Shah,Mumbai-03,Mumbai,7th,1
2024-08-26,Priya Shah,Mumbai-03,Mumbai,7th,1
2024-08-27,Priya Shah,Mumbai-03,Mumbai,7th,1
2024-08-28,Priya Shah,Mumbai-03,Mumbai,7th,0
2024-08-29,Priya Shah,Mumbai-03,Mumbai,7th,1
2024-08-30,Priya Shah,Mumbai-03,Mumbai,7th,1
2024-08-31,Priya Shah,Mumbai-03,Mumbai,7th,1
2024-09-01,Priya Shah,Mumbai-03,Mumbai,7th,0
2024-09-02,Priya Shah,Mumbai-03,Mumbai,7th,1
2024-09-03,Priya Shah,Mumbai-03,Mumbai,7th,1
2024-09-04,Priya Shah,Mumbai-03,Mumbai,7th,1
2024-09-05,Priya Shah,Mumbai-03,Mumbai,7th,1
2024-09-06,Priya Shah,Mumbai-03,Mumbai,7th,1
2024-09-07,Priya Shah,Mumbai-03,Mumbai,7th,1
2024-09-08,Priya Shah,Mumbai-03,Mumbai,7th,0
2024-09-09,Priya Shah,Mumbai-03,Mumbai,7th,1
2024-09-10,Priya Shah,Mumbai-03,Mumbai,7th,0
2024-09-11,Priya Shah,Mumbai-03,Mumbai,7th,1
2024-09-12,Priya Shah,Mumbai-03,Mumbai,7th,1
2024-09-13,Priya Shah,Mumbai-03,Mumbai,7th,1
2024-09-14,Priya Shah,Mumbai-03,Mumbai,7th,1
2024-09-15,Priya Shah,Mumbai-03,Mumbai,7th,1
2024-09-16,Priya Shah,Mumbai-03,Mumbai,7th,1
2024-09-17,Priya Shah,Mumbai-03,Mumbai,7th,1
2024-09-18,Priya Shah,Mumbai-03,Mumbai,7th,1
2024-09-19,Priya Shah,Mumbai-03,Mumbai,7th,1
2024-09-20,Priya Shah,Mumbai-03,Mumbai,7th,0
2024-09-21,Priya Shah,Mumbai-03,Mumbai,7th,1
2024-09-22,Priya Shah,Mumbai-03,Mumbai,7th,1
2024-09-23,Priya Shah,Mumbai-03,Mumbai,7th,1
2024-09-24,Priya Shah,Mumbai-03,Mumbai,7th,1
2024-09-25,Priya Shah,Mumbai-03,Mumbai,7th,1
2024-09-26,Priya Shah,Mumbai-03,Mumbai,7th,1
2024-09-27,Priya Shah,Mumbai-03,Mumbai,7th,1
2024-09-28,Priya Shah,Mumbai-03,Mumbai,7th,1
2024-09-29,Priya Shah,Mumbai-03,Mumbai,7th,1
2024-09-30,Priya Shah,Mumbai-03,Mumbai,7th,1
2024-10-01,Priya Shah,Mumbai-03,Mumbai,7th,1
2024-10-02,Priya Shah,Mumbai-03,Mumbai,7th,1
2024-10-03,Priya Shah,Mumbai-03,Mumbai,7th,1
2024-10-04,Priya Shah,Mumbai-03,Mumbai,7th,1
2024-10-05,Priya Shah,Mumbai-03,Mumbai,7th,1
2024-10-06,Priya Shah,Mumbai-03,Mumbai,7th,1
2024-10-07,Priya Shah,Mumbai-03,Mumbai,7th,1
2024-10-08,Priya Shah,Mumbai-03,Mumbai,7th,1
2024-10-09,Priya Shah,Mumbai-03,Mumbai,7th,1
2024-10-10,Priya Shah,Mumbai-03,Mumbai,7th,1
2024-10-11,Priya Shah,Mumbai-03,Mumbai,7th,1
2024-10-12,Priya Shah,Mumbai-03,Mumbai,7th,1
2024-10-13,Priya Shah,Mumbai-03,Mumbai,7th,1
2024-10-14,Priya Shah,Mumbai-03,Mumbai,7th,1
2024-10-15,Priya Shah,Mumbai-03,Mumbai,7th,1
2024-10-16,Priya Shah,Mumbai-03,Mumbai,7th,1
2024-10-17,Priya Shah,Mumbai-03,Mumbai,7th,1
2024-10-18,Priya Shah,Mumbai-03,Mumbai,7th,1
2024-10-19,Priya Shah,Mumbai-03,Mumbai,7th,0
2024-10-20,Priya Shah,Mumbai-03,Mumbai,7th,0
2024-10-21,Priya Shah,Mumbai-03,Mumbai,7th,1
2024-10-22,Priya Shah,Mumbai-03,Mumbai,7th,1
2024-10-23,Priya Shah,Mumbai-03,Mumbai,7th,1
2024-10-24,Priya Shah,Mumbai-03,Mumbai,7th,1
2024-10-25,Priya Shah,Mumbai-03,Mumbai,7th,1
2024-10-26,Priya Shah,Mumbai-03,Mumbai,7th,1
2024-10-27,Priya Shah,Mumbai-03,Mumbai,7th,1
2024-10-28,Priya Shah,Mumbai-03,Mumbai,7th,1
2024-10-29,Priya Shah,Mumbai-03,Mumbai,7th,0
2024-10-30,Priya Shah,Mumbai-03,Mumbai,7th,1
2024-10-31,Priya Shah,Mumbai-03,Mumbai,7th,1
2024-11-01,Priya Shah,Mumbai-03,Mumbai,7th,1
2024-11-02,Priya Shah,Mumbai-03,Mumbai,7th,1
2024-11-03,Priya Shah,Mumbai-03,Mumbai,7th,1
2024-11-04,Priya Shah,Mumbai-03,Mumbai,7th,0
2024-11-05,Priya Shah,Mumbai-03,Mumbai,7th,0
2024-11-06,Priya Shah,Mumbai-03,Mumbai,7th,1
2024-11-07,Priya Shah,Mumbai-03,Mumbai,7th,1
2024-11-08,Priya Shah,Mumbai-03,Mumbai,7th,1
2024-11-09,Priya Shah,Mumbai-03,Mumbai,7th,1
2024-11-10,Priya Shah,Mumbai-03,Mumbai,7th,1
2024-11-11,Priya Shah,Mumbai-03,Mumbai,7th,0
2024-11-12,Priya Shah,Mumbai-03,Mumbai,7th,1
2024-11-13,Priya Shah,Mumbai-03,Mumbai,7th,1
2024-11-14,Priya Shah,Mumbai-03,Mumbai,7th,1
2024-11-15,Priya Shah,Mumbai-03,Mumbai,7th,1
2024-11-16,Priya Shah,Mumbai-03,Mumbai,7th,1
2024-11-17,Priya Shah,Mumbai-03,Mumbai,7th,1
2024-11-18,Priya Shah,Mumbai-03,Mumbai,7th,1
2024-11-19,Priya Shah,Mumbai-03,Mumbai,7th,1
2024-11-20,Priya Shah,Mumbai-03,Mumbai,7th,1
2024-11-21,Priya Shah,Mumbai-03,Mumbai,7th,1
2024-11-22,Priya Shah,Mumbai-03,Mumbai,7th,1
2024-11-23,Priya Shah,Mumbai-03,Mumbai,7th,1
2024-11-24,Priya Shah,Mumbai-03,Mumbai,7th,1
2024-11-25,Priya Shah,Mumbai-03,Mumbai,7th,1
2024-11-26,Priya Shah,Mumbai-03,Mumbai,7th,0
2024-11-27,Priya Shah,Mumbai-03,Mumbai,7th,1
2024-11-28,Priya Shah,Mumbai-03,Mumbai,7th,1
2024-11-29,Priya Shah,Mumbai-03,Mumbai,7th,1
2024-11-30,Priya Shah,Mumbai-03,Mumbai,7th,1
2024-12-01,Priya Shah,Mumbai-03,Mumbai,7th,1
2024-12-02,Priya Shah,Mumbai-03,Mumbai,7th,1
2024-12-03,Priya Shah,Mumbai-03,Mumbai,7th,1
2024-12-04,Priya Shah,Mumbai-03,Mumbai,7th,1
2024-12-05,Priya Shah,Mumbai-03,Mumbai,7th,1
2024-12-06,Priya Shah,Mumbai-03,Mumbai,7th,1
2024-12-07,Priya Shah,Mumbai-03,Mumbai,7th,1
2024-12-08,Priya Shah,Mumbai-03,Mumbai,7th,1
2024-12-09,Priya Shah,Mumbai-03,Mumbai,7th,1
2024-12-10,Priya Shah,Mumbai-03,Mumbai,7th,1
2024-12-11,Priya Shah,Mumbai-03,Mumbai,7th,1
2024-12-12,Priya Shah,Mumbai-03,Mumbai,7th,1
2024-12-13,Priya Shah,Mumbai-03,Mumbai,7th,1
2024-12-14,Priya Shah,Mumbai-03,Mumbai,7th,1
2024-12-15,Priya Shah,Mumbai-03,Mumbai,7th,1
2024-12-16,Priya Shah,Mumbai-03,Mumbai,7th,1
2024-12-17,Priya Shah,Mumbai-03,Mumbai,7th,1
2024-12-18,Priya Shah,Mumbai-03,Mumbai,7th,1
2024-12-19,Priya Shah,Mumbai-03,Mumbai,7th,1
2024-12-20,Priya Shah,Mumbai-03,Mumbai,7th,1
2024-12-21,Priya Shah,Mumbai-03,Mumbai,7th,1
2024-12-22,Priya Shah,Mumbai-03,Mumbai,7th,1
2024-12-23,Priya Shah,Mumbai-03,Mumbai,7th,1
2024-12-24,Priya Shah,Mumbai-03,Mumbai,7th,1
2024-12-25,Priya Shah,Mumbai-03,Mumbai,7th,1
2024-12-26,Priya Shah,Mumbai-03,Mumbai,7th,1
2024-12-27,Priya Shah,Mumbai-03,Mumbai,7th,1
2024-12-28,Priya Shah,Mumbai-03,Mumbai,7th,1
2024-12-29,Priya Shah,Mumbai-03,Mumbai,7th,1
2024-12-30,Priya Shah,Mumbai-03,Mumbai,7th,0
2024-12-31,Priya Shah,Mumbai-03,Mumbai,7th,1
2024-01-01,Amit Patel,Pune-12,Pune,5th,1
2024-01-02,Amit Patel,Pune-12,Pune,5th,1
2024-01-03,Amit Patel,Pune-12,Pune,5th,1
2024-01-04,Amit Patel,Pune-12,Pune,5th,1
2024-01-05,Amit Patel,Pune-12,Pune,5th,1
2024-01-06,Amit Patel,Pune-12,Pune,5th,1
2024-01-07,Amit Patel,Pune-12,Pune,5th,1
2024-01-08,Amit Patel,Pune-12,Pune,5th,1
2024-01-09,Amit Patel,Pune-12,Pune,5th,1
2024-01-10,Amit Patel,Pune-12,Pune,5th,1
2024-01-11,Amit Patel,Pune-12,Pune,5th,1
2024-01-12,Amit Patel,Pune-12,Pune,5th,0
2024-01-13,Amit Patel,Pune-12,Pune,5th,1
2024-01-14,Amit Patel,Pune-12,Pune,5th,1
2024-01-15,Amit Patel,Pune-12,Pune,5th,1
2024-01-16,Amit Patel,Pune-12,Pune,5th,1
2024-01-17,Amit Patel,Pune-12,Pune,5th,1
2024-01-18,Amit Patel,Pune-12,Pune,5th,1
2024-01-19,Amit Patel,Pune-12,Pune,5th,1
2024-01-20,Amit Patel,Pune-12,Pune,5th,0
2024-01-21,Amit Patel,Pune-12,Pune,5th,1
2024-01-22,Amit Patel,Pune-12,Pune,5th,0
2024-01-23,Amit Patel,Pune-12,Pune,5th,1
2024-01-24,Amit Patel,Pune-12,Pune,5th,1
2024-01-25,Amit Patel,Pune-12,Pune,5th,0
2024-01-26,Amit Patel,Pune-12,Pune,5th,1
2024-01-27,Amit Patel,Pune-12,Pune,5th,1
2024-01-28,Amit Patel,Pune-12,Pune,5th,1
2024-01-29,Amit Patel,Pune-12,Pune,5th,1
2024-01-30,Amit Patel,Pune-12,Pune,5th,1
2024-01-31,Amit Patel,Pune-12,Pune,5th,1
2024-02-01,Amit Patel,Pune-12,Pune,5th,1
2024-02-02,Amit Patel,Pune-12,Pune,5th,1
2024-02-03,Amit Patel,Pune-12,Pune,5th,1
2024-02-04,Amit Patel,Pune-12,Pune,5th,1
2024-02-05,Amit Patel,Pune-12,Pune,5th,1
2024-02-06,Amit Patel,Pune-12,Pune,5th,1
2024-02-07,Amit Patel,Pune-12,Pune,5th,0
2024-02-08,Amit Patel,Pune-12,Pune,5th,1
2024-02-09,Amit Patel,Pune-12,Pune,5th,1
2024-02-10,Amit Patel,Pune-12,Pune,5th,1
2024-02-11,Amit Patel,Pune-12,Pune,5th,1
2024-02-12,Amit Patel,Pune-12,Pune,5th,1
2024-02-13,Amit Patel,Pune-12,Pune,5th,1
2024-02-14,Amit Patel,Pune-12,Pune,5th,0
2024-02-15,Amit Patel,Pune-12,Pune,5th,1
2024-02-16,Amit Patel,Pune-12,Pune,5th,1
2024-02-17,Amit Patel,Pune-12,Pune,5th,1
2024-02-18,Amit Patel,Pune-12,Pune,5th,0
2024-02-19,Amit Patel,Pune-12,Pune,5th,1
2024-02-20,Amit Patel,Pune-12,Pune,5th,1
2024-02-21,Amit Patel,Pune-12,Pune,5th,1
2024-02-22,Amit Patel,Pune-12,Pune,5th,0
2024-02-23,Amit Patel,Pune-12,Pune,5th,0
2024-02-24,Amit Patel,Pune-12,Pune,5th,1
2024-02-25,Amit Patel,Pune-12,Pune,5th,1
2024-02-26,Amit Patel,Pune-12,Pune,5th,1
2024-02-27,Amit Patel,Pune-12,Pune,5th,1
2024-02-28,Amit Patel,Pune-12,Pune,5th,1
2024-02-29,Amit Patel,Pune-12,Pune,5th,1
2024-03-01,Amit Patel,Pune-12,Pune,5th,1
2024-03-02,Amit Patel,Pune-12,Pune,5th,1
2024-03-03,Amit Patel,Pune-12,Pune,5th,1
2024-03-04,Amit Patel,Pune-12,Pune,5th,1
2024-03-05,Amit Patel,Pune-12,Pune,5th,1
2024-03-06,Amit Patel,Pune-12,Pune,5th,1
2024-03-07,Amit Patel,Pune-12,Pune,5th,1
2024-03-08,Amit Patel,Pune-12,Pune,5th,0
2024-03-09,Amit Patel,Pune-12,Pune,5th,1
2024-03-10,Amit Patel,Pune-12,Pune,5th,0
2024-03-11,Amit Patel,Pune-12,Pune,5th,1
2024-03-12,Amit Patel,Pune-12,Pune,5th,1
2024-03-13,Amit Patel,Pune-12,Pune,5th,1
2024-03-14,Amit Patel,Pune-12,Pune,5th,1
2024-03-15,Amit Patel,Pune-12,Pune,5th,0
2024-03-16,Amit Patel,Pune-12,Pune,5th,1
2024-03-17,Amit Patel,Pune-12,Pune,5th,1
2024-03-18,Amit Patel,Pune-12,Pune,5th,1
2024-03-19,Amit Patel,Pune-12,Pune,5th,1
2024-03-20,Amit Patel,Pune-12,Pune,5th,1
2024-03-21,Amit Patel,Pune-12,Pune,5th,1
2024-03-22,Amit Patel,Pune-12,Pune,5th,1
2024-03-23,Amit Patel,Pune-12,Pune,5th,1
2024-03-24,Amit Patel,Pune-12,Pune,5th,0
2024-03-25,Amit Patel,Pune-12,Pune,5th,1
2024-03-26,Amit Patel,Pune-12,Pune,5th,1
2024-03-27,Amit Patel,Pune-12,Pune,5th,1
2024-03-28,Amit Patel,Pune-12,Pune,5th,1
2024-03-29,Amit Patel,Pune-12,Pune,5th,1
2024-03-30,Amit Patel,Pune-12,Pune,5th,1
2024-03-31,Amit Patel,Pune-12,Pune,5th,1
2024-04-01,Amit Patel,Pune-12,Pune,5th,0
2024-04-02,Amit Patel,Pune-12,Pune,5th,1
2024-04-03,Amit Patel,Pune-12,Pune,5th,1
2024-04-04,Amit Patel,Pune-12,Pune,5th,1
2024-04-05,Amit Patel,Pune-12,Pune,5th,1
2024-04-06,Amit Patel,Pune-12,Pune,5th,1
2024-04-07,Amit Patel,Pune-12,Pune,5th,1
2024-04-08,Amit Patel,Pune-12,Pune,5th,1
2024-04-09,Amit Patel,Pune-12,Pune,5th,1
2024-04-10,Amit Patel,Pune-12,Pune,5th,1
2024-04-11,Amit Patel,Pune-12,Pune,5th,0
2024-04-12,Amit Patel,Pune-12,Pune,5th,1
2024-04-13,Amit Patel,Pune-12,Pune,5th,1
2024-04-14,Amit Patel,Pune-12,Pune,5th,1
2024-04-15,Amit Patel,Pune-12,Pune,5th,1
2024-04-16,Amit Patel,Pune-12,Pune,5th,1
2024-04-17,Amit Patel,Pune-12,Pune,5th,1
2024-04-18,Amit Patel,Pune-12,Pune,5th,1
2024-04-19,Amit Patel,Pune-12,Pune,5th,1
2024-04-20,Amit Patel,Pune-12,Pune,5th,1
2024-04-21,Amit Patel,Pune-12,Pune,5th,1
2024-04-22,Amit Patel,Pune-12,Pune,5th,1
2024-04-23,Amit Patel,Pune-12,Pune,5th,1
2024-04-24,Amit Patel,Pune-12,Pune,5th,1
2024-04-25,Amit Patel,Pune-12,Pune,5th,1
2024-04-26,Amit Patel,Pune-12,Pune,5th,0
2024-04-27,Amit Patel,Pune-12,Pune,5th,1
2024-04-28,Amit Patel,Pune-12,Pune,5th,1
2024-04-29,Amit Patel,Pune-12,Pune,5th,1
2024-04-30,Amit Patel,Pune-12,Pune,5th,1
2024-05-01,Amit Patel,Pune-12,Pune,5th,0
2024-05-02,Amit Patel,Pune-12,Pune,5th,1
2024-05-03,Amit Patel,Pune-12,Pune,5th,1
2024-05-04,Amit Patel,Pune-12,Pune,5th,1
2024-05-05,Amit Patel,Pune-12,Pune,5th,0
2024-05-06,Amit Patel,Pune-12,Pune,5th,1
2024-05-07,Amit Patel,Pune-12,Pune,5th,1
2024-05-08,Amit Patel,Pune-12,Pune,5th,0
2024-05-09,Amit Patel,Pune-12,Pune,5th,0
2024-05-10,Amit Patel,Pune-12,Pune,5th,0
2024-05-11,Amit Patel,Pune-12,Pune,5th,1
2024-05-12,Amit Patel,Pune-12,Pune,5th,1
2024-05-13,Amit Patel,Pune-12,Pune,5th,1
2024-05-14,Amit Patel,Pune-12,Pune,5th,0
2024-05-15,Amit Patel,Pune-12,Pune,5th,1
2024-05-16,Amit Patel,Pune-12,Pune,5th,0
2024-05-17,Amit Patel,Pune-12,Pune,5th,1
2024-05-18,Amit Patel,Pune-12,Pune,5th,1
2024-05-19,Amit Patel,Pune-12,Pune,5th,1
2024-05-20,Amit Patel,Pune-12,Pune,5th,1
2024-05-21,Amit Patel,Pune-12,Pune,5th,1
2024-05-22,Amit Patel,Pune-12,Pune,5th,1
2024-05-23,Amit Patel,Pune-12,Pune,5th,1
2024-05-24,Amit Patel,Pune-12,Pune,5th,1
2024-05-25,Amit Patel,Pune-12,Pune,5th,1
2024-05-26,Amit Patel,Pune-12,Pune,5th,1
2024-05-27,Amit Patel,Pune-12,Pune,5th,1
2024-05-28,Amit Patel,Pune-12,Pune,5th,1
2024-05-29,Amit Patel,Pune-12,Pune,5th,1
2024-05-30,Amit Patel,Pune-12,Pune,5th,0
2024-05-31,Amit Patel,Pune-12,Pune,5th,1
2024-06-01,Amit Patel,Pune-12,Pune,5th,1
2024-06-02,Amit Patel,Pune-12,Pune,5th,1
2024-06-03,Amit Patel,Pune-12,Pune,5th,1
2024-06-04,Amit Patel,Pune-12,Pune,5th,1
2024-06-05,Amit Patel,Pune-12,Pune,5th,1
2024-06-06,Amit Patel,Pune-12,Pune,5th,1
2024-06-07,Amit Patel,Pune-12,Pune,5th,1
2024-06-08,Amit Patel,Pune-12,Pune,5th,1
2024-06-09,Amit Patel,Pune-12,Pune,5th,0
2024-06-10,Amit Patel,Pune-12,Pune,5th,1
2024-06-11,Amit Patel,Pune-12,Pune,5th,1
2024-06-12,Amit Patel,Pune-12,Pune,5th,1
2024-06-13,Amit Patel,Pune-12,Pune,5th,1
2024-06-14,Amit Patel,Pune-12,Pune,5th,1
2024-06-15,Amit Patel,Pune-12,Pune,5th,1
2024-06-16,Amit Patel,Pune-12,Pune,5th,0
2024-06-17,Amit Patel,Pune-12,Pune,5th,1
2024-06-18,Amit Patel,Pune-12,Pune,5th,1
2024-06-19,Amit Patel,Pune-12,Pune,5th,1
2024-06-20,Amit Patel,Pune-12,Pune,5th,1
2024-06-21,Amit Patel,Pune-12,Pune,5th,1
2024-06-22,Amit Patel,Pune-12,Pune,5th,1
2024-06-23,Amit Patel,Pune-12,Pune,5th,1
2024-06-24,Amit Patel,Pune-12,Pune,5th,1
2024-06-25,Amit Patel,Pune-12,Pune,5th,1
2024-06-26,Amit Patel,Pune-12,Pune,5th,1
2024-06-27,Amit Patel,Pune-12,Pune,5th,0
2024-06-28,Amit Patel,Pune-12,Pune,5th,1
2024-06-29,Amit Patel,Pune-12,Pune,5th,1
2024-06-30,Amit Patel,Pune-12,Pune,5th,1
2024-07-01,Amit Patel,Pune-12,Pune,5th,1
2024-07-02,Amit Patel,Pune-12,Pune,5th,1
2024-07-03,Amit Patel,Pune-12,Pune,5th,1
2024-07-04,Amit Patel,Pune-12,Pune,5th,1
2024-07-05,Amit Patel,Pune-12,Pune,5th,1
2024-07-06,Amit Patel,Pune-12,Pune,5th,1
2024-07-07,Amit Patel,Pune-12,Pune,5th,1
2024-07-08,Amit Patel,Pune-12,Pune,5th,1
2024-07-09,Amit Patel,Pune-12,Pune,5th,1
2024-07-10,Amit Patel,Pune-12,Pune,5th,1
2024-07-11,Amit Patel,Pune-12,Pune,5th,0
2024-07-12,Amit Patel,Pune-12,Pune,5th,1
2024-07-13,Amit Patel,Pune-12,Pune,5th,1
2024-07-14,Amit Patel,Pune-12,Pune,5th,1
2024-07-15,Amit Patel,Pune-12,Pune,5th,1
2024-07-16,Amit Patel,Pune-12,Pune,5th,1
2024-07-17,Amit Patel,Pune-12,Pune,5th,1
2024-07-18,Amit Patel,Pune-12,Pune,5th,1
2024-07-19,Amit Patel,Pune-12,Pune,5th,0
2024-07-20,Amit Patel,Pune-12,Pune,5th,1
2024-07-21,Amit Patel,Pune-12,Pune,5th,1
2024-07-22,Amit Patel,Pune-12,Pune,5th,1
2024-07-23,Amit Patel,Pune-12,Pune,5th,1
2024-07-24,Amit Patel,Pune-12,Pune,5th,0
2024-07-25,Amit Patel,Pune-12,Pune,5th,1
2024-07-26,Amit Patel,Pune-12,Pune,5th,1
2024-07-27,Amit Patel,Pune-12,Pune,5th,1
2024-07-28,Amit Patel,Pune-12,Pune,5th,1
2024-07-29,Amit Patel,Pune-12,Pune,5th,1
2024-07-30,Amit Patel,Pune-12,Pune,5th,1
2024-07-31,Amit Patel,Pune-12,Pune,5th,1
2024-08-01,Amit Patel,Pune-12,Pune,5th,1
2024-08-02,Amit Patel,Pune-12,Pune,5th,1
2024-08-03,Amit Patel,Pune-12,Pune,5th,0
2024-08-04,Amit Patel,Pune-12,Pune,5th,1
2024-08-05,Amit Patel,Pune-12,Pune,5th,1
2024-08-06,Amit Patel,Pune-12,Pune,5th,1
2024-08-07,Amit Patel,Pune-12,Pune,5th,1
2024-08-08,Amit Patel,Pune-12,Pune,5th,0
2024-08-09,Amit Patel,Pune-12,Pune,5th,1
2024-08-10,Amit Patel,Pune-12,Pune,5th,0
2024-08-11,Amit Patel,Pune-12,Pune,5th,1
2024-08-12,Amit Patel,Pune-12,Pune,5th,1
2024-08-13,Amit Patel,Pune-12,Pune,5th,1
2024-08-14,Amit Patel,Pune-12,Pune,5th,1
2024-08-15,Amit Patel,Pune-12,Pune,5th,1
2024-08-16,Amit Patel,Pune-12,Pune,5th,1
2024-08-17,Amit Patel,Pune-12,Pune,5th,1
2024-08-18,Amit Patel,Pune-12,Pune,5th,1
2024-08-19,Amit Patel,Pune-12,Pune,5th,1
2024-08-20,Amit Patel,Pune-12,Pune,5th,1
2024-08-21,Amit Patel,Pune-12,Pune,5th,1
2024-08-22,Amit Patel,Pune-12,Pune,5th,0
2024-08-23,Amit Patel,Pune-12,Pune,5th,1
2024-08-24,Amit Patel,Pune-12,Pune,5th,1
2024-08-25,Amit Patel,Pune-12,Pune,5th,1
2024-08-26,Amit Patel,Pune-12,Pune,5th,1
2024-08-27,Amit Patel,Pune-12,Pune,5th,1
2024-08-28,Amit Patel,Pune-12,Pune,5th,1
2024-08-29,Amit Patel,Pune-12,Pune,5th,1
2024-08-30,Amit Patel,Pune-12,Pune,5th,1
2024-08-31,Amit Patel,Pune-12,Pune,5th,0
2024-09-01,Amit Patel,Pune-12,Pune,5th,1
2024-09-02,Amit Patel,Pune-12,Pune,5th,1
2024-09-03,Amit Patel,Pune-12,Pune,5th,1
2024-09-04,Amit Patel,Pune-12,Pune,5th,1
2024-09-05,Amit Patel,Pune-12,Pune,5th,1
2024-09-06,Amit Patel,Pune-12,Pune,5th,1
2024-09-07,Amit Patel,Pune-12,Pune,5th,1
2024-09-08,Amit Patel,Pune-12,Pune,5th,1
2024-09-09,Amit Patel,Pune-12,Pune,5th,1
2024-09-10,Amit Patel,Pune-12,Pune,5th,1
2024-09-11,Amit Patel,Pune-12,Pune,5th,1
2024-09-12,Amit Patel,Pune-12,Pune,5th,1
2024-09-13,Amit Patel,Pune-12,Pune,5th,1
2024-09-14,Amit Patel,Pune-12,Pune,5th,1
2024-09-15,Amit Patel,Pune-12,Pune,5th,1
2024-09-16,Amit Patel,Pune-12,Pune,5th,1
2024-09-17,Amit Patel,Pune-12,Pune,5th,1
2024-09-18,Amit Patel,Pune-12,Pune,5th,1
2024-09-19,Amit Patel,Pune-12,Pune,5th,1
2024-09-20,Amit Patel,Pune-12,Pune,5th,1
2024-09-21,Amit Patel,Pune-12,Pune,5th,1
2024-09-22,Amit Patel,Pune-12,Pune,5th,1
2024-09-23,Amit Patel,Pune-12,Pune,5th,1
2024-09-24,Amit Patel,Pune-12,Pune,5th,1
2024-09-25,Amit Patel,Pune-12,Pune,5th,1
2024-09-26,Amit Patel,Pune-12,Pune,5th,1
2024-09-27,Amit Patel,Pune-12,Pune,5th,1
2024-09-28,Amit Patel,Pune-12,Pune,5th,1
2024-09-29,Amit Patel,Pune-12,Pune,5th,1
2024-09-30,Amit Patel,Pune-12,Pune,5th,1
2024-10-01,Amit Patel,Pune-12,Pune,5th,1
2024-10-02,Amit Patel,Pune-12,Pune,5th,1
2024-10-03,Amit Patel,Pune-12,Pune,5th,1
2024-10-04,Amit Patel,Pune-12,Pune,5th,1
2024-10-05,Amit Patel,Pune-12,Pune,5th,1
2024-10-06,Amit Patel,Pune-12,Pune,5th,1
2024-10-07,Amit Patel,Pune-12,Pune,5th,1
2024-10-08,Amit Patel,Pune-12,Pune,5th,1
2024-10-09,Amit Patel,Pune-12,Pune,5th,0
2024-10-10,Amit Patel,Pune-12,Pune,5th,1
2024-10-11,Amit Patel,Pune-12,Pune,5th,1
2024-10-12,Amit Patel,Pune-12,Pune,5th,0
2024-10-13,Amit Patel,Pune-12,Pune,5th,1
2024-10-14,Amit Patel,Pune-12,Pune,5th,1
2024-10-15,Amit Patel,Pune-12,Pune,5th,1
2024-10-16,Amit Patel,Pune-12,Pune,5th,1
2024-10-17,Amit Patel,Pune-12,Pune,5th,1
2024-10-18,Amit Patel,Pune-12,Pune,5th,0
2024-10-19,Amit Patel,Pune-12,Pune,5th,1
2024-10-20,Amit Patel,Pune-12,Pune,5th,1
2024-10-21,Amit Patel,Pune-12,Pune,5th,1
2024-10-22,Amit Patel,Pune-12,Pune,5th,1
2024-10-23,Amit Patel,Pune-12,Pune,5th,1
2024-10-24,Amit Patel,Pune-12,Pune,5th,1
2024-10-25,Amit Patel,Pune-12,Pune,5th,1
2024-10-26,Amit Patel,Pune-12,Pune,5th,1
2024-10-27,Amit Patel,Pune-12,Pune,5th,0
2024-10-28,Amit Patel,Pune-12,Pune,5th,1
2024-10-29,Amit Patel,Pune-12,Pune,5th,1
2024-10-30,Amit Patel,Pune-12,Pune,5th,1
2024-10-31,Amit Patel,Pune-12,Pune,5th,1
2024-11-01,Amit Patel,Pune-12,Pune,5th,1
2024-11-02,Amit Patel,Pune-12,Pune,5th,1
2024-11-03,Amit Patel,Pune-12,Pune,5th,1
2024-11-04,Amit Patel,Pune-12,Pune,5th,1
2024-11-05,Amit Patel,Pune-12,Pune,5th,1
2024-11-06,Amit Patel,Pune-12,Pune,5th,1
2024-11-07,Amit Patel,Pune-12,Pune,5th,1
2024-11-08,Amit Patel,Pune-12,Pune,5th,1
2024-11-09,Amit Patel,Pune-12,Pune,5th,1
2024-11-10,Amit Patel,Pune-12,Pune,5th,1
2024-11-11,Amit Patel,Pune-12,Pune,5th,1
2024-11-12,Amit Patel,Pune-12,Pune,5th,1
2024-11-13,Amit Patel,Pune-12,Pune,5th,1
2024-11-14,Amit Patel,Pune-12,Pune,5th,1
2024-11-15,Amit Patel,Pune-12,Pune,5th,1
2024-11-16,Amit Patel,Pune-12,Pune,5th,1
2024-11-17,Amit Patel,Pune-12,Pune,5th,0
2024-11-18,Amit Patel,Pune-12,Pune,5th,1
2024-11-19,Amit Patel,Pune-12,Pune,5th,1
2024-11-20,Amit Patel,Pune-12,Pune,5th,1
2024-11-21,Amit Patel,Pune-12,Pune,5th,1
2024-11-22,Amit Patel,Pune-12,Pune,5th,0
2024-11-23,Amit Patel,Pune-12,Pune,5th,1
2024-11-24,Amit Patel,Pune-12,Pune,5th,1
2024-11-25,Amit Patel,Pune-12,Pune,5th,1
2024-11-26,Amit Patel,Pune-12,Pune,5th,1
2024-11-27,Amit Patel,Pune-12,Pune,5th,1
2024-11-28,Amit Patel,Pune-12,Pune,5th,0
2024-11-29,Amit Patel,Pune-12,Pune,5th,0
2024-11-30,Amit Patel,Pune-12,Pune,5th,1
2024-12-01,Amit Patel,Pune-12,Pune,5th,1
2024-12-02,Amit Patel,Pune-12,Pune,5th,1
2024-12-03,Amit Patel,Pune-12,Pune,5th,1
2024-12-04,Amit Patel,Pune-12,Pune,5th,1
2024-12-05,Amit Patel,Pune-12,Pune,5th,1
2024-12-06,Amit Patel,Pune-12,Pune,5th,1
2024-12-07,Amit Patel,Pune-12,Pune,5th,1
2024-12-08,Amit Patel,Pune-12,Pune,5th,1
2024-12-09,Amit Patel,Pune-12,Pune,5th,1
2024-12-10,Amit Patel,Pune-12,Pune,5th,1
2024-12-11,Amit Patel,Pune-12,Pune,5th,1
2024-12-12,Amit Patel,Pune-12,Pune,5th,1
2024-12-13,Amit Patel,Pune-12,Pune,5th,1
2024-12-14,Amit Patel,Pune-12,Pune,5th,1
2024-12-15,Amit Patel,Pune-12,Pune,5th,1
2024-12-16,Amit Patel,Pune-12,Pune,5th,0
2024-12-17,Amit Patel,Pune-12,Pune,5th,1
2024-12-18,Amit Patel,Pune-12,Pune,5th,1
2024-12-19,Amit Patel,Pune-12,Pune,5th,1
2024-12-20,Amit Patel,Pune-12,Pune,5th,1
2024-12-21,Amit Patel,Pune-12,Pune,5th,1
2024-12-22,Amit Patel,Pune-12,Pune,5th,1
2024-12-23,Amit Patel,Pune-12,Pune,5th,0
2024-12-24,Amit Patel,Pune-12,Pune,5th,1
2024-12-25,Amit Patel,Pune-12,Pune,5th,1
2024-12-26,Amit Patel,Pune-12,Pune,5th,1
2024-12-27,Amit Patel,Pune-12,Pune,5th,1
2024-12-28,Amit Patel,Pune-12,Pune,5th,1
2024-12-29,Amit Patel,Pune-12,Pune,5th,1
2024-12-30,Amit Patel,Pune-12,Pune,5th,0
2024-12-31,Amit Patel,Pune-12,Pune,5th,1
2024-01-01,Neha Sharma,Delhi-05,Delhi,6th,1
2024-01-02,Neha Sharma,Delhi-05,Delhi,6th,1
2024-01-03,Neha Sharma,Delhi-05,Delhi,6th,1
2024-01-04,Neha Sharma,Delhi-05,Delhi,6th,1
2024-01-05,Neha Sharma,Delhi-05,Delhi,6th,1
2024-01-06,Neha Sharma,Delhi-05,Delhi,6th,1
2024-01-07,Neha Sharma,Delhi-05,Delhi,6th,0
2024-01-08,Neha Sharma,Delhi-05,Delhi,6th,1
2024-01-09,Neha Sharma,Delhi-05,Delhi,6th,1
2024-01-10,Neha Sharma,Delhi-05,Delhi,6th,1
2024-01-11,Neha Sharma,Delhi-05,Delhi,6th,1
2024-01-12,Neha Sharma,Delhi-05,Delhi,6th,1
2024-01-13,Neha Sharma,Delhi-05,Delhi,6th,0
2024-01-14,Neha Sharma,Delhi-05,Delhi,6th,1
2024-01-15,Neha Sharma,Delhi-05,Delhi,6th,1
2024-01-16,Neha Sharma,Delhi-05,Delhi,6th,0
2024-01-17,Neha Sharma,Delhi-05,Delhi,6th,0
2024-01-18,Neha Sharma,Delhi-05,Delhi,6th,1
2024-01-19,Neha Sharma,Delhi-05,Delhi,6th,0
2024-01-20,Neha Sharma,Delhi-05,Delhi,6th,1
2024-01-21,Neha Sharma,Delhi-05,Delhi,6th,1
2024-01-22,Neha Sharma,Delhi-05,Delhi,6th,1
2024-01-23,Neha Sharma,Delhi-05,Delhi,6th,1
2024-01-24,Neha Sharma,Delhi-05,Delhi,6th,1
2024-01-25,Neha Sharma,Delhi-05,Delhi,6th,0
2024-01-26,Neha Sharma,Delhi-05,Delhi,6th,1
2024-01-27,Neha Sharma,Delhi-05,Delhi,6th,1
2024-01-28,Neha Sharma,Delhi-05,Delhi,6th,1
2024-01-29,Neha Sharma,Delhi-05,Delhi,6th,1
2024-01-30,Neha Sharma,Delhi-05,Delhi,6th,1
2024-01-31,Neha Sharma,Delhi-05,Delhi,6th,1
2024-02-01,Neha Sharma,Delhi-05,Delhi,6th,1
2024-02-02,Neha Sharma,Delhi-05,Delhi,6th,1
2024-02-03,Neha Sharma,Delhi-05,Delhi,6th,0
2024-02-04,Neha Sharma,Delhi-05,Delhi,6th,1
2024-02-05,Neha Sharma,Delhi-05,Delhi,6th,1
2024-02-06,Neha Sharma,Delhi-05,Delhi,6th,1
2024-02-07,Neha Sharma,Delhi-05,Delhi,6th,1
2024-02-08,Neha Sharma,Delhi-05,Delhi,6th,1
2024-02-09,Neha Sharma,Delhi-05,Delhi,6th,0
2024-02-10,Neha Sharma,Delhi-05,Delhi,6th,1
2024-02-11,Neha Sharma,Delhi-05,Delhi,6th,1
2024-02-12,Neha Sharma,Delhi-05,Delhi,6th,1
2024-02-13,Neha Sharma,Delhi-05,Delhi,6th,1
2024-02-14,Neha Sharma,Delhi-05,Delhi,6th,1
2024-02-15,Neha Sharma,Delhi-05,Delhi,6th,1
2024-02-16,Neha Sharma,Delhi-05,Delhi,6th,1
2024-02-17,Neha Sharma,Delhi-05,Delhi,6th,0
2024-02-18,Neha Sharma,Delhi-05,Delhi,6th,1
2024-02-19,Neha Sharma,Delhi-05,Delhi,6th,0
2024-02-20,Neha Sharma,Delhi-05,Delhi,6th,0
2024-02-21,Neha Sharma,Delhi-05,Delhi,6th,1
2024-02-22,Neha Sharma,Delhi-05,Delhi,6th,0
2024-02-23,Neha Sharma,Delhi-05,Delhi,6th,1
2024-02-24,Neha Sharma,Delhi-05,Delhi,6th,1
2024-02-25,Neha Sharma,Delhi-05,Delhi,6th,1
2024-02-26,Neha Sharma,Delhi-05,Delhi,6th,1
2024-02-27,Neha Sharma,Delhi-05,Delhi,6th,0
2024-02-28,Neha Sharma,Delhi-05,Delhi,6th,1
2024-02-29,Neha Sharma,Delhi-05,Delhi,6th,0
2024-03-01,Neha Sharma,Delhi-05,Delhi,6th,1
2024-03-02,Neha Sharma,Delhi-05,Delhi,6th,1
2024-03-03,Neha Sharma,Delhi-05,Delhi,6th,1
2024-03-04,Neha Sharma,Delhi-05,Delhi,6th,1
2024-03-05,Neha Sharma,Delhi-05,Delhi,6th,1
2024-03-06,Neha Sharma,Delhi-05,Delhi,6th,1
2024-03-07,Neha Sharma,Delhi-05,Delhi,6th,1
2024-03-08,Neha Sharma,Delhi-05,Delhi,6th,1
2024-03-09,Neha Sharma,Delhi-05,Delhi,6th,1
2024-03-10,Neha Sharma,Delhi-05,Delhi,6th,1
2024-03-11,Neha Sharma,Delhi-05,Delhi,6th,1
2024-03-12,Neha Sharma,Delhi-05,Delhi,6th,1
2024-03-13,Neha Sharma,Delhi-05,Delhi,6th,1
2024-03-14,Neha Sharma,Delhi-05,Delhi,6th,0
2024-03-15,Neha Sharma,Delhi-05,Delhi,6th,1
2024-03-16,Neha Sharma,Delhi-05,Delhi,6th,1
2024-03-17,Neha Sharma,Delhi-05,Delhi,6th,1
2024-03-18,Neha Sharma,Delhi-05,Delhi,6th,1
2024-03-19,Neha Sharma,Delhi-05,Delhi,6th,1
2024-03-20,Neha Sharma,Delhi-05,Delhi,6th,1
2024-03-21,Neha Sharma,Delhi-05,Delhi,6th,1
2024-03-22,Neha Sharma,Delhi-05,Delhi,6th,1
2024-03-23,Neha Sharma,Delhi-05,Delhi,6th,1
2024-03-24,Neha Sharma,Delhi-05,Delhi,6th,1
2024-03-25,Neha Sharma,Delhi-05,Delhi,6th,1
2024-03-26,Neha Sharma,Delhi-05,Delhi,6th,1
2024-03-27,Neha Sharma,Delhi-05,Delhi,6th,1
2024-03-28,Neha Sharma,Delhi-05,Delhi,6th,1
2024-03-29,Neha Sharma,Delhi-05,Delhi,6th,0
2024-03-30,Neha Sharma,Delhi-05,Delhi,6th,1
2024-03-31,Neha Sharma,Delhi-05,Delhi,6th,1
2024-04-01,Neha Sharma,Delhi-05,Delhi,6th,1
2024-04-02,Neha Sharma,Delhi-05,Delhi,6th,0
2024-04-03,Neha Sharma,Delhi-05,Delhi,6th,1
2024-04-04,Neha Sharma,Delhi-05,Delhi,6th,1
2024-04-05,Neha Sharma,Delhi-05,Delhi,6th,1
2024-04-06,Neha Sharma,Delhi-05,Delhi,6th,1
2024-04-07,Neha Sharma,Delhi-05,Delhi,6th,0
2024-04-08,Neha Sharma,Delhi-05,Delhi,6th,1
2024-04-09,Neha Sharma,Delhi-05,Delhi,6th,1
2024-04-10,Neha Sharma,Delhi-05,Delhi,6th,1
2024-04-11,Neha Sharma,Delhi-05,Delhi,6th,1
2024-04-12,Neha Sharma,Delhi-05,Delhi,6th,1
2024-04-13,Neha Sharma,Delhi-05,Delhi,6th,1
2024-04-14,Neha Sharma,Delhi-05,Delhi,6th,1
2024-04-15,Neha Sharma,Delhi-05,Delhi,6th,1
2024-04-16,Neha Sharma,Delhi-05,Delhi,6th,1
2024-04-17,Neha Sharma,Delhi-05,Delhi,6th,1
2024-04-18,Neha Sharma,Delhi-05,Delhi,6th,1
2024-04-19,Neha Sharma,Delhi-05,Delhi,6th,0
2024-04-20,Neha Sharma,Delhi-05,Delhi,6th,1
2024-04-21,Neha Sharma,Delhi-05,Delhi,6th,1
2024-04-22,Neha Sharma,Delhi-05,Delhi,6th,1
2024-04-23,Neha Sharma,Delhi-05,Delhi,6th,1
2024-04-24,Neha Sharma,Delhi-05,Delhi,6th,1
2024-04-25,Neha Sharma,Delhi-05,Delhi,6th,1
2024-04-26,Neha Sharma,Delhi-05,Delhi,6th,0
2024-04-27,Neha Sharma,Delhi-05,Delhi,6th,1
2024-04-28,Neha Sharma,Delhi-05,Delhi,6th,1
2024-04-29,Neha Sharma,Delhi-05,Delhi,6th,1
2024-04-30,Neha Sharma,Delhi-05,Delhi,6th,1
2024-05-01,Neha Sharma,Delhi-05,Delhi,6th,1
2024-05-02,Neha Sharma,Delhi-05,Delhi,6th,1
2024-05-03,Neha Sharma,Delhi-05,Delhi,6th,0
2024-05-04,Neha Sharma,Delhi-05,Delhi,6th,1
2024-05-05,Neha Sharma,Delhi-05,Delhi,6th,1
2024-05-06,Neha Sharma,Delhi-05,Delhi,6th,0
2024-05-07,Neha Sharma,Delhi-05,Delhi,6th,1
2024-05-08,Neha Sharma,Delhi-05,Delhi,6th,1
2024-05-09,Neha Sharma,Delhi-05,Delhi,6th,1
2024-05-10,Neha Sharma,Delhi-05,Delhi,6th,1
2024-05-11,Neha Sharma,Delhi-05,Delhi,6th,1
2024-05-12,Neha Sharma,Delhi-05,Delhi,6th,1
2024-05-13,Neha Sharma,Delhi-05,Delhi,6th,1
2024-05-14,Neha Sharma,Delhi-05,Delhi,6th,1
2024-05-15,Neha Sharma,Delhi-05,Delhi,6th,1
2024-05-16,Neha Sharma,Delhi-05,Delhi,6th,1
2024-05-17,Neha Sharma,Delhi-05,Delhi,6th,1
2024-05-18,Neha Sharma,Delhi-05,Delhi,6th,1
2024-05-19,Neha Sharma,Delhi-05,Delhi,6th,1
2024-05-20,Neha Sharma,Delhi-05,Delhi,6th,1
2024-05-21,Neha Sharma,Delhi-05,Delhi,6th,1
2024-05-22,Neha Sharma,Delhi-05,Delhi,6th,1
2024-05-23,Neha Sharma,Delhi-05,Delhi,6th,1
2024-05-24,Neha Sharma,Delhi-05,Delhi,6th,1
2024-05-25,Neha Sharma,Delhi-05,Delhi,6th,0
2024-05-26,Neha Sharma,Delhi-05,Delhi,6th,0
2024-05-27,Neha Sharma,Delhi-05,Delhi,6th,1
2024-05-28,Neha Sharma,Delhi-05,Delhi,6th,1
2024-05-29,Neha Sharma,Delhi-05,Delhi,6th,0
2024-05-30,Neha Sharma,Delhi-05,Delhi,6th,1
2024-05-31,Neha Sharma,Delhi-05,Delhi,6th,1
2024-06-01,Neha Sharma,Delhi-05,Delhi,6th,1
2024-06-02,Neha Sharma,Delhi-05,Delhi,6th,1
2024-06-03,Neha Sharma,Delhi-05,Delhi,6th,1
2024-06-04,Neha Sharma,Delhi-05,Delhi,6th,1
2024-06-05,Neha Sharma,Delhi-05,Delhi,6th,1
2024-06-06,Neha Sharma,Delhi-05,Delhi,6th,1
2024-06-07,Neha Sharma,Delhi-05,Delhi,6th,1
2024-06-08,Neha Sharma,Delhi-05,Delhi,6th,1
2024-06-09,Neha Sharma,Delhi-05,Delhi,6th,1
2024-06-10,Neha Sharma,Delhi-05,Delhi,6th,1
2024-06-11,Neha Sharma,Delhi-05,Delhi,6th,1
2024-06-12,Neha Sharma,Delhi-05,Delhi,6th,1
2024-06-13,Neha Sharma,Delhi-05,Delhi,6th,1
2024-06-14,Neha Sharma,Delhi-05,Delhi,6th,1
2024-06-15,Neha Sharma,Delhi-05,Delhi,6th,1
2024-06-16,Neha Sharma,Delhi-05,Delhi,6th,1
2024-06-17,Neha Sharma,Delhi-05,Delhi,6th,1
2024-06-18,Neha Sharma,Delhi-05,Delhi,6th,1
2024-06-19,Neha Sharma,Delhi-05,Delhi,6th,1
2024-06-20,Neha Sharma,Delhi-05,Delhi,6th,1
2024-06-21,Neha Sharma,Delhi-05,Delhi,6th,1
2024-06-22,Neha Sharma,Delhi-05,Delhi,6th,1
2024-06-23,Neha Sharma,Delhi-05,Delhi,6th,1
2024-06-24,Neha Sharma,Delhi-05,Delhi,6th,1
2024-06-25,Neha Sharma,Delhi-05,Delhi,6th,1
2024-06-26,Neha Sharma,Delhi-05,Delhi,6th,1
2024-06-27,Neha Sharma,Delhi-05,Delhi,6th,1
2024-06-28,Neha Sharma,Delhi-05,Delhi,6th,1
2024-06-29,Neha Sharma,Delhi-05,Delhi,6th,1
2024-06-30,Neha Sharma,Delhi-05,Delhi,6th,1
2024-07-01,Neha Sharma,Delhi-05,Delhi,6th,0
2024-07-02,Neha Sharma,Delhi-05,Delhi,6th,1
2024-07-03,Neha Sharma,Delhi-05,Delhi,6th,1
2024-07-04,Neha Sharma,Delhi-05,Delhi,6th,1
2024-07-05,Neha Sharma,Delhi-05,Delhi,6th,1
2024-07-06,Neha Sharma,Delhi-05,Delhi,6th,1
2024-07-07,Neha Sharma,Delhi-05,Delhi,6th,0
2024-07-08,Neha Sharma,Delhi-05,Delhi,6th,1
2024-07-09,Neha Sharma,Delhi-05,Delhi,6th,1
2024-07-10,Neha Sharma,Delhi-05,Delhi,6th,1
2024-07-11,Neha Sharma,Delhi-05,Delhi,6th,1
2024-07-12,Neha Sharma,Delhi-05,Delhi,6th,1
2024-07-13,Neha Sharma,Delhi-05,Delhi,6th,1
2024-07-14,Neha Sharma,Delhi-05,Delhi,6th,1
2024-07-15,Neha Sharma,Delhi-05,Delhi,6th,1
2024-07-16,Neha Sharma,Delhi-05,Delhi,6th,1
2024-07-17,Neha Sharma,Delhi-05,Delhi,6th,0
2024-07-18,Neha Sharma,Delhi-05,Delhi,6th,1
2024-07-19,Neha Sharma,Delhi-05,Delhi,6th,1
2024-07-20,Neha Sharma,Delhi-05,Delhi,6th,0
2024-07-21,Neha Sharma,Delhi-05,Delhi,6th,1
2024-07-22,Neha Sharma,Delhi-05,Delhi,6th,1
2024-07-23,Neha Sharma,Delhi-05,Delhi,6th,1
2024-07-24,Neha Sharma,Delhi-05,Delhi,6th,1
2024-07-25,Neha Sharma,Delhi-05,Delhi,6th,1
2024-07-26,Neha Sharma,Delhi-05,Delhi,6th,0
2024-07-27,Neha Sharma,Delhi-05,Delhi,6th,1
2024-07-28,Neha Sharma,Delhi-05,Delhi,6th,1
2024-07-29,Neha Sharma,Delhi-05,Delhi,6th,1
2024-07-30,Neha Sharma,Delhi-05,Delhi,6th,1
2024-07-31,Neha Sharma,Delhi-05,Delhi,6th,0
2024-08-01,Neha Sharma,Delhi-05,Delhi,6th,1
2024-08-02,Neha Sharma,Delhi-05,Delhi,6th,1
2024-08-03,Neha Sharma,Delhi-05,Delhi,6th,1
2024-08-04,Neha Sharma,Delhi-05,Delhi,6th,1
2024-08-05,Neha Sharma,Delhi-05,Delhi,6th,1
2024-08-06,Neha Sharma,Delhi-05,Delhi,6th,1
2024-08-07,Neha Sharma,Delhi-05,Delhi,6th,1
2024-08-08,Neha Sharma,Delhi-05,Delhi,6th,0
2024-08-09,Neha Sharma,Delhi-05,Delhi,6th,1
2024-08-10,Neha Sharma,Delhi-05,Delhi,6th,1
2024-08-11,Neha Sharma,Delhi-05,Delhi,6th,1
2024-08-12,Neha Sharma,Delhi-05,Delhi,6th,1
2024-08-13,Neha Sharma,Delhi-05,Delhi,6th,1
2024-08-14,Neha Sharma,Delhi-05,Delhi,6th,1
2024-08-15,Neha Sharma,Delhi-05,Delhi,6th,1
2024-08-16,Neha Sharma,Delhi-05,Delhi,6th,1
2024-08-17,Neha Sharma,Delhi-05,Delhi,6th,1
2024-08-18,Neha Sharma,Delhi-05,Delhi,6th,1
2024-08-19,Neha Sharma,Delhi-05,Delhi,6th,1
2024-08-20,Neha Sharma,Delhi-05,Delhi,6th,1
2024-08-21,Neha Sharma,Delhi-05,Delhi,6th,1
2024-08-22,Neha Sharma,Delhi-05,Delhi,6th,1
2024-08-23,Neha Sharma,Delhi-05,Delhi,6th,1
2024-08-24,Neha Sharma,Delhi-05,Delhi,6th,1
2024-08-25,Neha Sharma,Delhi-05,Delhi,6th,1
2024-08-26,Neha Sharma,Delhi-05,Delhi,6th,1
2024-08-27,Neha Sharma,Delhi-05,Delhi,6th,0
2024-08-28,Neha Sharma,Delhi-05,Delhi,6th,1
2024-08-29,Neha Sharma,Delhi-05,Delhi,6th,1
2024-08-30,Neha Sharma,Delhi-05,Delhi,6th,0
2024-08-31,Neha Sharma,Delhi-05,Delhi,6th,1
2024-09-01,Neha Sharma,Delhi-05,Delhi,6th,1
2024-09-02,Neha Sharma,Delhi-05,Delhi,6th,1
2024-09-03,Neha Sharma,Delhi-05,Delhi,6th,0
2024-09-04,Neha Sharma,Delhi-05,Delhi,6th,1
2024-09-05,Neha Sharma,Delhi-05,Delhi,6th,0
2024-09-06,Neha Sharma,Delhi-05,Delhi,6th,1
2024-09-07,Neha Sharma,Delhi-05,Delhi,6th,1
2024-09-08,Neha Sharma,Delhi-05,Delhi,6th,1
2024-09-09,Neha Sharma,Delhi-05,Delhi,6th,1
2024-09-10,Neha Sharma,Delhi-05,Delhi,6th,1
2024-09-11,Neha Sharma,Delhi-05,Delhi,6th,0
2024-09-12,Neha Sharma,Delhi-05,Delhi,6th,1
2024-09-13,Neha Sharma,Delhi-05,Delhi,6th,1
2024-09-14,Neha Sharma,Delhi-05,Delhi,6th,0
2024-09-15,Neha Sharma,Delhi-05,Delhi,6th,1
2024-09-16,Neha Sharma,Delhi-05,Delhi,6th,0
2024-09-17,Neha Sharma,Delhi-05,Delhi,6th,1
2024-09-18,Neha Sharma,Delhi-05,Delhi,6th,1
2024-09-19,Neha Sharma,Delhi-05,Delhi,6th,1
2024-09-20,Neha Sharma,Delhi-05,Delhi,6th,1
2024-09-21,Neha Sharma,Delhi-05,Delhi,6th,1
2024-09-22,Neha Sharma,Delhi-05,Delhi,6th,1
2024-09-23,Neha Sharma,Delhi-05,Delhi,6th,1
2024-09-24,Neha Sharma,Delhi-05,Delhi,6th,1
2024-09-25,Neha Sharma,Delhi-05,Delhi,6th,0
2024-09-26,Neha Sharma,Delhi-05,Delhi,6th,1
2024-09-27,Neha Sharma,Delhi-05,Delhi,6th,1
2024-09-28,Neha Sharma,Delhi-05,Delhi,6th,1
2024-09-29,Neha Sharma,Delhi-05,Delhi,6th,1
2024-09-30,Neha Sharma,Delhi-05,Delhi,6th,1
2024-10-01,Neha Sharma,Delhi-05,Delhi,6th,0
2024-10-02,Neha Sharma,Delhi-05,Delhi,6th,1
2024-10-03,Neha Sharma,Delhi-05,Delhi,6th,1
2024-10-04,Neha Sharma,Delhi-05,Delhi,6th,1
2024-10-05,Neha Sharma,Delhi-05,Delhi,6th,1
2024-10-06,Neha Sharma,Delhi-05,Delhi,6th,1
2024-10-07,Neha Sharma,Delhi-05,Delhi,6th,1
2024-10-08,Neha Sharma,Delhi-05,Delhi,6th,1
2024-10-09,Neha Sharma,Delhi-05,Delhi,6th,1
2024-10-10,Neha Sharma,Delhi-05,Delhi,6th,0
2024-10-11,Neha Sharma,Delhi-05,Delhi,6th,1
2024-10-12,Neha Sharma,Delhi-05,Delhi,6th,1
2024-10-13,Neha Sharma,Delhi-05,Delhi,6th,1
2024-10-14,Neha Sharma,Delhi-05,Delhi,6th,1
2024-10-15,Neha Sharma,Delhi-05,Delhi,6th,1
2024-10-16,Neha Sharma,Delhi-05,Delhi,6th,1
2024-10-17,Neha Sharma,Delhi-05,Delhi,6th,1
2024-10-18,Neha Sharma,Delhi-05,Delhi,6th,1
2024-10-19,Neha Sharma,Delhi-05,Delhi,6th,1
2024-10-20,Neha Sharma,Delhi-05,Delhi,6th,1
2024-10-21,Neha Sharma,Delhi-05,Delhi,6th,1
2024-10-22,Neha Sharma,Delhi-05,Delhi,6th,1
2024-10-23,Neha Sharma,Delhi-05,Delhi,6th,1
2024-10-24,Neha Sharma,Delhi-05,Delhi,6th,1
2024-10-25,Neha Sharma,Delhi-05,Delhi,6th,1
2024-10-26,Neha Sharma,Delhi-05,Delhi,6th,1
2024-10-27,Neha Sharma,Delhi-05,Delhi,6th,1
2024-10-28,Neha Sharma,Delhi-05,Delhi,6th,1
2024-10-29,Neha Sharma,Delhi-05,Delhi,6th,1
2024-10-30,Neha Sharma,Delhi-05,Delhi,6th,1
2024-10-31,Neha Sharma,Delhi-05,Delhi,6th,1
2024-11-01,Neha Sharma,Delhi-05,Delhi,6th,1
2024-11-02,Neha Sharma,Delhi-05,Delhi,6th,1
2024-11-03,Neha Sharma,Delhi-05,Delhi,6th,1
2024-11-04,Neha Sharma,Delhi-05,Delhi,6th,1
2024-11-05,Neha Sharma,Delhi-05,Delhi,6th,1
2024-11-06,Neha Sharma,Delhi-05,Delhi,6th,1
2024-11-07,Neha Sharma,Delhi-05,Delhi,6th,1
2024-11-08,Neha Sharma,Delhi-05,Delhi,6th,0
2024-11-09,Neha Sharma,Delhi-05,Delhi,6th,1
2024-11-10,Neha Sharma,Delhi-05,Delhi,6th,0
2024-11-11,Neha Sharma,Delhi-05,Delhi,6th,1
2024-11-12,Neha Sharma,Delhi-05,Delhi,6th,1
2024-11-13,Neha Sharma,Delhi-05,Delhi,6th,1
2024-11-14,Neha Sharma,Delhi-05,Delhi,6th,1
2024-11-15,Neha Sharma,Delhi-05,Delhi,6th,1
2024-11-16,Neha Sharma,Delhi-05,Delhi,6th,0
2024-11-17,Neha Sharma,Delhi-05,Delhi,6th,1
2024-11-18,Neha Sharma,Delhi-05,Delhi,6th,1
2024-11-19,Neha Sharma,Delhi-05,Delhi,6th,1
2024-11-20,Neha Sharma,Delhi-05,Delhi,6th,0
2024-11-21,Neha Sharma,Delhi-05,Delhi,6th,1
2024-11-22,Neha Sharma,Delhi-05,Delhi,6th,1
2024-11-23,Neha Sharma,Delhi-05,Delhi,6th,1
2024-11-24,Neha Sharma,Delhi-05,Delhi,6th,1
2024-11-25,Neha Sharma,Delhi-05,Delhi,6th,1
2024-11-26,Neha Sharma,Delhi-05,Delhi,6th,1
2024-11-27,Neha Sharma,Delhi-05,Delhi,6th,1
2024-11-28,Neha Sharma,Delhi-05,Delhi,6th,1
2024-11-29,Neha Sharma,Delhi-05,Delhi,6th,1
2024-11-30,Neha Sharma,Delhi-05,Delhi,6th,1
2024-12-01,Neha Sharma,Delhi-05,Delhi,6th,1
2024-12-02,Neha Sharma,Delhi-05,Delhi,6th,0
2024-12-03,Neha Sharma,Delhi-05,Delhi,6th,1
2024-12-04,Neha Sharma,Delhi-05,Delhi,6th,1
2024-12-05,Neha Sharma,Delhi-05,Delhi,6th,0
2024-12-06,Neha Sharma,Delhi-05,Delhi,6th,1
2024-12-07,Neha Sharma,Delhi-05,Delhi,6th,1
2024-12-08,Neha Sharma,Delhi-05,Delhi,6th,1
2024-12-09,Neha Sharma,Delhi-05,Delhi,6th,1
2024-12-10,Neha Sharma,Delhi-05,Delhi,6th,0
2024-12-11,Neha Sharma,Delhi-05,Delhi,6th,1
2024-12-12,Neha Sharma,Delhi-05,Delhi,6th,1
2024-12-13,Neha Sharma,Delhi-05,Delhi,6th,0
2024-12-14,Neha Sharma,Delhi-05,Delhi,6th,0
2024-12-15,Neha Sharma,Delhi-05,Delhi,6th,1
2024-12-16,Neha Sharma,Delhi-05,Delhi,6th,1
2024-12-17,Neha Sharma,Delhi-05,Delhi,6th,1
2024-12-18,Neha Sharma,Delhi-05,Delhi,6th,0
2024-12-19,Neha Sharma,Delhi-05,Delhi,6th,1
2024-12-20,Neha Sharma,Delhi-05,Delhi,6th,1
2024-12-21,Neha Sharma,Delhi-05,Delhi,6th,1
2024-12-22,Neha Sharma,Delhi-05,Delhi,6th,1
2024-12-23,Neha Sharma,Delhi-05,Delhi,6th,0
2024-12-24,Neha Sharma,Delhi-05,Delhi,6th,1
2024-12-25,Neha Sharma,Delhi-05,Delhi,6th,1
2024-12-26,Neha Sharma,Delhi-05,Delhi,6th,0
2024-12-27,Neha Sharma,Delhi-05,Delhi,6th,1
2024-12-28,Neha Sharma,Delhi-05,Delhi,6th,1
2024-12-29,Neha Sharma,Delhi-05,Delhi,6th,1
2024-12-30,Neha Sharma,Delhi-05,Delhi,6th,1
2024-12-31,Neha Sharma,Delhi-05,Delhi,6th,0
2024-01-01,Rohan Verma,Bangalore-07,Bangalore,8th,1
2024-01-02,Rohan Verma,Bangalore-07,Bangalore,8th,1
2024-01-03,Rohan Verma,Bangalore-07,Bangalore,8th,1
2024-01-04,Rohan Verma,Bangalore-07,Bangalore,8th,1
2024-01-05,Rohan Verma,Bangalore-07,Bangalore,8th,1
2024-01-06,Rohan Verma,Bangalore-07,Bangalore,8th,1
2024-01-07,Rohan Verma,Bangalore-07,Bangalore,8th,1
2024-01-08,Rohan Verma,Bangalore-07,Bangalore,8th,0
2024-01-09,Rohan Verma,Bangalore-07,Bangalore,8th,1
2024-01-10,Rohan Verma,Bangalore-07,Bangalore,8th,1
2024-01-11,Rohan Verma,Bangalore-07,Bangalore,8th,1
2024-01-12,Rohan Verma,Bangalore-07,Bangalore,8th,1
2024-01-13,Rohan Verma,Bangalore-07,Bangalore,8th,1
2024-01-14,Rohan Verma,Bangalore-07,Bangalore,8th,1
2024-01-15,Rohan Verma,Bangalore-07,Bangalore,8th,0
2024-01-16,Rohan Verma,Bangalore-07,Bangalore,8th,1
2024-01-17,Rohan Verma,Bangalore-07,Bangalore,8th,1
2024-01-18,Rohan Verma,Bangalore-07,Bangalore,8th,1
2024-01-19,Rohan Verma,Bangalore-07,Bangalore,8th,1
2024-01-20,Rohan Verma,Bangalore-07,Bangalore,8th,1
2024-01-21,Rohan Verma,Bangalore-07,Bangalore,8th,1
2024-01-22,Rohan Verma,Bangalore-07,Bangalore,8th,0
2024-01-23,Rohan Verma,Bangalore-07,Bangalore,8th,1
2024-01-24,Rohan Verma,Bangalore-07,Bangalore,8th,1
2024-01-25,Rohan Verma,Bangalore-07,Bangalore,8th,1
2024-01-26,Rohan Verma,Bangalore-07,Bangalore,8th,1
2024-01-27,Rohan Verma,Bangalore-07,Bangalore,8th,1
2024-01-28,Rohan Verma,Bangalore-07,Bangalore,8th,1
2024-01-29,Rohan Verma,Bangalore-07,Bangalore,8th,1
2024-01-30,Rohan Verma,Bangalore-07,Bangalore,8th,1
2024-01-31,Rohan Verma,Bangalore-07,Bangalore,8th,1
2024-02-01,Rohan Verma,Bangalore-07,Bangalore,8th,1
2024-02-02,Rohan Verma,Bangalore-07,Bangalore,8th,1
2024-02-03,Rohan Verma,Bangalore-07,Bangalore,8th,1
2024-02-04,Rohan Verma,Bangalore-07,Bangalore,8th,1
2024-02-05,Rohan Verma,Bangalore-07,Bangalore,8th,1
2024-02-06,Rohan Verma,Bangalore-07,Bangalore,8th,1
2024-02-07,Rohan Verma,Bangalore-07,Bangalore,8th,1
2024-02-08,Rohan Verma,Bangalore-07,Bangalore,8th,1
2024-02-09,Rohan Verma,Bangalore-07,Bangalore,8th,1
2024-02-10,Rohan Verma,Bangalore-07,Bangalore,8th,0
2024-02-11,Rohan Verma,Bangalore-07,Bangalore,8th,1
2024-02-12,Rohan Verma,Bangalore-07,Bangalore,8th,1
2024-02-13,Rohan Verma,Bangalore-07,Bangalore,8th,0
2024-02-14,Rohan Verma,Bangalore-07,Bangalore,8th,0
2024-02-15,Rohan Verma,Bangalore-07,Bangalore,8th,1
2024-02-16,Rohan Verma,Bangalore-07,Bangalore,8th,1
2024-02-17,Rohan Verma,Bangalore-07,Bangalore,8th,1
2024-02-18,Rohan Verma,Bangalore-07,Bangalore,8th,1
2024-02-19,Rohan Verma,Bangalore-07,Bangalore,8th,0
2024-02-20,Rohan Verma,Bangalore-07,Bangalore,8th,1
2024-02-21,Rohan Verma,Bangalore-07,Bangalore,8th,1
2024-02-22,Rohan Verma,Bangalore-07,Bangalore,8th,1
2024-02-23,Rohan Verma,Bangalore-07,Bangalore,8th,0
2024-02-24,Rohan Verma,Bangalore-07,Bangalore,8th,1
2024-02-25,Rohan Verma,Bangalore-07,Bangalore,8th,1
2024-02-26,Rohan Verma,Bangalore-07,Bangalore,8th,1
2024-02-27,Rohan Verma,Bangalore-07,Bangalore,8th,1
2024-02-28,Rohan Verma,Bangalore-07,Bangalore,8th,1
2024-02-29,Rohan Verma,Bangalore-07,Bangalore,8th,1
2024-03-01,Rohan Verma,Bangalore-07,Bangalore,8th,1
2024-03-02,Rohan Verma,Bangalore-07,Bangalore,8th,0
2024-03-03,Rohan Verma,Bangalore-07,Bangalore,8th,1
2024-03-04,Rohan Verma,Bangalore-07,Bangalore,8th,1
2024-03-05,Rohan Verma,Bangalore-07,Bangalore,8th,1
2024-03-06,Rohan Verma,Bangalore-07,Bangalore,8th,0
2024-03-07,Rohan Verma,Bangalore-07,Bangalore,8th,1
2024-03-08,Rohan Verma,Bangalore-07,Bangalore,8th,1
2024-03-09,Rohan Verma,Bangalore-07,Bangalore,8th,1
2024-03-10,Rohan Verma,Bangalore-07,Bangalore,8th,1
2024-03-11,Rohan Verma,Bangalore-07,Bangalore,8th,1
2024-03-12,Rohan Verma,Bangalore-07,Bangalore,8th,1
2024-03-13,Rohan Verma,Bangalore-07,Bangalore,8th,1
2024-03-14,Rohan Verma,Bangalore-07,Bangalore,8th,1
2024-03-15,Rohan Verma,Bangalore-07,Bangalore,8th,1
2024-03-16,Rohan Verma,Bangalore-07,Bangalore,8th,1
2024-03-17,Rohan Verma,Bangalore-07,Bangalore,8th,0
2024-03-18,Rohan Verma,Bangalore-07,Bangalore,8th,1
2024-03-19,Rohan Verma,Bangalore-07,Bangalore,8th,1
2024-03-20,Rohan Verma,Bangalore-07,Bangalore,8th,1
2024-03-21,Rohan Verma,Bangalore-07,Bangalore,8th,1
2024-03-22,Rohan Verma,Bangalore-07,Bangalore,8th,1
2024-03-23,Rohan Verma,Bangalore-07,Bangalore,8th,1
2024-03-24,Rohan Verma,Bangalore-07,Bangalore,8th,1
2024-03-25,Rohan Verma,Bangalore-07,Bangalore,8th,1
2024-03-26,Rohan Verma,Bangalore-07,Bangalore,8th,1
2024-03-27,Rohan Verma,Bangalore-07,Bangalore,8th,1
2024-03-28,Rohan Verma,Bangalore-07,Bangalore,8th,0
2024-03-29,Rohan Verma,Bangalore-07,Bangalore,8th,1
2024-03-30,Rohan Verma,Bangalore-07,Bangalore,8th,1
2024-03-31,Rohan Verma,Bangalore-07,Bangalore,8th,1
2024-04-01,Rohan Verma,Bangalore-07,Bangalore,8th,1
2024-04-02,Rohan Verma,Bangalore-07,Bangalore,8th,1
2024-04-03,Rohan Verma,Bangalore-07,Bangalore,8th,1
2024-04-04,Rohan Verma,Bangalore-07,Bangalore,8th,1
2024-04-05,Rohan Verma,Bangalore-07,Bangalore,8th,1
2024-04-06,Rohan Verma,Bangalore-07,Bangalore,8th,1
2024-04-07,Rohan Verma,Bangalore-07,Bangalore,8th,1
2024-04-08,Rohan Verma,Bangalore-07,Bangalore,8th,1
2024-04-09,Rohan Verma,Bangalore-07,Bangalore,8th,1
2024-04-10,Rohan Verma,Bangalore-07,Bangalore,8th,1
2024-04-11,Rohan Verma,Bangalore-07,Bangalore,8th,1
2024-04-12,Rohan Verma,Bangalore-07,Bangalore,8th,1
2024-04-13,Rohan Verma,Bangalore-07,Bangalore,8th,1
2024-04-14,Rohan Verma,Bangalore-07,Bangalore,8th,1
2024-04-15,Rohan Verma,Bangalore-07,Bangalore,8th,1
2024-04-16,Rohan Verma,Bangalore-07,Bangalore,8th,0
2024-04-17,Rohan Verma,Bangalore-07,Bangalore,8th,1
2024-04-18,Rohan Verma,Bangalore-07,Bangalore,8th,1
2024-04-19,Rohan Verma,Bangalore-07,Bangalore,8th,1
2024-04-20,Rohan Verma,Bangalore-07,Bangalore,8th,1
2024-04-21,Rohan Verma,Bangalore-07,Bangalore,8th,1
2024-04-22,Rohan Verma,Bangalore-07,Bangalore,8th,1
2024-04-23,Rohan Verma,Bangalore-07,Bangalore,8th,1
2024-04-24,Rohan Verma,Bangalore-07,Bangalore,8th,1
2024-04-25,Rohan Verma,Bangalore-07,Bangalore,8th,1
2024-04-26,Rohan Verma,Bangalore-07,Bangalore,8th,1
2024-04-27,Rohan Verma,Bangalore-07,Bangalore,8th,1
2024-04-28,Rohan Verma,Bangalore-07,Bangalore,8th,1
2024-04-29,Rohan Verma,Bangalore-07,Bangalore,8th,1
2024-04-30,Rohan Verma,Bangalore-07,Bangalore,8th,1
2024-05-01,Rohan Verma,Bangalore-07,Bangalore,8th,1
2024-05-02,Rohan Verma,Bangalore-07,Bangalore,8th,1
2024-05-03,Rohan Verma,Bangalore-07,Bangalore,8th,1
2024-05-04,Rohan Verma,Bangalore-07,Bangalore,8th,0
2024-05-05,Rohan Verma,Bangalore-07,Bangalore,8th,1
2024-05-06,Rohan Verma,Bangalore-07,Bangalore,8th,1
2024-05-07,Rohan Verma,Bangalore-07,Bangalore,8th,1
2024-05-08,Rohan Verma,Bangalore-07,Bangalore,8th,1
2024-05-09,Rohan Verma,Bangalore-07,Bangalore,8th,1
2024-05-10,Rohan Verma,Bangalore-07,Bangalore,8th,1
2024-05-11,Rohan Verma,Bangalore-07,Bangalore,8th,1
2024-05-12,Rohan Verma,Bangalore-07,Bangalore,8th,1
2024-05-13,Rohan Verma,Bangalore-07,Bangalore,8th,1
2024-05-14,Rohan Verma,Bangalore-07,Bangalore,8th,1
2024-05-15,Rohan Verma,Bangalore-07,Bangalore,8th,1
2024-05-16,Rohan Verma,Bangalore-07,Bangalore,8th,1
2024-05-17,Rohan Verma,Bangalore-07,Bangalore,8th,1
2024-05-18,Rohan Verma,Bangalore-07,Bangalore,8th,1
2024-05-19,Rohan Verma,Bangalore-07,Bangalore,8th,1
2024-05-20,Rohan Verma,Bangalore-07,Bangalore,8th,1
2024-05-21,Rohan Verma,Bangalore-07,Bangalore,8th,1
2024-05-22,Rohan Verma,Bangalore-07,Bangalore,8th,1
2024-05-23,Rohan Verma,Bangalore-07,Bangalore,8th,1
2024-05-24,Rohan Verma,Bangalore-07,Bangalore,8th,1
2024-05-25,Rohan Verma,Bangalore-07,Bangalore,8th,0
2024-05-26,Rohan Verma,Bangalore-07,Bangalore,8th,1
2024-05-27,Rohan Verma,Bangalore-07,Bangalore,8th,1
2024-05-28,Rohan Verma,Bangalore-07,Bangalore,8th,1
2024-05-29,Rohan Verma,Bangalore-07,Bangalore,8th,0
2024-05-30,Rohan Verma,Bangalore-07,Bangalore,8th,1
2024-05-31,Rohan Verma,Bangalore-07,Bangalore,8th,1
2024-06-01,Rohan Verma,Bangalore-07,Bangalore,8th,1
2024-06-02,Rohan Verma,Bangalore-07,Bangalore,8th,1
2024-06-03,Rohan Verma,Bangalore-07,Bangalore,8th,0
2024-06-04,Rohan Verma,Bangalore-07,Bangalore,8th,1
2024-06-05,Rohan Verma,Bangalore-07,Bangalore,8th,1
2024-06-06,Rohan Verma,Bangalore-07,Bangalore,8th,0
2024-06-07,Rohan Verma,Bangalore-07,Bangalore,8th,1
2024-06-08,Rohan Verma,Bangalore-07,Bangalore,8th,1
2024-06-09,Rohan Verma,Bangalore-07,Bangalore,8th,1
2024-06-10,Rohan Verma,Bangalore-07,Bangalore,8th,1
2024-06-11,Rohan Verma,Bangalore-07,Bangalore,8th,1
2024-06-12,Rohan Verma,Bangalore-07,Bangalore,8th,1
2024-06-13,Rohan Verma,Bangalore-07,Bangalore,8th,1
2024-06-14,Rohan Verma,Bangalore-07,Bangalore,8th,1
2024-06-15,Rohan Verma,Bangalore-07,Bangalore,8th,1
2024-06-16,Rohan Verma,Bangalore-07,Bangalore,8th,1
2024-06-17,Rohan Verma,Bangalore-07,Bangalore,8th,1
2024-06-18,Rohan Verma,Bangalore-07,Bangalore,8th,1
2024-06-19,Rohan Verma,Bangalore-07,Bangalore,8th,1
2024-06-20,Rohan Verma,Bangalore-07,Bangalore,8th,1
2024-06-21,Rohan Verma,Bangalore-07,Bangalore,8th,0
2024-06-22,Rohan Verma,Bangalore-07,Bangalore,8th,1
2024-06-23,Rohan Verma,Bangalore-07,Bangalore,8th,1
2024-06-24,Rohan Verma,Bangalore-07,Bangalore,8th,1
2024-06-25,Rohan Verma,Bangalore-07,Bangalore,8th,1
2024-06-26,Rohan Verma,Bangalore-07,Bangalore,8th,0
2024-06-27,Rohan Verma,Bangalore-07,Bangalore,8th,1
2024-06-28,Rohan Verma,Bangalore-07,Bangalore,8th,1
2024-06-29,Rohan Verma,Bangalore-07,Bangalore,8th,0
2024-06-30,Rohan Verma,Bangalore-07,Bangalore,8th,1
2024-07-01,Rohan Verma,Bangalore-07,Bangalore,8th,1
2024-07-02,Rohan Verma,Bangalore-07,Bangalore,8th,1
2024-07-03,Rohan Verma,Bangalore-07,Bangalore,8th,1
2024-07-04,Rohan Verma,Bangalore-07,Bangalore,8th,1
2024-07-05,Rohan Verma,Bangalore-07,Bangalore,8th,1
2024-07-06,Rohan Verma,Bangalore-07,Bangalore,8th,1
2024-07-07,Rohan Verma,Bangalore-07,Bangalore,8th,1
2024-07-08,Rohan Verma,Bangalore-07,Bangalore,8th,1
2024-07-09,Rohan Verma,Bangalore-07,Bangalore,8th,1
2024-07-10,Rohan Verma,Bangalore-07,Bangalore,8th,0
2024-07-11,Rohan Verma,Bangalore-07,Bangalore,8th,1
2024-07-12,Rohan Verma,Bangalore-07,Bangalore,8th,1
2024-07-13,Rohan Verma,Bangalore-07,Bangalore,8th,1
2024-07-14,Rohan Verma,Bangalore-07,Bangalore,8th,1
2024-07-15,Rohan Verma,Bangalore-07,Bangalore,8th,1
2024-07-16,Rohan Verma,Bangalore-07,Bangalore,8th,1
2024-07-17,Rohan Verma,Bangalore-07,Bangalore,8th,1
2024-07-18,Rohan Verma,Bangalore-07,Bangalore,8th,1
2024-07-19,Rohan Verma,Bangalore-07,Bangalore,8th,1
2024-07-20,Rohan Verma,Bangalore-07,Bangalore,8th,1
2024-07-21,Rohan Verma,Bangalore-07,Bangalore,8th,0
2024-07-22,Rohan Verma,Bangalore-07,Bangalore,8th,1
2024-07-23,Rohan Verma,Bangalore-07,Bangalore,8th,1
2024-07-24,Rohan Verma,Bangalore-07,Bangalore,8th,1
2024-07-25,Rohan Verma,Bangalore-07,Bangalore,8th,1
2024-07-26,Rohan Verma,Bangalore-07,Bangalore,8th,1
2024-07-27,Rohan Verma,Bangalore-07,Bangalore,8th,1
2024-07-28,Rohan Verma,Bangalore-07,Bangalore,8th,1
2024-07-29,Rohan Verma,Bangalore-07,Bangalore,8th,1
2024-07-30,Rohan Verma,Bangalore-07,Bangalore,8th,0
2024-07-31,Rohan Verma,Bangalore-07,Bangalore,8th,1
2024-08-01,Rohan Verma,Bangalore-07,Bangalore,8th,1
2024-08-02,Rohan Verma,Bangalore-07,Bangalore,8th,1
2024-08-03,Rohan Verma,Bangalore-07,Bangalore,8th,1
2024-08-04,Rohan Verma,Bangalore-07,Bangalore,8th,1
2024-08-05,Rohan Verma,Bangalore-07,Bangalore,8th,1
2024-08-06,Rohan Verma,Bangalore-07,Bangalore,8th,1
2024-08-07,Rohan Verma,Bangalore-07,Bangalore,8th,1
2024-08-08,Rohan Verma,Bangalore-07,Bangalore,8th,1
2024-08-09,Rohan Verma,Bangalore-07,Bangalore,8th,0
2024-08-10,Rohan Verma,Bangalore-07,Bangalore,8th,1
2024-08-11,Rohan Verma,Bangalore-07,Bangalore,8th,1
2024-08-12,Rohan Verma,Bangalore-07,Bangalore,8th,1
2024-08-13,Rohan Verma,Bangalore-07,Bangalore,8th,1
2024-08-14,Rohan Verma,Bangalore-07,Bangalore,8th,1
2024-08-15,Rohan Verma,Bangalore-07,Bangalore,8th,1
2024-08-16,Rohan Verma,Bangalore-07,Bangalore,8th,1
2024-08-17,Rohan Verma,Bangalore-07,Bangalore,8th,1
2024-08-18,Rohan Verma,Bangalore-07,Bangalore,8th,0
2024-08-19,Rohan Verma,Bangalore-07,Bangalore,8th,1
2024-08-20,Rohan Verma,Bangalore-07,Bangalore,8th,1
2024-08-21,Rohan Verma,Bangalore-07,Bangalore,8th,1
2024-08-22,Rohan Verma,Bangalore-07,Bangalore,8th,1
2024-08-23,Rohan Verma,Bangalore-07,Bangalore,8th,0
2024-08-24,Rohan Verma,Bangalore-07,Bangalore,8th,1
2024-08-25,Rohan Verma,Bangalore-07,Bangalore,8th,1
2024-08-26,Rohan Verma,Bangalore-07,Bangalore,8th,1
2024-08-27,Rohan Verma,Bangalore-07,Bangalore,8th,1
2024-08-28,Rohan Verma,Bangalore-07,Bangalore,8th,1
2024-08-29,Rohan Verma,Bangalore-07,Bangalore,8th,0
2024-08-30,Rohan Verma,Bangalore-07,Bangalore,8th,1
2024-08-31,Rohan Verma,Bangalore-07,Bangalore,8th,1
2024-09-01,Rohan Verma,Bangalore-07,Bangalore,8th,1
2024-09-02,Rohan Verma,Bangalore-07,Bangalore,8th,1
2024-09-03,Rohan Verma,Bangalore-07,Bangalore,8th,1
2024-09-04,Rohan Verma,Bangalore-07,Bangalore,8th,1
2024-09-05,Rohan Verma,Bangalore-07,Bangalore,8th,1
2024-09-06,Rohan Verma,Bangalore-07,Bangalore,8th,1
2024-09-07,Rohan Verma,Bangalore-07,Bangalore,8th,1
2024-09-08,Rohan Verma,Bangalore-07,Bangalore,8th,1
2024-09-09,Rohan Verma,Bangalore-07,Bangalore,8th,1
2024-09-10,Rohan Verma,Bangalore-07,Bangalore,8th,1
2024-09-11,Rohan Verma,Bangalore-07,Bangalore,8th,1
2024-09-12,Rohan Verma,Bangalore-07,Bangalore,8th,1
2024-09-13,Rohan Verma,Bangalore-07,Bangalore,8th,1
2024-09-14,Rohan Verma,Bangalore-07,Bangalore,8th,1
2024-09-15,Rohan Verma,Bangalore-07,Bangalore,8th,1
2024-09-16,Rohan Verma,Bangalore-07,Bangalore,8th,1
2024-09-17,Rohan Verma,Bangalore-07,Bangalore,8th,1
2024-09-18,Rohan Verma,Bangalore-07,Bangalore,8th,1
2024-09-19,Rohan Verma,Bangalore-07,Bangalore,8th,1
2024-09-20,Rohan Verma,Bangalore-07,Bangalore,8th,1
2024-09-21,Rohan Verma,Bangalore-07,Bangalore,8th,1
2024-09-22,Rohan Verma,Bangalore-07,Bangalore,8th,0
2024-09-23,Rohan Verma,Bangalore-07,Bangalore,8th,1
2024-09-24,Rohan Verma,Bangalore-07,Bangalore,8th,1
2024-09-25,Rohan Verma,Bangalore-07,Bangalore,8th,1
2024-09-26,Rohan Verma,Bangalore-07,Bangalore,8th,1
2024-09-27,Rohan Verma,Bangalore-07,Bangalore,8th,1
2024-09-28,Rohan Verma,Bangalore-07,Bangalore,8th,1
2024-09-29,Rohan Verma,Bangalore-07,Bangalore,8th,1
2024-09-30,Rohan Verma,Bangalore-07,Bangalore,8th,1
2024-10-01,Rohan Verma,Bangalore-07,Bangalore,8th,1
2024-10-02,Rohan Verma,Bangalore-07,Bangalore,8th,1
2024-10-03,Rohan Verma,Bangalore-07,Bangalore,8th,1
2024-10-04,Rohan Verma,Bangalore-07,Bangalore,8th,1
2024-10-05,Rohan Verma,Bangalore-07,Bangalore,8th,1
2024-10-06,Rohan Verma,Bangalore-07,Bangalore,8th,1
2024-10-07,Rohan Verma,Bangalore-07,Bangalore,8th,1
2024-10-08,Rohan Verma,Bangalore-07,Bangalore,8th,1
2024-10-09,Rohan Verma,Bangalore-07,Bangalore,8th,0
2024-10-10,Rohan Verma,Bangalore-07,Bangalore,8th,1
2024-10-11,Rohan Verma,Bangalore-07,Bangalore,8th,1
2024-10-12,Rohan Verma,Bangalore-07,Bangalore,8th,1
2024-10-13,Rohan Verma,Bangalore-07,Bangalore,8th,1
2024-10-14,Rohan Verma,Bangalore-07,Bangalore,8th,1
2024-10-15,Rohan Verma,Bangalore-07,Bangalore,8th,1
2024-10-16,Rohan Verma,Bangalore-07,Bangalore,8th,0
2024-10-17,Rohan Verma,Bangalore-07,Bangalore,8th,1
2024-10-18,Rohan Verma,Bangalore-07,Bangalore,8th,1
2024-10-19,Rohan Verma,Bangalore-07,Bangalore,8th,0
2024-10-20,Rohan Verma,Bangalore-07,Bangalore,8th,0
2024-10-21,Rohan Verma,Bangalore-07,Bangalore,8th,1
2024-10-22,Rohan Verma,Bangalore-07,Bangalore,8th,0
2024-10-23,Rohan Verma,Bangalore-07,Bangalore,8th,1
2024-10-24,Rohan Verma,Bangalore-07,Bangalore,8th,1
2024-10-25,Rohan Verma,Bangalore-07,Bangalore,8th,1
2024-10-26,Rohan Verma,Bangalore-07,Bangalore,8th,1
2024-10-27,Rohan Verma,Bangalore-07,Bangalore,8th,1
2024-10-28,Rohan Verma,Bangalore-07,Bangalore,8th,0
2024-10-29,Rohan Verma,Bangalore-07,Bangalore,8th,1
2024-10-30,Rohan Verma,Bangalore-07,Bangalore,8th,1
2024-10-31,Rohan Verma,Bangalore-07,Bangalore,8th,1
2024-11-01,Rohan Verma,Bangalore-07,Bangalore,8th,1
2024-11-02,Rohan Verma,Bangalore-07,Bangalore,8th,1
2024-11-03,Rohan Verma,Bangalore-07,Bangalore,8th,1
2024-11-04,Rohan Verma,Bangalore-07,Bangalore,8th,1
2024-11-05,Rohan Verma,Bangalore-07,Bangalore,8th,1
2024-11-06,Rohan Verma,Bangalore-07,Bangalore,8th,0
2024-11-07,Rohan Verma,Bangalore-07,Bangalore,8th,1
2024-11-08,Rohan Verma,Bangalore-07,Bangalore,8th,1
2024-11-09,Rohan Verma,Bangalore-07,Bangalore,8th,1
2024-11-10,Rohan Verma,Bangalore-07,Bangalore,8th,1
2024-11-11,Rohan Verma,Bangalore-07,Bangalore,8th,1
2024-11-12,Rohan Verma,Bangalore-07,Bangalore,8th,1
2024-11-13,Rohan Verma,Bangalore-07,Bangalore,8th,1
2024-11-14,Rohan Verma,Bangalore-07,Bangalore,8th,1
2024-11-15,Rohan Verma,Bangalore-07,Bangalore,8th,1
2024-11-16,Rohan Verma,Bangalore-07,Bangalore,8th,1
2024-11-17,Rohan Verma,Bangalore-07,Bangalore,8th,1
2024-11-18,Rohan Verma,Bangalore-07,Bangalore,8th,1
2024-11-19,Rohan Verma,Bangalore-07,Bangalore,8th,1
2024-11-20,Rohan Verma,Bangalore-07,Bangalore,8th,1
2024-11-21,Rohan Verma,Bangalore-07,Bangalore,8th,1
2024-11-22,Rohan Verma,Bangalore-07,Bangalore,8th,0
2024-11-23,Rohan Verma,Bangalore-07,Bangalore,8th,1
2024-11-24,Rohan Verma,Bangalore-07,Bangalore,8th,1
2024-11-25,Rohan Verma,Bangalore-07,Bangalore,8th,1
2024-11-26,Rohan Verma,Bangalore-07,Bangalore,8th,1
2024-11-27,Rohan Verma,Bangalore-07,Bangalore,8th,1
2024-11-28,Rohan Verma,Bangalore-07,Bangalore,8th,1
2024-11-29,Rohan Verma,Bangalore-07,Bangalore,8th,1
2024-11-30,Rohan Verma,Bangalore-07,Bangalore,8th,1
2024-12-01,Rohan Verma,Bangalore-07,Bangalore,8th,0
2024-12-02,Rohan Verma,Bangalore-07,Bangalore,8th,1
2024-12-03,Rohan Verma,Bangalore-07,Bangalore,8th,0
2024-12-04,Rohan Verma,Bangalore-07,Bangalore,8th,1
2024-12-05,Rohan Verma,Bangalore-07,Bangalore,8th,1
2024-12-06,Rohan Verma,Bangalore-07,Bangalore,8th,1
2024-12-07,Rohan Verma,Bangalore-07,Bangalore,8th,1
2024-12-08,Rohan Verma,Bangalore-07,Bangalore,8th,1
2024-12-09,Rohan Verma,Bangalore-07,Bangalore,8th,1
2024-12-10,Rohan Verma,Bangalore-07,Bangalore,8th,1
2024-12-11,Rohan Verma,Bangalore-07,Bangalore,8th,1
2024-12-12,Rohan Verma,Bangalore-07,Bangalore,8th,0
2024-12-13,Rohan Verma,Bangalore-07,Bangalore,8th,1
2024-12-14,Rohan Verma,Bangalore-07,Bangalore,8th,1
2024-12-15,Rohan Verma,Bangalore-07,Bangalore,8th,1
2024-12-16,Rohan Verma,Bangalore-07,Bangalore,8th,1
2024-12-17,Rohan Verma,Bangalore-07,Bangalore,8th,1
2024-12-18,Rohan Verma,Bangalore-07,Bangalore,8th,0
2024-12-19,Rohan Verma,Bangalore-07,Bangalore,8th,0
2024-12-20,Rohan Verma,Bangalore-07,Bangalore,8th,1
2024-12-21,Rohan Verma,Bangalore-07,Bangalore,8th,1
2024-12-22,Rohan Verma,Bangalore-07,Bangalore,8th,1
2024-12-23,Rohan Verma,Bangalore-07,Bangalore,8th,1
2024-12-24,Rohan Verma,Bangalore-07,Bangalore,8th,1
2024-12-25,Rohan Verma,Bangalore-07,Bangalore,8th,1
2024-12-26,Rohan Verma,Bangalore-07,Bangalore,8th,1
2024-12-27,Rohan Verma,Bangalore-07,Bangalore,8th,1
2024-12-28,Rohan Verma,Bangalore-07,Bangalore,8th,1
2024-12-29,Rohan Verma,Bangalore-07,Bangalore,8th,1
2024-12-30,Rohan Verma,Bangalore-07,Bangalore,8th,1
2024-12-31,Rohan Verma,Bangalore-07,Bangalore,8th,1
2024-01-01,Anita Roy,Pune-01,Pune,6th,1
2024-01-02,Anita Roy,Pune-01,Pune,6th,1
2024-01-03,Anita Roy,Pune-01,Pune,6th,1
2024-01-04,Anita Roy,Pune-01,Pune,6th,1
2024-01-05,Anita Roy,Pune-01,Pune,6th,1
2024-01-06,Anita Roy,Pune-01,Pune,6th,1
2024-01-07,Anita Roy,Pune-01,Pune,6th,1
2024-01-08,Anita Roy,Pune-01,Pune,6th,1
2024-01-09,Anita Roy,Pune-01,Pune,6th,1
2024-01-10,Anita Roy,Pune-01,Pune,6th,1
2024-01-11,Anita Roy,Pune-01,Pune,6th,1
2024-01-12,Anita Roy,Pune-01,Pune,6th,1
2024-01-13,Anita Roy,Pune-01,Pune,6th,1
2024-01-14,Anita Roy,Pune-01,Pune,6th,1
2024-01-15,Anita Roy,Pune-01,Pune,6th,1
2024-01-16,Anita Roy,Pune-01,Pune,6th,0
2024-01-17,Anita Roy,Pune-01,Pune,6th,0
2024-01-18,Anita Roy,Pune-01,Pune,6th,1
2024-01-19,Anita Roy,Pune-01,Pune,6th,1
2024-01-20,Anita Roy,Pune-01,Pune,6th,1
2024-01-21,Anita Roy,Pune-01,Pune,6th,1
2024-01-22,Anita Roy,Pune-01,Pune,6th,1
2024-01-23,Anita Roy,Pune-01,Pune,6th,0
2024-01-24,Anita Roy,Pune-01,Pune,6th,1
2024-01-25,Anita Roy,Pune-01,Pune,6th,1
2024-01-26,Anita Roy,Pune-01,Pune,6th,0
2024-01-27,Anita Roy,Pune-01,Pune,6th,0
2024-01-28,Anita Roy,Pune-01,Pune,6th,1
2024-01-29,Anita Roy,Pune-01,Pune,6th,1
2024-01-30,Anita Roy,Pune-01,Pune,6th,1
2024-01-31,Anita Roy,Pune-01,Pune,6th,0
2024-02-01,Anita Roy,Pune-01,Pune,6th,1
2024-02-02,Anita Roy,Pune-01,Pune,6th,1
2024-02-03,Anita Roy,Pune-01,Pune,6th,1
2024-02-04,Anita Roy,Pune-01,Pune,6th,1
2024-02-05,Anita Roy,Pune-01,Pune,6th,0
2024-02-06,Anita Roy,Pune-01,Pune,6th,1
2024-02-07,Anita Roy,Pune-01,Pune,6th,1
2024-02-08,Anita Roy,Pune-01,Pune,6th,1
2024-02-09,Anita Roy,Pune-01,Pune,6th,0
2024-02-10,Anita Roy,Pune-01,Pune,6th,1
2024-02-11,Anita Roy,Pune-01,Pune,6th,0
2024-02-12,Anita Roy,Pune-01,Pune,6th,1
2024-02-13,Anita Roy,Pune-01,Pune,6th,0
2024-02-14,Anita Roy,Pune-01,Pune,6th,1
2024-02-15,Anita Roy,Pune-01,Pune,6th,0
2024-02-16,Anita Roy,Pune-01,Pune,6th,1
2024-02-17,Anita Roy,Pune-01,Pune,6th,1
2024-02-18,Anita Roy,Pune-01,Pune,6th,1
2024-02-19,Anita Roy,Pune-01,Pune,6th,1
2024-02-20,Anita Roy,Pune-01,Pune,6th,1
2024-02-21,Anita Roy,Pune-01,Pune,6th,1
2024-02-22,Anita Roy,Pune-01,Pune,6th,1
2024-02-23,Anita Roy,Pune-01,Pune,6th,0
2024-02-24,Anita Roy,Pune-01,Pune,6th,1
2024-02-25,Anita Roy,Pune-01,Pune,6th,1
2024-02-26,Anita Roy,Pune-01,Pune,6th,1
2024-02-27,Anita Roy,Pune-01,Pune,6th,1
2024-02-28,Anita Roy,Pune-01,Pune,6th,0
2024-02-29,Anita Roy,Pune-01,Pune,6th,1
2024-03-01,Anita Roy,Pune-01,Pune,6th,1
2024-03-02,Anita Roy,Pune-01,Pune,6th,0
2024-03-03,Anita Roy,Pune-01,Pune,6th,1
2024-03-04,Anita Roy,Pune-01,Pune,6th,0
2024-03-05,Anita Roy,Pune-01,Pune,6th,0
2024-03-06,Anita Roy,Pune-01,Pune,6th,0
2024-03-07,Anita Roy,Pune-01,Pune,6th,0
2024-03-08,Anita Roy,Pune-01,Pune,6th,1
2024-03-09,Anita Roy,Pune-01,Pune,6th,1
2024-03-10,Anita Roy,Pune-01,Pune,6th,1
2024-03-11,Anita Roy,Pune-01,Pune,6th,1
2024-03-12,Anita Roy,Pune-01,Pune,6th,1
2024-03-13,Anita Roy,Pune-01,Pune,6th,0
2024-03-14,Anita Roy,Pune-01,Pune,6th,1
2024-03-15,Anita Roy,Pune-01,Pune,6th,1
2024-03-16,Anita Roy,Pune-01,Pune,6th,1
2024-03-17,Anita Roy,Pune-01,Pune,6th,1
2024-03-18,Anita Roy,Pune-01,Pune,6th,1
2024-03-19,Anita Roy,Pune-01,Pune,6th,1
2024-03-20,Anita Roy,Pune-01,Pune,6th,1
2024-03-21,Anita Roy,Pune-01,Pune,6th,0
2024-03-22,Anita Roy,Pune-01,Pune,6th,1
2024-03-23,Anita Roy,Pune-01,Pune,6th,1
2024-03-24,Anita Roy,Pune-01,Pune,6th,1
2024-03-25,Anita Roy,Pune-01,Pune,6th,1
2024-03-26,Anita Roy,Pune-01,Pune,6th,1
2024-03-27,Anita Roy,Pune-01,Pune,6th,1
2024-03-28,Anita Roy,Pune-01,Pune,6th,1
2024-03-29,Anita Roy,Pune-01,Pune,6th,1
2024-03-30,Anita Roy,Pune-01,Pune,6th,1
2024-03-31,Anita Roy,Pune-01,Pune,6th,0
2024-04-01,Anita Roy,Pune-01,Pune,6th,0
2024-04-02,Anita Roy,Pune-01,Pune,6th,1
2024-04-03,Anita Roy,Pune-01,Pune,6th,1
2024-04-04,Anita Roy,Pune-01,Pune,6th,1
2024-04-05,Anita Roy,Pune-01,Pune,6th,1
2024-04-06,Anita Roy,Pune-01,Pune,6th,0
2024-04-07,Anita Roy,Pune-01,Pune,6th,0
2024-04-08,Anita Roy,Pune-01,Pune,6th,0
2024-04-09,Anita Roy,Pune-01,Pune,6th,1
2024-04-10,Anita Roy,Pune-01,Pune,6th,0
2024-04-11,Anita Roy,Pune-01,Pune,6th,1
2024-04-12,Anita Roy,Pune-01,Pune,6th,1
2024-04-13,Anita Roy,Pune-01,Pune,6th,1
2024-04-14,Anita Roy,Pune-01,Pune,6th,0
2024-04-15,Anita Roy,Pune-01,Pune,6th,1
2024-04-16,Anita Roy,Pune-01,Pune,6th,0
2024-04-17,Anita Roy,Pune-01,Pune,6th,1
2024-04-18,Anita Roy,Pune-01,Pune,6th,1
2024-04-19,Anita Roy,Pune-01,Pune,6th,1
2024-04-20,Anita Roy,Pune-01,Pune,6th,1
2024-04-21,Anita Roy,Pune-01,Pune,6th,1
2024-04-22,Anita Roy,Pune-01,Pune,6th,0
2024-04-23,Anita Roy,Pune-01,Pune,6th,1
2024-04-24,Anita Roy,Pune-01,Pune,6th,0
2024-04-25,Anita Roy,Pune-01,Pune,6th,0
2024-04-26,Anita Roy,Pune-01,Pune,6th,1
2024-04-27,Anita Roy,Pune-01,Pune,6th,1
2024-04-28,Anita Roy,Pune-01,Pune,6th,1
2024-04-29,Anita Roy,Pune-01,Pune,6th,1
2024-04-30,Anita Roy,Pune-01,Pune,6th,0
2024-05-01,Anita Roy,Pune-01,Pune,6th,1
2024-05-02,Anita Roy,Pune-01,Pune,6th,1
2024-05-03,Anita Roy,Pune-01,Pune,6th,1
2024-05-04,Anita Roy,Pune-01,Pune,6th,1
2024-05-05,Anita Roy,Pune-01,Pune,6th,1
2024-05-06,Anita Roy,Pune-01,Pune,6th,1
2024-05-07,Anita Roy,Pune-01,Pune,6th,1
2024-05-08,Anita Roy,Pune-01,Pune,6th,1
2024-05-09,Anita Roy,Pune-01,Pune,6th,1
2024-05-10,Anita Roy,Pune-01,Pune,6th,1
2024-05-11,Anita Roy,Pune-01,Pune,6th,1
2024-05-12,Anita Roy,Pune-01,Pune,6th,1
2024-05-13,Anita Roy,Pune-01,Pune,6th,0
2024-05-14,Anita Roy,Pune-01,Pune,6th,0
2024-05-15,Anita Roy,Pune-01,Pune,6th,1
2024-05-16,Anita Roy,Pune-01,Pune,6th,0
2024-05-17,Anita Roy,Pune-01,Pune,6th,0
2024-05-18,Anita Roy,Pune-01,Pune,6th,1
2024-05-19,Anita Roy,Pune-01,Pune,6th,1
2024-05-20,Anita Roy,Pune-01,Pune,6th,1
2024-05-21,Anita Roy,Pune-01,Pune,6th,1
2024-05-22,Anita Roy,Pune-01,Pune,6th,1
2024-05-23,Anita Roy,Pune-01,Pune,6th,1
2024-05-24,Anita Roy,Pune-01,Pune,6th,1
2024-05-25,Anita Roy,Pune-01,Pune,6th,1
2024-05-26,Anita Roy,Pune-01,Pune,6th,0
2024-05-27,Anita Roy,Pune-01,Pune,6th,1
2024-05-28,Anita Roy,Pune-01,Pune,6th,0
2024-05-29,Anita Roy,Pune-01,Pune,6th,1
2024-05-30,Anita Roy,Pune-01,Pune,6th,1
2024-05-31,Anita Roy,Pune-01,Pune,6th,0
2024-06-01,Anita Roy,Pune-01,Pune,6th,1
2024-06-02,Anita Roy,Pune-01,Pune,6th,1
2024-06-03,Anita Roy,Pune-01,Pune,6th,0
2024-06-04,Anita Roy,Pune-01,Pune,6th,1
2024-06-05,Anita Roy,Pune-01,Pune,6th,0
2024-06-06,Anita Roy,Pune-01,Pune,6th,1
2024-06-07,Anita Roy,Pune-01,Pune,6th,1
2024-06-08,Anita Roy,Pune-01,Pune,6th,0
2024-06-09,Anita Roy,Pune-01,Pune,6th,1
2024-06-10,Anita Roy,Pune-01,Pune,6th,0
2024-06-11,Anita Roy,Pune-01,Pune,6th,1
2024-06-12,Anita Roy,Pune-01,Pune,6th,1
2024-06-13,Anita Roy,Pune-01,Pune,6th,0
2024-06-14,Anita Roy,Pune-01,Pune,6th,0
2024-06-15,Anita Roy,Pune-01,Pune,6th,0
2024-06-16,Anita Roy,Pune-01,Pune,6th,0
2024-06-17,Anita Roy,Pune-01,Pune,6th,0
2024-06-18,Anita Roy,Pune-01,Pune,6th,1
2024-06-19,Anita Roy,Pune-01,Pune,6th,0
2024-06-20,Anita Roy,Pune-01,Pune,6th,0
2024-06-21,Anita Roy,Pune-01,Pune,6th,0
2024-06-22,Anita Roy,Pune-01,Pune,6th,0
2024-06-23,Anita Roy,Pune-01,Pune,6th,1
2024-06-24,Anita Roy,Pune-01,Pune,6th,1
2024-06-25,Anita Roy,Pune-01,Pune,6th,1
2024-06-26,Anita Roy,Pune-01,Pune,6th,1
2024-06-27,Anita Roy,Pune-01,Pune,6th,1
2024-06-28,Anita Roy,Pune-01,Pune,6th,0
2024-06-29,Anita Roy,Pune-01,Pune,6th,1
2024-06-30,Anita Roy,Pune-01,Pune,6th,0
2024-07-01,Anita Roy,Pune-01,Pune,6th,1
2024-07-02,Anita Roy,Pune-01,Pune,6th,1
2024-07-03,Anita Roy,Pune-01,Pune,6th,0
2024-07-04,Anita Roy,Pune-01,Pune,6th,0
2024-07-05,Anita Roy,Pune-01,Pune,6th,1
2024-07-06,Anita Roy,Pune-01,Pune,6th,1
2024-07-07,Anita Roy,Pune-01,Pune,6th,1
2024-07-08,Anita Roy,Pune-01,Pune,6th,1
2024-07-09,Anita Roy,Pune-01,Pune,6th,1
2024-07-10,Anita Roy,Pune-01,Pune,6th,1
2024-07-11,Anita Roy,Pune-01,Pune,6th,0
2024-07-12,Anita Roy,Pune-01,Pune,6th,1
2024-07-13,Anita Roy,Pune-01,Pune,6th,1
2024-07-14,Anita Roy,Pune-01,Pune,6th,1
2024-07-15,Anita Roy,Pune-01,Pune,6th,0
2024-07-16,Anita Roy,Pune-01,Pune,6th,0
2024-07-17,Anita Roy,Pune-01,Pune,6th,1
2024-07-18,Anita Roy,Pune-01,Pune,6th,1
2024-07-19,Anita Roy,Pune-01,Pune,6th,1
2024-07-20,Anita Roy,Pune-01,Pune,6th,1
2024-07-21,Anita Roy,Pune-01,Pune,6th,0
2024-07-22,Anita Roy,Pune-01,Pune,6th,1
2024-07-23,Anita Roy,Pune-01,Pune,6th,1
2024-07-24,Anita Roy,Pune-01,Pune,6th,1
2024-07-25,Anita Roy,Pune-01,Pune,6th,0
2024-07-26,Anita Roy,Pune-01,Pune,6th,1
2024-07-27,Anita Roy,Pune-01,Pune,6th,1
2024-07-28,Anita Roy,Pune-01,Pune,6th,1
2024-07-29,Anita Roy,Pune-01,Pune,6th,0
2024-07-30,Anita Roy,Pune-01,Pune,6th,1
2024-07-31,Anita Roy,Pune-01,Pune,6th,0
2024-08-01,Anita Roy,Pune-01,Pune,6th,1
2024-08-02,Anita Roy,Pune-01,Pune,6th,1
2024-08-03,Anita Roy,Pune-01,Pune,6th,0
2024-08-04,Anita Roy,Pune-01,Pune,6th,1
2024-08-05,Anita Roy,Pune-01,Pune,6th,1
2024-08-06,Anita Roy,Pune-01,Pune,6th,1
2024-08-07,Anita Roy,Pune-01,Pune,6th,0
2024-08-08,Anita Roy,Pune-01,Pune,6th,1
2024-08-09,Anita Roy,Pune-01,Pune,6th,1
2024-08-10,Anita Roy,Pune-01,Pune,6th,1
2024-08-11,Anita Roy,Pune-01,Pune,6th,1
2024-08-12,Anita Roy,Pune-01,Pune,6th,1
2024-08-13,Anita Roy,Pune-01,Pune,6th,1
2024-08-14,Anita Roy,Pune-01,Pune,6th,1
2024-08-15,Anita Roy,Pune-01,Pune,6th,1
2024-08-16,Anita Roy,Pune-01,Pune,6th,1
2024-08-17,Anita Roy,Pune-01,Pune,6th,1
2024-08-18,Anita Roy,Pune-01,Pune,6th,1
2024-08-19,Anita Roy,Pune-01,Pune,6th,0
2024-08-20,Anita Roy,Pune-01,Pune,6th,1
2024-08-21,Anita Roy,Pune-01,Pune,6th,1
2024-08-22,Anita Roy,Pune-01,Pune,6th,0
2024-08-23,Anita Roy,Pune-01,Pune,6th,1
2024-08-24,Anita Roy,Pune-01,Pune,6th,1
2024-08-25,Anita Roy,Pune-01,Pune,6th,1
2024-08-26,Anita Roy,Pune-01,Pune,6th,1
2024-08-27,Anita Roy,Pune-01,Pune,6th,1
2024-08-28,Anita Roy,Pune-01,Pune,6th,0
2024-08-29,Anita Roy,Pune-01,Pune,6th,1
2024-08-30,Anita Roy,Pune-01,Pune,6th,0
2024-08-31,Anita Roy,Pune-01,Pune,6th,1
2024-09-01,Anita Roy,Pune-01,Pune,6th,1
2024-09-02,Anita Roy,Pune-01,Pune,6th,1
2024-09-03,Anita Roy,Pune-01,Pune,6th,1
2024-09-04,Anita Roy,Pune-01,Pune,6th,1
2024-09-05,Anita Roy,Pune-01,Pune,6th,1
2024-09-06,Anita Roy,Pune-01,Pune,6th,1
2024-09-07,Anita Roy,Pune-01,Pune,6th,1
2024-09-08,Anita Roy,Pune-01,Pune,6th,0
2024-09-09,Anita Roy,Pune-01,Pune,6th,1
2024-09-10,Anita Roy,Pune-01,Pune,6th,1
2024-09-11,Anita Roy,Pune-01,Pune,6th,0
2024-09-12,Anita Roy,Pune-01,Pune,6th,1
2024-09-13,Anita Roy,Pune-01,Pune,6th,1
2024-09-14,Anita Roy,Pune-01,Pune,6th,0
2024-09-15,Anita Roy,Pune-01,Pune,6th,1
2024-09-16,Anita Roy,Pune-01,Pune,6th,0
2024-09-17,Anita Roy,Pune-01,Pune,6th,0
2024-09-18,Anita Roy,Pune-01,Pune,6th,1
2024-09-19,Anita Roy,Pune-01,Pune,6th,1
2024-09-20,Anita Roy,Pune-01,Pune,6th,1
2024-09-21,Anita Roy,Pune-01,Pune,6th,1
2024-09-22,Anita Roy,Pune-01,Pune,6th,0
2024-09-23,Anita Roy,Pune-01,Pune,6th,1
2024-09-24,Anita Roy,Pune-01,Pune,6th,1
2024-09-25,Anita Roy,Pune-01,Pune,6th,1
2024-09-26,Anita Roy,Pune-01,Pune,6th,1
2024-09-27,Anita Roy,Pune-01,Pune,6th,1
2024-09-28,Anita Roy,Pune-01,Pune,6th,1
2024-09-29,Anita Roy,Pune-01,Pune,6th,1
2024-09-30,Anita Roy,Pune-01,Pune,6th,0
2024-10-01,Anita Roy,Pune-01,Pune,6th,1
2024-10-02,Anita Roy,Pune-01,Pune,6th,1
2024-10-03,Anita Roy,Pune-01,Pune,6th,0
2024-10-04,Anita Roy,Pune-01,Pune,6th,0
2024-10-05,Anita Roy,Pune-01,Pune,6th,1
2024-10-06,Anita Roy,Pune-01,Pune,6th,0
2024-10-07,Anita Roy,Pune-01,Pune,6th,0
2024-10-08,Anita Roy,Pune-01,Pune,6th,0
2024-10-09,Anita Roy,Pune-01,Pune,6th,1
2024-10-10,Anita Roy,Pune-01,Pune,6th,0
2024-10-11,Anita Roy,Pune-01,Pune,6th,1
2024-10-12,Anita Roy,Pune-01,Pune,6th,0
2024-10-13,Anita Roy,Pune-01,Pune,6th,1
2024-10-14,Anita Roy,Pune-01,Pune,6th,1
2024-10-15,Anita Roy,Pune-01,Pune,6th,0
2024-10-16,Anita Roy,Pune-01,Pune,6th,1
2024-10-17,Anita Roy,Pune-01,Pune,6th,1
2024-10-18,Anita Roy,Pune-01,Pune,6th,0
2024-10-19,Anita Roy,Pune-01,Pune,6th,1
2024-10-20,Anita Roy,Pune-01,Pune,6th,0
2024-10-21,Anita Roy,Pune-01,Pune,6th,0
2024-10-22,Anita Roy,Pune-01,Pune,6th,1
2024-10-23,Anita Roy,Pune-01,Pune,6th,1
2024-10-24,Anita Roy,Pune-01,Pune,6th,0
2024-10-25,Anita Roy,Pune-01,Pune,6th,0
2024-10-26,Anita Roy,Pune-01,Pune,6th,1
2024-10-27,Anita Roy,Pune-01,Pune,6th,0
2024-10-28,Anita Roy,Pune-01,Pune,6th,0
2024-10-29,Anita Roy,Pune-01,Pune,6th,0
2024-10-30,Anita Roy,Pune-01,Pune,6th,1
2024-10-31,Anita Roy,Pune-01,Pune,6th,0
2024-11-01,Anita Roy,Pune-01,Pune,6th,1
2024-11-02,Anita Roy,Pune-01,Pune,6th,1
2024-11-03,Anita Roy,Pune-01,Pune,6th,1
2024-11-04,Anita Roy,Pune-01,Pune,6th,1
2024-11-05,Anita Roy,Pune-01,Pune,6th,0
2024-11-06,Anita Roy,Pune-01,Pune,6th,0
2024-11-07,Anita Roy,Pune-01,Pune,6th,1
2024-11-08,Anita Roy,Pune-01,Pune,6th,1
2024-11-09,Anita Roy,Pune-01,Pune,6th,1
2024-11-10,Anita Roy,Pune-01,Pune,6th,0
2024-11-11,Anita Roy,Pune-01,Pune,6th,0
2024-11-12,Anita Roy,Pune-01,Pune,6th,1
2024-11-13,Anita Roy,Pune-01,Pune,6th,1
2024-11-14,Anita Roy,Pune-01,Pune,6th,1
2024-11-15,Anita Roy,Pune-01,Pune,6th,0
2024-11-16,Anita Roy,Pune-01,Pune,6th,1
2024-11-17,Anita Roy,Pune-01,Pune,6th,1
2024-11-18,Anita Roy,Pune-01,Pune,6th,1
2024-11-19,Anita Roy,Pune-01,Pune,6th,1
2024-11-20,Anita Roy,Pune-01,Pune,6th,1
2024-11-21,Anita Roy,Pune-01,Pune,6th,1
2024-11-22,Anita Roy,Pune-01,Pune,6th,0
2024-11-23,Anita Roy,Pune-01,Pune,6th,1
2024-11-24,Anita Roy,Pune-01,Pune,6th,1
2024-11-25,Anita Roy,Pune-01,Pune,6th,1
2024-11-26,Anita Roy,Pune-01,Pune,6th,0
2024-11-27,Anita Roy,Pune-01,Pune,6th,0
2024-11-28,Anita Roy,Pune-01,Pune,6th,0
2024-11-29,Anita Roy,Pune-01,Pune,6th,0
2024-11-30,Anita Roy,Pune-01,Pune,6th,1
2024-12-01,Anita Roy,Pune-01,Pune,6th,0
2024-12-02,Anita Roy,Pune-01,Pune,6th,1
2024-12-03,Anita Roy,Pune-01,Pune,6th,0
2024-12-04,Anita Roy,Pune-01,Pune,6th,1
2024-12-05,Anita Roy,Pune-01,Pune,6th,1
2024-12-06,Anita Roy,Pune-01,Pune,6th,1
2024-12-07,Anita Roy,Pune-01,Pune,6th,1
2024-12-08,Anita Roy,Pune-01,Pune,6th,1
2024-12-09,Anita Roy,Pune-01,Pune,6th,1
2024-12-10,Anita Roy,Pune-01,Pune,6th,1
2024-12-11,Anita Roy,Pune-01,Pune,6th,0
2024-12-12,Anita Roy,Pune-01,Pune,6th,1
2024-12-13,Anita Roy,Pune-01,Pune,6th,1
2024-12-14,Anita Roy,Pune-01,Pune,6th,0
2024-12-15,Anita Roy,Pune-01,Pune,6th,1
2024-12-16,Anita Roy,Pune-01,Pune,6th,0
2024-12-17,Anita Roy,Pune-01,Pune,6th,0
2024-12-18,Anita Roy,Pune-01,Pune,6th,0
2024-12-19,Anita Roy,Pune-01,Pune,6th,0
2024-12-20,Anita Roy,Pune-01,Pune,6th,0
2024-12-21,Anita Roy,Pune-01,Pune,6th,1
2024-12-22,Anita Roy,Pune-01,Pune,6th,0
2024-12-23,Anita Roy,Pune-01,Pune,6th,1
2024-12-24,Anita Roy,Pune-01,Pune,6th,1
2024-12-25,Anita Roy,Pune-01,Pune,6th,0
2024-12-26,Anita Roy,Pune-01,Pune,6th,1
2024-12-27,Anita Roy,Pune-01,Pune,6th,1
2024-12-28,Anita Roy,Pune-01,Pune,6th,1
2024-12-29,Anita Roy,Pune-01,Pune,6th,1
2024-12-30,Anita Roy,Pune-01,Pune,6th,1
2024-12-31,Anita Roy,Pune-01,Pune,6th,0
2024-01-01,Sanjay Kumar,Mumbai-03,Mumbai,7th,1
2024-01-02,Sanjay Kumar,Mumbai-03,Mumbai,7th,1
2024-01-03,Sanjay Kumar,Mumbai-03,Mumbai,7th,1
2024-01-04,Sanjay Kumar,Mumbai-03,Mumbai,7th,1
2024-01-05,Sanjay Kumar,Mumbai-03,Mumbai,7th,1
2024-01-06,Sanjay Kumar,Mumbai-03,Mumbai,7th,0
2024-01-07,Sanjay Kumar,Mumbai-03,Mumbai,7th,1
2024-01-08,Sanjay Kumar,Mumbai-03,Mumbai,7th,1
2024-01-09,Sanjay Kumar,Mumbai-03,Mumbai,7th,1
2024-01-10,Sanjay Kumar,Mumbai-03,Mumbai,7th,1
2024-01-11,Sanjay Kumar,Mumbai-03,Mumbai,7th,1
2024-01-12,Sanjay Kumar,Mumbai-03,Mumbai,7th,1
2024-01-13,Sanjay Kumar,Mumbai-03,Mumbai,7th,1
2024-01-14,Sanjay Kumar,Mumbai-03,Mumbai,7th,1
2024-01-15,Sanjay Kumar,Mumbai-03,Mumbai,7th,1
2024-01-16,Sanjay Kumar,Mumbai-03,Mumbai,7th,1
2024-01-17,Sanjay Kumar,Mumbai-03,Mumbai,7th,1
2024-01-18,Sanjay Kumar,Mumbai-03,Mumbai,7th,1
2024-01-19,Sanjay Kumar,Mumbai-03,Mumbai,7th,1
2024-01-20,Sanjay Kumar,Mumbai-03,Mumbai,7th,0
2024-01-21,Sanjay Kumar,Mumbai-03,Mumbai,7th,1
2024-01-22,Sanjay Kumar,Mumbai-03,Mumbai,7th,1
2024-01-23,Sanjay Kumar,Mumbai-03,Mumbai,7th,0
2024-01-24,Sanjay Kumar,Mumbai-03,Mumbai,7th,1
2024-01-25,Sanjay Kumar,Mumbai-03,Mumbai,7th,1
2024-01-26,Sanjay Kumar,Mumbai-03,Mumbai,7th,0
2024-01-27,Sanjay Kumar,Mumbai-03,Mumbai,7th,1
2024-01-28,Sanjay Kumar,Mumbai-03,Mumbai,7th,1
2024-01-29,Sanjay Kumar,Mumbai-03,Mumbai,7th,1
2024-01-30,Sanjay Kumar,Mumbai-03,Mumbai,7th,1
2024-01-31,Sanjay Kumar,Mumbai-03,Mumbai,7th,1
2024-02-01,Sanjay Kumar,Mumbai-03,Mumbai,7th,1
2024-02-02,Sanjay Kumar,Mumbai-03,Mumbai,7th,1
2024-02-03,Sanjay Kumar,Mumbai-03,Mumbai,7th,0
2024-02-04,Sanjay Kumar,Mumbai-03,Mumbai,7th,1
2024-02-05,Sanjay Kumar,Mumbai-03,Mumbai,7th,0
2024-02-06,Sanjay Kumar,Mumbai-03,Mumbai,7th,0
2024-02-07,Sanjay Kumar,Mumbai-03,Mumbai,7th,1
2024-02-08,Sanjay Kumar,Mumbai-03,Mumbai,7th,1
2024-02-09,Sanjay Kumar,Mumbai-03,Mumbai,7th,1
2024-02-10,Sanjay Kumar,Mumbai-03,Mumbai,7th,1
2024-02-11,Sanjay Kumar,Mumbai-03,Mumbai,7th,1
2024-02-12,Sanjay Kumar,Mumbai-03,Mumbai,7th,1
2024-02-13,Sanjay Kumar,Mumbai-03,Mumbai,7th,1
2024-02-14,Sanjay Kumar,Mumbai-03,Mumbai,7th,1
2024-02-15,Sanjay Kumar,Mumbai-03,Mumbai,7th,1
2024-02-16,Sanjay Kumar,Mumbai-03,Mumbai,7th,1
2024-02-17,Sanjay Kumar,Mumbai-03,Mumbai,7th,0
2024-02-18,Sanjay Kumar,Mumbai-03,Mumbai,7th,1
2024-02-19,Sanjay Kumar,Mumbai-03,Mumbai,7th,1
2024-02-20,Sanjay Kumar,Mumbai-03,Mumbai,7th,0
2024-02-21,Sanjay Kumar,Mumbai-03,Mumbai,7th,1
2024-02-22,Sanjay Kumar,Mumbai-03,Mumbai,7th,0
2024-02-23,Sanjay Kumar,Mumbai-03,Mumbai,7th,0
2024-02-24,Sanjay Kumar,Mumbai-03,Mumbai,7th,1
2024-02-25,Sanjay Kumar,Mumbai-03,Mumbai,7th,1
2024-02-26,Sanjay Kumar,Mumbai-03,Mumbai,7th,1
2024-02-27,Sanjay Kumar,Mumbai-03,Mumbai,7th,1
2024-02-28,Sanjay Kumar,Mumbai-03,Mumbai,7th,1
2024-02-29,Sanjay Kumar,Mumbai-03,Mumbai,7th,0
2024-03-01,Sanjay Kumar,Mumbai-03,Mumbai,7th,1
2024-03-02,Sanjay Kumar,Mumbai-03,Mumbai,7th,1
2024-03-03,Sanjay Kumar,Mumbai-03,Mumbai,7th,0
2024-03-04,Sanjay Kumar,Mumbai-03,Mumbai,7th,1
2024-03-05,Sanjay Kumar,Mumbai-03,Mumbai,7th,1
2024-03-06,Sanjay Kumar,Mumbai-03,Mumbai,7th,1
2024-03-07,Sanjay Kumar,Mumbai-03,Mumbai,7th,1
2024-03-08,Sanjay Kumar,Mumbai-03,Mumbai,7th,1
2024-03-09,Sanjay Kumar,Mumbai-03,Mumbai,7th,1
2024-03-10,Sanjay Kumar,Mumbai-03,Mumbai,7th,0
2024-03-11,Sanjay Kumar,Mumbai-03,Mumbai,7th,0
2024-03-12,Sanjay Kumar,Mumbai-03,Mumbai,7th,1
2024-03-13,Sanjay Kumar,Mumbai-03,Mumbai,7th,0
2024-03-14,Sanjay Kumar,Mumbai-03,Mumbai,7th,1
2024-03-15,Sanjay Kumar,Mumbai-03,Mumbai,7th,1
2024-03-16,Sanjay Kumar,Mumbai-03,Mumbai,7th,1
2024-03-17,Sanjay Kumar,Mumbai-03,Mumbai,7th,0
2024-03-18,Sanjay Kumar,Mumbai-03,Mumbai,7th,1
2024-03-19,Sanjay Kumar,Mumbai-03,Mumbai,7th,0
2024-03-20,Sanjay Kumar,Mumbai-03,Mumbai,7th,1
2024-03-21,Sanjay Kumar,Mumbai-03,Mumbai,7th,1
2024-03-22,Sanjay Kumar,Mumbai-03,Mumbai,7th,1
2024-03-23,Sanjay Kumar,Mumbai-03,Mumbai,7th,1
2024-03-24,Sanjay Kumar,Mumbai-03,Mumbai,7th,1
2024-03-25,Sanjay Kumar,Mumbai-03,Mumbai,7th,1
2024-03-26,Sanjay Kumar,Mumbai-03,Mumbai,7th,1
2024-03-27,Sanjay Kumar,Mumbai-03,Mumbai,7th,0
2024-03-28,Sanjay Kumar,Mumbai-03,Mumbai,7th,1
2024-03-29,Sanjay Kumar,Mumbai-03,Mumbai,7th,1
2024-03-30,Sanjay Kumar,Mumbai-03,Mumbai,7th,1
2024-03-31,Sanjay Kumar,Mumbai-03,Mumbai,7th,1
2024-04-01,Sanjay Kumar,Mumbai-03,Mumbai,7th,1
2024-04-02,Sanjay Kumar,Mumbai-03,Mumbai,7th,1
2024-04-03,Sanjay Kumar,Mumbai-03,Mumbai,7th,1
2024-04-04,Sanjay Kumar,Mumbai-03,Mumbai,7th,1
2024-04-05,Sanjay Kumar,Mumbai-03,Mumbai,7th,1
2024-04-06,Sanjay Kumar,Mumbai-03,Mumbai,7th,0
2024-04-07,Sanjay Kumar,Mumbai-03,Mumbai,7th,1
2024-04-08,Sanjay Kumar,Mumbai-03,Mumbai,7th,1
2024-04-09,Sanjay Kumar,Mumbai-03,Mumbai,7th,0
2024-04-10,Sanjay Kumar,Mumbai-03,Mumbai,7th,1
2024-04-11,Sanjay Kumar,Mumbai-03,Mumbai,7th,0
2024-04-12,Sanjay Kumar,Mumbai-03,Mumbai,7th,1
2024-04-13,Sanjay Kumar,Mumbai-03,Mumbai,7th,1
2024-04-14,Sanjay Kumar,Mumbai-03,Mumbai,7th,1
2024-04-15,Sanjay Kumar,Mumbai-03,Mumbai,7th,1
2024-04-16,Sanjay Kumar,Mumbai-03,Mumbai,7th,1
2024-04-17,Sanjay Kumar,Mumbai-03,Mumbai,7th,1
2024-04-18,Sanjay Kumar,Mumbai-03,Mumbai,7th,1
2024-04-19,Sanjay Kumar,Mumbai-03,Mumbai,7th,1
2024-04-20,Sanjay Kumar,Mumbai-03,Mumbai,7th,1
2024-04-21,Sanjay Kumar,Mumbai-03,Mumbai,7th,1
2024-04-22,Sanjay Kumar,Mumbai-03,Mumbai,7th,1
2024-04-23,Sanjay Kumar,Mumbai-03,Mumbai,7th,1
2024-04-24,Sanjay Kumar,Mumbai-03,Mumbai,7th,1
2024-04-25,Sanjay Kumar,Mumbai-03,Mumbai,7th,1
2024-04-26,Sanjay Kumar,Mumbai-03,Mumbai,7th,1
2024-04-27,Sanjay Kumar,Mumbai-03,Mumbai,7th,1
2024-04-28,Sanjay Kumar,Mumbai-03,Mumbai,7th,1
2024-04-29,Sanjay Kumar,Mumbai-03,Mumbai,7th,1
2024-04-30,Sanjay Kumar,Mumbai-03,Mumbai,7th,1
2024-05-01,Sanjay Kumar,Mumbai-03,Mumbai,7th,1
2024-05-02,Sanjay Kumar,Mumbai-03,Mumbai,7th,0
2024-05-03,Sanjay Kumar,Mumbai-03,Mumbai,7th,1
2024-05-04,Sanjay Kumar,Mumbai-03,Mumbai,7th,1
2024-05-05,Sanjay Kumar,Mumbai-03,Mumbai,7th,1
2024-05-06,Sanjay Kumar,Mumbai-03,Mumbai,7th,0
2024-05-07,Sanjay Kumar,Mumbai-03,Mumbai,7th,1
2024-05-08,Sanjay Kumar,Mumbai-03,Mumbai,7th,1
2024-05-09,Sanjay Kumar,Mumbai-03,Mumbai,7th,0
2024-05-10,Sanjay Kumar,Mumbai-03,Mumbai,7th,1
2024-05-11,Sanjay Kumar,Mumbai-03,Mumbai,7th,1
2024-05-12,Sanjay Kumar,Mumbai-03,Mumbai,7th,1
2024-05-13,Sanjay Kumar,Mumbai-03,Mumbai,7th,1
2024-05-14,Sanjay Kumar,Mumbai-03,Mumbai,7th,1
2024-05-15,Sanjay Kumar,Mumbai-03,Mumbai,7th,0
2024-05-16,Sanjay Kumar,Mumbai-03,Mumbai,7th,1
2024-05-17,Sanjay Kumar,Mumbai-03,Mumbai,7th,1
2024-05-18,Sanjay Kumar,Mumbai-03,Mumbai,7th,1
2024-05-19,Sanjay Kumar,Mumbai-03,Mumbai,7th,1
2024-05-20,Sanjay Kumar,Mumbai-03,Mumbai,7th,1
2024-05-21,Sanjay Kumar,Mumbai-03,Mumbai,7th,1
2024-05-22,Sanjay Kumar,Mumbai-03,Mumbai,7th,1
2024-05-23,Sanjay Kumar,Mumbai-03,Mumbai,7th,1
2024-05-24,Sanjay Kumar,Mumbai-03,Mumbai,7th,1
2024-05-25,Sanjay Kumar,Mumbai-03,Mumbai,7th,1
2024-05-26,Sanjay Kumar,Mumbai-03,Mumbai,7th,0
2024-05-27,Sanjay Kumar,Mumbai-03,Mumbai,7th,1
2024-05-28,Sanjay Kumar,Mumbai-03,Mumbai,7th,1
2024-05-29,Sanjay Kumar,Mumbai-03,Mumbai,7th,1
2024-05-30,Sanjay Kumar,Mumbai-03,Mumbai,7th,1
2024-05-31,Sanjay Kumar,Mumbai-03,Mumbai,7th,1
2024-06-01,Sanjay Kumar,Mumbai-03,Mumbai,7th,1
2024-06-02,Sanjay Kumar,Mumbai-03,Mumbai,7th,1
2024-06-03,Sanjay Kumar,Mumbai-03,Mumbai,7th,1
2024-06-04,Sanjay Kumar,Mumbai-03,Mumbai,7th,1
2024-06-05,Sanjay Kumar,Mumbai-03,Mumbai,7th,1
2024-06-06,Sanjay Kumar,Mumbai-03,Mumbai,7th,1
2024-06-07,Sanjay Kumar,Mumbai-03,Mumbai,7th,1
2024-06-08,Sanjay Kumar,Mumbai-03,Mumbai,7th,1
2024-06-09,Sanjay Kumar,Mumbai-03,Mumbai,7th,0
2024-06-10,Sanjay Kumar,Mumbai-03,Mumbai,7th,1
2024-06-11,Sanjay Kumar,Mumbai-03,Mumbai,7th,1
2024-06-12,Sanjay Kumar,Mumbai-03,Mumbai,7th,1
2024-06-13,Sanjay Kumar,Mumbai-03,Mumbai,7th,1
2024-06-14,Sanjay Kumar,Mumbai-03,Mumbai,7th,1
2024-06-15,Sanjay Kumar,Mumbai-03,Mumbai,7th,1
2024-06-16,Sanjay Kumar,Mumbai-03,Mumbai,7th,1
2024-06-17,Sanjay Kumar,Mumbai-03,Mumbai,7th,1
2024-06-18,Sanjay Kumar,Mumbai-03,Mumbai,7th,1
2024-06-19,Sanjay Kumar,Mumbai-03,Mumbai,7th,1
2024-06-20,Sanjay Kumar,Mumbai-03,Mumbai,7th,0
2024-06-21,Sanjay Kumar,Mumbai-03,Mumbai,7th,1
2024-06-22,Sanjay Kumar,Mumbai-03,Mumbai,7th,1
2024-06-23,Sanjay Kumar,Mumbai-03,Mumbai,7th,1
2024-06-24,Sanjay Kumar,Mumbai-03,Mumbai,7th,1
2024-06-25,Sanjay Kumar,Mumbai-03,Mumbai,7th,1
2024-06-26,Sanjay Kumar,Mumbai-03,Mumbai,7th,1
2024-06-27,Sanjay Kumar,Mumbai-03,Mumbai,7th,0
2024-06-28,Sanjay Kumar,Mumbai-03,Mumbai,7th,1
2024-06-29,Sanjay Kumar,Mumbai-03,Mumbai,7th,1
2024-06-30,Sanjay Kumar,Mumbai-03,Mumbai,7th,1
2024-07-01,Sanjay Kumar,Mumbai-03,Mumbai,7th,1
2024-07-02,Sanjay Kumar,Mumbai-03,Mumbai,7th,1
2024-07-03,Sanjay Kumar,Mumbai-03,Mumbai,7th,1
2024-07-04,Sanjay Kumar,Mumbai-03,Mumbai,7th,1
2024-07-05,Sanjay Kumar,Mumbai-03,Mumbai,7th,1
2024-07-06,Sanjay Kumar,Mumbai-03,Mumbai,7th,1
2024-07-07,Sanjay Kumar,Mumbai-03,Mumbai,7th,1
2024-07-08,Sanjay Kumar,Mumbai-03,Mumbai,7th,1
2024-07-09,Sanjay Kumar,Mumbai-03,Mumbai,7th,1
2024-07-10,Sanjay Kumar,Mumbai-03,Mumbai,7th,0
2024-07-11,Sanjay Kumar,Mumbai-03,Mumbai,7th,1
2024-07-12,Sanjay Kumar,Mumbai-03,Mumbai,7th,0
2024-07-13,Sanjay Kumar,Mumbai-03,Mumbai,7th,0
2024-07-14,Sanjay Kumar,Mumbai-03,Mumbai,7th,1
2024-07-15,Sanjay Kumar,Mumbai-03,Mumbai,7th,1
2024-07-16,Sanjay Kumar,Mumbai-03,Mumbai,7th,1
2024-07-17,Sanjay Kumar,Mumbai-03,Mumbai,7th,1
2024-07-18,Sanjay Kumar,Mumbai-03,Mumbai,7th,1
2024-07-19,Sanjay Kumar,Mumbai-03,Mumbai,7th,1
2024-07-20,Sanjay Kumar,Mumbai-03,Mumbai,7th,1
2024-07-21,Sanjay Kumar,Mumbai-03,Mumbai,7th,0
2024-07-22,Sanjay Kumar,Mumbai-03,Mumbai,7th,1
2024-07-23,Sanjay Kumar,Mumbai-03,Mumbai,7th,0
2024-07-24,Sanjay Kumar,Mumbai-03,Mumbai,7th,0
2024-07-25,Sanjay Kumar,Mumbai-03,Mumbai,7th,1
2024-07-26,Sanjay Kumar,Mumbai-03,Mumbai,7th,1
2024-07-27,Sanjay Kumar,Mumbai-03,Mumbai,7th,0
2024-07-28,Sanjay Kumar,Mumbai-03,Mumbai,7th,1
2024-07-29,Sanjay Kumar,Mumbai-03,Mumbai,7th,1
2024-07-30,Sanjay Kumar,Mumbai-03,Mumbai,7th,1
2024-07-31,Sanjay Kumar,Mumbai-03,Mumbai,7th,1
2024-08-01,Sanjay Kumar,Mumbai-03,Mumbai,7th,0
2024-08-02,Sanjay Kumar,Mumbai-03,Mumbai,7th,1
2024-08-03,Sanjay Kumar,Mumbai-03,Mumbai,7th,1
2024-08-04,Sanjay Kumar,Mumbai-03,Mumbai,7th,0
2024-08-05,Sanjay Kumar,Mumbai-03,Mumbai,7th,1
2024-08-06,Sanjay Kumar,Mumbai-03,Mumbai,7th,1
2024-08-07,Sanjay Kumar,Mumbai-03,Mumbai,7th,0
2024-08-08,Sanjay Kumar,Mumbai-03,Mumbai,7th,0
2024-08-09,Sanjay Kumar,Mumbai-03,Mumbai,7th,1
2024-08-10,Sanjay Kumar,Mumbai-03,Mumbai,7th,1
2024-08-11,Sanjay Kumar,Mumbai-03,Mumbai,7th,1
2024-08-12,Sanjay Kumar,Mumbai-03,Mumbai,7th,1
2024-08-13,Sanjay Kumar,Mumbai-03,Mumbai,7th,1
2024-08-14,Sanjay Kumar,Mumbai-03,Mumbai,7th,1
2024-08-15,Sanjay Kumar,Mumbai-03,Mumbai,7th,1
2024-08-16,Sanjay Kumar,Mumbai-03,Mumbai,7th,1
2024-08-17,Sanjay Kumar,Mumbai-03,Mumbai,7th,1
2024-08-18,Sanjay Kumar,Mumbai-03,Mumbai,7th,1
2024-08-19,Sanjay Kumar,Mumbai-03,Mumbai,7th,1
2024-08-20,Sanjay Kumar,Mumbai-03,Mumbai,7th,1
2024-08-21,Sanjay Kumar,Mumbai-03,Mumbai,7th,1
2024-08-22,Sanjay Kumar,Mumbai-03,Mumbai,7th,0
2024-08-23,Sanjay Kumar,Mumbai-03,Mumbai,7th,0
2024-08-24,Sanjay Kumar,Mumbai-03,Mumbai,7th,1
2024-08-25,Sanjay Kumar,Mumbai-03,Mumbai,7th,1
2024-08-26,Sanjay Kumar,Mumbai-03,Mumbai,7th,1
2024-08-27,Sanjay Kumar,Mumbai-03,Mumbai,7th,1
2024-08-28,Sanjay Kumar,Mumbai-03,Mumbai,7th,0
2024-08-29,Sanjay Kumar,Mumbai-03,Mumbai,7th,1
2024-08-30,Sanjay Kumar,Mumbai-03,Mumbai,7th,1
2024-08-31,Sanjay Kumar,Mumbai-03,Mumbai,7th,1
2024-09-01,Sanjay Kumar,Mumbai-03,Mumbai,7th,1
2024-09-02,Sanjay Kumar,Mumbai-03,Mumbai,7th,1
2024-09-03,Sanjay Kumar,Mumbai-03,Mumbai,7th,1
2024-09-04,Sanjay Kumar,Mumbai-03,Mumbai,7th,1
2024-09-05,Sanjay Kumar,Mumbai-03,Mumbai,7th,0
2024-09-06,Sanjay Kumar,Mumbai-03,Mumbai,7th,1
2024-09-07,Sanjay Kumar,Mumbai-03,Mumbai,7th,1
2024-09-08,Sanjay Kumar,Mumbai-03,Mumbai,7th,1
2024-09-09,Sanjay Kumar,Mumbai-03,Mumbai,7th,1
2024-09-10,Sanjay Kumar,Mumbai-03,Mumbai,7th,1
2024-09-11,Sanjay Kumar,Mumbai-03,Mumbai,7th,1
2024-09-12,Sanjay Kumar,Mumbai-03,Mumbai,7th,0
2024-09-13,Sanjay Kumar,Mumbai-03,Mumbai,7th,1
2024-09-14,Sanjay Kumar,Mumbai-03,Mumbai,7th,1
2024-09-15,Sanjay Kumar,Mumbai-03,Mumbai,7th,1
2024-09-16,Sanjay Kumar,Mumbai-03,Mumbai,7th,0
2024-09-17,Sanjay Kumar,Mumbai-03,Mumbai,7th,1
2024-09-18,Sanjay Kumar,Mumbai-03,Mumbai,7th,1
2024-09-19,Sanjay Kumar,Mumbai-03,Mumbai,7th,1
2024-09-20,Sanjay Kumar,Mumbai-03,Mumbai,7th,1
2024-09-21,Sanjay Kumar,Mumbai-03,Mumbai,7th,1
2024-09-22,Sanjay Kumar,Mumbai-03,Mumbai,7th,0
2024-09-23,Sanjay Kumar,Mumbai-03,Mumbai,7th,1
2024-09-24,Sanjay Kumar,Mumbai-03,Mumbai,7th,1
2024-09-25,Sanjay Kumar,Mumbai-03,Mumbai,7th,1
2024-09-26,Sanjay Kumar,Mumbai-03,Mumbai,7th,1
2024-09-27,Sanjay Kumar,Mumbai-03,Mumbai,7th,1
2024-09-28,Sanjay Kumar,Mumbai-03,Mumbai,7th,1
2024-09-29,Sanjay Kumar,Mumbai-03,Mumbai,7th,1
2024-09-30,Sanjay Kumar,Mumbai-03,Mumbai,7th,1
2024-10-01,Sanjay Kumar,Mumbai-03,Mumbai,7th,0
2024-10-02,Sanjay Kumar,Mumbai-03,Mumbai,7th,1
2024-10-03,Sanjay Kumar,Mumbai-03,Mumbai,7th,1
2024-10-04,Sanjay Kumar,Mumbai-03,Mumbai,7th,1
2024-10-05,Sanjay Kumar,Mumbai-03,Mumbai,7th,0
2024-10-06,Sanjay Kumar,Mumbai-03,Mumbai,7th,1
2024-10-07,Sanjay Kumar,Mumbai-03,Mumbai,7th,1
2024-10-08,Sanjay Kumar,Mumbai-03,Mumbai,7th,1
2024-10-09,Sanjay Kumar,Mumbai-03,Mumbai,7th,0
2024-10-10,Sanjay Kumar,Mumbai-03,Mumbai,7th,1
2024-10-11,Sanjay Kumar,Mumbai-03,Mumbai,7th,1
2024-10-12,Sanjay Kumar,Mumbai-03,Mumbai,7th,1
2024-10-13,Sanjay Kumar,Mumbai-03,Mumbai,7th,1
2024-10-14,Sanjay Kumar,Mumbai-03,Mumbai,7th,1
2024-10-15,Sanjay Kumar,Mumbai-03,Mumbai,7th,1
2024-10-16,Sanjay Kumar,Mumbai-03,Mumbai,7th,1
2024-10-17,Sanjay Kumar,Mumbai-03,Mumbai,7th,1
2024-10-18,Sanjay Kumar,Mumbai-03,Mumbai,7th,1
2024-10-19,Sanjay Kumar,Mumbai-03,Mumbai,7th,1
2024-10-20,Sanjay Kumar,Mumbai-03,Mumbai,7th,0
2024-10-21,Sanjay Kumar,Mumbai-03,Mumbai,7th,0
2024-10-22,Sanjay Kumar,Mumbai-03,Mumbai,7th,0
2024-10-23,Sanjay Kumar,Mumbai-03,Mumbai,7th,0
2024-10-24,Sanjay Kumar,Mumbai-03,Mumbai,7th,0
2024-10-25,Sanjay Kumar,Mumbai-03,Mumbai,7th,1
2024-10-26,Sanjay Kumar,Mumbai-03,Mumbai,7th,1
2024-10-27,Sanjay Kumar,Mumbai-03,Mumbai,7th,1
2024-10-28,Sanjay Kumar,Mumbai-03,Mumbai,7th,0
2024-10-29,Sanjay Kumar,Mumbai-03,Mumbai,7th,1
2024-10-30,Sanjay Kumar,Mumbai-03,Mumbai,7th,0
2024-10-31,Sanjay Kumar,Mumbai-03,Mumbai,7th,1
2024-11-01,Sanjay Kumar,Mumbai-03,Mumbai,7th,1
2024-11-02,Sanjay Kumar,Mumbai-03,Mumbai,7th,0
2024-11-03,Sanjay Kumar,Mumbai-03,Mumbai,7th,1
2024-11-04,Sanjay Kumar,Mumbai-03,Mumbai,7th,1
2024-11-05,Sanjay Kumar,Mumbai-03,Mumbai,7th,1
2024-11-06,Sanjay Kumar,Mumbai-03,Mumbai,7th,0
2024-11-07,Sanjay Kumar,Mumbai-03,Mumbai,7th,1
2024-11-08,Sanjay Kumar,Mumbai-03,Mumbai,7th,1
2024-11-09,Sanjay Kumar,Mumbai-03,Mumbai,7th,0
2024-11-10,Sanjay Kumar,Mumbai-03,Mumbai,7th,1
2024-11-11,Sanjay Kumar,Mumbai-03,Mumbai,7th,1
2024-11-12,Sanjay Kumar,Mumbai-03,Mumbai,7th,0
2024-11-13,Sanjay Kumar,Mumbai-03,Mumbai,7th,1
2024-11-14,Sanjay Kumar,Mumbai-03,Mumbai,7th,1
2024-11-15,Sanjay Kumar,Mumbai-03,Mumbai,7th,1
2024-11-16,Sanjay Kumar,Mumbai-03,Mumbai,7th,0
2024-11-17,Sanjay Kumar,Mumbai-03,Mumbai,7th,1
2024-11-18,Sanjay Kumar,Mumbai-03,Mumbai,7th,1
2024-11-19,Sanjay Kumar,Mumbai-03,Mumbai,7th,1
2024-11-20,Sanjay Kumar,Mumbai-03,Mumbai,7th,1
2024-11-21,Sanjay Kumar,Mumbai-03,Mumbai,7th,1
2024-11-22,Sanjay Kumar,Mumbai-03,Mumbai,7th,1
2024-11-23,Sanjay Kumar,Mumbai-03,Mumbai,7th,1
2024-11-24,Sanjay Kumar,Mumbai-03,Mumbai,7th,1
2024-11-25,Sanjay Kumar,Mumbai-03,Mumbai,7th,0
2024-11-26,Sanjay Kumar,Mumbai-03,Mumbai,7th,1
2024-11-27,Sanjay Kumar,Mumbai-03,Mumbai,7th,0
2024-11-28,Sanjay Kumar,Mumbai-03,Mumbai,7th,1
2024-11-29,Sanjay Kumar,Mumbai-03,Mumbai,7th,1
2024-11-30,Sanjay Kumar,Mumbai-03,Mumbai,7th,1
2024-12-01,Sanjay Kumar,Mumbai-03,Mumbai,7th,1
2024-12-02,Sanjay Kumar,Mumbai-03,Mumbai,7th,1
2024-12-03,Sanjay Kumar,Mumbai-03,Mumbai,7th,1
2024-12-04,Sanjay Kumar,Mumbai-03,Mumbai,7th,1
2024-12-05,Sanjay Kumar,Mumbai-03,Mumbai,7th,1
2024-12-06,Sanjay Kumar,Mumbai-03,Mumbai,7th,1
2024-12-07,Sanjay Kumar,Mumbai-03,Mumbai,7th,0
2024-12-08,Sanjay Kumar,Mumbai-03,Mumbai,7th,1
2024-12-09,Sanjay Kumar,Mumbai-03,Mumbai,7th,1
2024-12-10,Sanjay Kumar,Mumbai-03,Mumbai,7th,1
2024-12-11,Sanjay Kumar,Mumbai-03,Mumbai,7th,1
2024-12-12,Sanjay Kumar,Mumbai-03,Mumbai,7th,0
2024-12-13,Sanjay Kumar,Mumbai-03,Mumbai,7th,0
2024-12-14,Sanjay Kumar,Mumbai-03,Mumbai,7th,1
2024-12-15,Sanjay Kumar,Mumbai-03,Mumbai,7th,0
2024-12-16,Sanjay Kumar,Mumbai-03,Mumbai,7th,0
2024-12-17,Sanjay Kumar,Mumbai-03,Mumbai,7th,1
2024-12-18,Sanjay Kumar,Mumbai-03,Mumbai,7th,1
2024-12-19,Sanjay Kumar,Mumbai-03,Mumbai,7th,1
2024-12-20,Sanjay Kumar,Mumbai-03,Mumbai,7th,1
2024-12-21,Sanjay Kumar,Mumbai-03,Mumbai,7th,1
2024-12-22,Sanjay Kumar,Mumbai-03,Mumbai,7th,0
2024-12-23,Sanjay Kumar,Mumbai-03,Mumbai,7th,0
2024-12-24,Sanjay Kumar,Mumbai-03,Mumbai,7th,1
2024-12-25,Sanjay Kumar,Mumbai-03,Mumbai,7th,1
2024-12-26,Sanjay Kumar,Mumbai-03,Mumbai,7th,1
2024-12-27,Sanjay Kumar,Mumbai-03,Mumbai,7th,1
2024-12-28,Sanjay Kumar,Mumbai-03,Mumbai,7th,0
2024-12-29,Sanjay Kumar,Mumbai-03,Mumbai,7th,1
2024-12-30,Sanjay Kumar,Mumbai-03,Mumbai,7th,1
2024-12-31,Sanjay Kumar,Mumbai-03,Mumbai,7th,0
2024-01-01,Meera Desai,Pune-12,Pune,5th,0
2024-01-02,Meera Desai,Pune-12,Pune,5th,1
2024-01-03,Meera Desai,Pune-12,Pune,5th,1
2024-01-04,Meera Desai,Pune-12,Pune,5th,1
2024-01-05,Meera Desai,Pune-12,Pune,5th,1
2024-01-06,Meera Desai,Pune-12,Pune,5th,1
2024-01-07,Meera Desai,Pune-12,Pune,5th,1
2024-01-08,Meera Desai,Pune-12,Pune,5th,0
2024-01-09,Meera Desai,Pune-12,Pune,5th,1
2024-01-10,Meera Desai,Pune-12,Pune,5th,1
2024-01-11,Meera Desai,Pune-12,Pune,5th,1
2024-01-12,Meera Desai,Pune-12,Pune,5th,1
2024-01-13,Meera Desai,Pune-12,Pune,5th,1
2024-01-14,Meera Desai,Pune-12,Pune,5th,1
2024-01-15,Meera Desai,Pune-12,Pune,5th,1
2024-01-16,Meera Desai,Pune-12,Pune,5th,1
2024-01-17,Meera Desai,Pune-12,Pune,5th,1
2024-01-18,Meera Desai,Pune-12,Pune,5th,1
2024-01-19,Meera Desai,Pune-12,Pune,5th,1
2024-01-20,Meera Desai,Pune-12,Pune,5th,1
2024-01-21,Meera Desai,Pune-12,Pune,5th,1
2024-01-22,Meera Desai,Pune-12,Pune,5th,1
2024-01-23,Meera Desai,Pune-12,Pune,5th,1
2024-01-24,Meera Desai,Pune-12,Pune,5th,1
2024-01-25,Meera Desai,Pune-12,Pune,5th,1
2024-01-26,Meera Desai,Pune-12,Pune,5th,1
2024-01-27,Meera Desai,Pune-12,Pune,5th,1
2024-01-28,Meera Desai,Pune-12,Pune,5th,1
2024-01-29,Meera Desai,Pune-12,Pune,5th,0
2024-01-30,Meera Desai,Pune-12,Pune,5th,1
2024-01-31,Meera Desai,Pune-12,Pune,5th,1
2024-02-01,Meera Desai,Pune-12,Pune,5th,1
2024-02-02,Meera Desai,Pune-12,Pune,5th,1
2024-02-03,Meera Desai,Pune-12,Pune,5th,1
2024-02-04,Meera Desai,Pune-12,Pune,5th,1
2024-02-05,Meera Desai,Pune-12,Pune,5th,1
2024-02-06,Meera Desai,Pune-12,Pune,5th,1
2024-02-07,Meera Desai,Pune-12,Pune,5th,1
2024-02-08,Meera Desai,Pune-12,Pune,5th,1
2024-02-09,Meera Desai,Pune-12,Pune,5th,1
2024-02-10,Meera Desai,Pune-12,Pune,5th,1
2024-02-11,Meera Desai,Pune-12,Pune,5th,1
2024-02-12,Meera Desai,Pune-12,Pune,5th,1
2024-02-13,Meera Desai,Pune-12,Pune,5th,1
2024-02-14,Meera Desai,Pune-12,Pune,5th,1
2024-02-15,Meera Desai,Pune-12,Pune,5th,1
2024-02-16,Meera Desai,Pune-12,Pune,5th,1
2024-02-17,Meera Desai,Pune-12,Pune,5th,1
2024-02-18,Meera Desai,Pune-12,Pune,5th,1
2024-02-19,Meera Desai,Pune-12,Pune,5th,1
2024-02-20,Meera Desai,Pune-12,Pune,5th,1
2024-02-21,Meera Desai,Pune-12,Pune,5th,1
2024-02-22,Meera Desai,Pune-12,Pune,5th,0
2024-02-23,Meera Desai,Pune-12,Pune,5th,1
2024-02-24,Meera Desai,Pune-12,Pune,5th,1
2024-02-25,Meera Desai,Pune-12,Pune,5th,1
2024-02-26,Meera Desai,Pune-12,Pune,5th,1
2024-02-27,Meera Desai,Pune-12,Pune,5th,1
2024-02-28,Meera Desai,Pune-12,Pune,5th,1
2024-02-29,Meera Desai,Pune-12,Pune,5th,0
2024-03-01,Meera Desai,Pune-12,Pune,5th,1
2024-03-02,Meera Desai,Pune-12,Pune,5th,1
2024-03-03,Meera Desai,Pune-12,Pune,5th,1
2024-03-04,Meera Desai,Pune-12,Pune,5th,1
2024-03-05,Meera Desai,Pune-12,Pune,5th,0
2024-03-06,Meera Desai,Pune-12,Pune,5th,1
2024-03-07,Meera Desai,Pune-12,Pune,5th,1
2024-03-08,Meera Desai,Pune-12,Pune,5th,1
2024-03-09,Meera Desai,Pune-12,Pune,5th,0
2024-03-10,Meera Desai,Pune-12,Pune,5th,1
2024-03-11,Meera Desai,Pune-12,Pune,5th,1
2024-03-12,Meera Desai,Pune-12,Pune,5th,1
2024-03-13,Meera Desai,Pune-12,Pune,5th,1
2024-03-14,Meera Desai,Pune-12,Pune,5th,1
2024-03-15,Meera Desai,Pune-12,Pune,5th,1
2024-03-16,Meera Desai,Pune-12,Pune,5th,1
2024-03-17,Meera Desai,Pune-12,Pune,5th,1
2024-03-18,Meera Desai,Pune-12,Pune,5th,1
2024-03-19,Meera Desai,Pune-12,Pune,5th,1
2024-03-20,Meera Desai,Pune-12,Pune,5th,1
2024-03-21,Meera Desai,Pune-12,Pune,5th,1
2024-03-22,Meera Desai,Pune-12,Pune,5th,1
2024-03-23,Meera Desai,Pune-12,Pune,5th,1
2024-03-24,Meera Desai,Pune-12,Pune,5th,1
2024-03-25,Meera Desai,Pune-12,Pune,5th,1
2024-03-26,Meera Desai,Pune-12,Pune,5th,1
2024-03-27,Meera Desai,Pune-12,Pune,5th,1
2024-03-28,Meera Desai,Pune-12,Pune,5th,1
2024-03-29,Meera Desai,Pune-12,Pune,5th,1
2024-03-30,Meera Desai,Pune-12,Pune,5th,1
2024-03-31,Meera Desai,Pune-12,Pune,5th,1
2024-04-01,Meera Desai,Pune-12,Pune,5th,1
2024-04-02,Meera Desai,Pune-12,Pune,5th,1
2024-04-03,Meera Desai,Pune-12,Pune,5th,1
2024-04-04,Meera Desai,Pune-12,Pune,5th,1
2024-04-05,Meera Desai,Pune-12,Pune,5th,1
2024-04-06,Meera Desai,Pune-12,Pune,5th,1
2024-04-07,Meera Desai,Pune-12,Pune,5th,1
2024-04-08,Meera Desai,Pune-12,Pune,5th,1
2024-04-09,Meera Desai,Pune-12,Pune,5th,1
2024-04-10,Meera Desai,Pune-12,Pune,5th,1
2024-04-11,Meera Desai,Pune-12,Pune,5th,1
2024-04-12,Meera Desai,Pune-12,Pune,5th,1
2024-04-13,Meera Desai,Pune-12,Pune,5th,1
2024-04-14,Meera Desai,Pune-12,Pune,5th,1
2024-04-15,Meera Desai,Pune-12,Pune,5th,1
2024-04-16,Meera Desai,Pune-12,Pune,5th,1
2024-04-17,Meera Desai,Pune-12,Pune,5th,1
2024-04-18,Meera Desai,Pune-12,Pune,5th,1
2024-04-19,Meera Desai,Pune-12,Pune,5th,1
2024-04-20,Meera Desai,Pune-12,Pune,5th,1
2024-04-21,Meera Desai,Pune-12,Pune,5th,0
2024-04-22,Meera Desai,Pune-12,Pune,5th,1
2024-04-23,Meera Desai,Pune-12,Pune,5th,1
2024-04-24,Meera Desai,Pune-12,Pune,5th,1
2024-04-25,Meera Desai,Pune-12,Pune,5th,1
2024-04-26,Meera Desai,Pune-12,Pune,5th,1
2024-04-27,Meera Desai,Pune-12,Pune,5th,1
2024-04-28,Meera Desai,Pune-12,Pune,5th,1
2024-04-29,Meera Desai,Pune-12,Pune,5th,1
2024-04-30,Meera Desai,Pune-12,Pune,5th,1
2024-05-01,Meera Desai,Pune-12,Pune,5th,1
2024-05-02,Meera Desai,Pune-12,Pune,5th,1
2024-05-03,Meera Desai,Pune-12,Pune,5th,1
2024-05-04,Meera Desai,Pune-12,Pune,5th,1
2024-05-05,Meera Desai,Pune-12,Pune,5th,1
2024-05-06,Meera Desai,Pune-12,Pune,5th,1
2024-05-07,Meera Desai,Pune-12,Pune,5th,1
2024-05-08,Meera Desai,Pune-12,Pune,5th,1
2024-05-09,Meera Desai,Pune-12,Pune,5th,1
2024-05-10,Meera Desai,Pune-12,Pune,5th,0
2024-05-11,Meera Desai,Pune-12,Pune,5th,1
2024-05-12,Meera Desai,Pune-12,Pune,5th,1
2024-05-13,Meera Desai,Pune-12,Pune,5th,1
2024-05-14,Meera Desai,Pune-12,Pune,5th,1
2024-05-15,Meera Desai,Pune-12,Pune,5th,1
2024-05-16,Meera Desai,Pune-12,Pune,5th,1
2024-05-17,Meera Desai,Pune-12,Pune,5th,1
2024-05-18,Meera Desai,Pune-12,Pune,5th,1
2024-05-19,Meera Desai,Pune-12,Pune,5th,1
2024-05-20,Meera Desai,Pune-12,Pune,5th,1
2024-05-21,Meera Desai,Pune-12,Pune,5th,1
2024-05-22,Meera Desai,Pune-12,Pune,5th,1
2024-05-23,Meera Desai,Pune-12,Pune,5th,1
2024-05-24,Meera Desai,Pune-12,Pune,5th,1
2024-05-25,Meera Desai,Pune-12,Pune,5th,0
2024-05-26,Meera Desai,Pune-12,Pune,5th,1
2024-05-27,Meera Desai,Pune-12,Pune,5th,0
2024-05-28,Meera Desai,Pune-12,Pune,5th,1
2024-05-29,Meera Desai,Pune-12,Pune,5th,0
2024-05-30,Meera Desai,Pune-12,Pune,5th,1
2024-05-31,Meera Desai,Pune-12,Pune,5th,1
2024-06-01,Meera Desai,Pune-12,Pune,5th,1
2024-06-02,Meera Desai,Pune-12,Pune,5th,1
2024-06-03,Meera Desai,Pune-12,Pune,5th,1
2024-06-04,Meera Desai,Pune-12,Pune,5th,1
2024-06-05,Meera Desai,Pune-12,Pune,5th,1
2024-06-06,Meera Desai,Pune-12,Pune,5th,1
2024-06-07,Meera Desai,Pune-12,Pune,5th,0
2024-06-08,Meera Desai,Pune-12,Pune,5th,1
2024-06-09,Meera Desai,Pune-12,Pune,5th,1
2024-06-10,Meera Desai,Pune-12,Pune,5th,1
2024-06-11,Meera Desai,Pune-12,Pune,5th,1
2024-06-12,Meera Desai,Pune-12,Pune,5th,1
2024-06-13,Meera Desai,Pune-12,Pune,5th,1
2024-06-14,Meera Desai,Pune-12,Pune,5th,1
2024-06-15,Meera Desai,Pune-12,Pune,5th,1
2024-06-16,Meera Desai,Pune-12,Pune,5th,0
2024-06-17,Meera Desai,Pune-12,Pune,5th,1
2024-06-18,Meera Desai,Pune-12,Pune,5th,1
2024-06-19,Meera Desai,Pune-12,Pune,5th,1
2024-06-20,Meera Desai,Pune-12,Pune,5th,1
2024-06-21,Meera Desai,Pune-12,Pune,5th,1
2024-06-22,Meera Desai,Pune-12,Pune,5th,1
2024-06-23,Meera Desai,Pune-12,Pune,5th,1
2024-06-24,Meera Desai,Pune-12,Pune,5th,1
2024-06-25,Meera Desai,Pune-12,Pune,5th,1
2024-06-26,Meera Desai,Pune-12,Pune,5th,1
2024-06-27,Meera Desai,Pune-12,Pune,5th,1
2024-06-28,Meera Desai,Pune-12,Pune,5th,1
2024-06-29,Meera Desai,Pune-12,Pune,5th,1
2024-06-30,Meera Desai,Pune-12,Pune,5th,1
2024-07-01,Meera Desai,Pune-12,Pune,5th,0
2024-07-02,Meera Desai,Pune-12,Pune,5th,1
2024-07-03,Meera Desai,Pune-12,Pune,5th,1
2024-07-04,Meera Desai,Pune-12,Pune,5th,1
2024-07-05,Meera Desai,Pune-12,Pune,5th,0
2024-07-06,Meera Desai,Pune-12,Pune,5th,1
2024-07-07,Meera Desai,Pune-12,Pune,5th,1
2024-07-08,Meera Desai,Pune-12,Pune,5th,1
2024-07-09,Meera Desai,Pune-12,Pune,5th,1
2024-07-10,Meera Desai,Pune-12,Pune,5th,1
2024-07-11,Meera Desai,Pune-12,Pune,5th,1
2024-07-12,Meera Desai,Pune-12,Pune,5th,1
2024-07-13,Meera Desai,Pune-12,Pune,5th,0
2024-07-14,Meera Desai,Pune-12,Pune,5th,1
2024-07-15,Meera Desai,Pune-12,Pune,5th,1
2024-07-16,Meera Desai,Pune-12,Pune,5th,1
2024-07-17,Meera Desai,Pune-12,Pune,5th,1
2024-07-18,Meera Desai,Pune-12,Pune,5th,0
2024-07-19,Meera Desai,Pune-12,Pune,5th,1
2024-07-20,Meera Desai,Pune-12,Pune,5th,1
2024-07-21,Meera Desai,Pune-12,Pune,5th,1
2024-07-22,Meera Desai,Pune-12,Pune,5th,1
2024-07-23,Meera Desai,Pune-12,Pune,5th,1
2024-07-24,Meera Desai,Pune-12,Pune,5th,1
2024-07-25,Meera Desai,Pune-12,Pune,5th,1
2024-07-26,Meera Desai,Pune-12,Pune,5th,1
2024-07-27,Meera Desai,Pune-12,Pune,5th,1
2024-07-28,Meera Desai,Pune-12,Pune,5th,0
2024-07-29,Meera Desai,Pune-12,Pune,5th,0
2024-07-30,Meera Desai,Pune-12,Pune,5th,1
2024-07-31,Meera Desai,Pune-12,Pune,5th,1
2024-08-01,Meera Desai,Pune-12,Pune,5th,1
2024-08-02,Meera Desai,Pune-12,Pune,5th,1
2024-08-03,Meera Desai,Pune-12,Pune,5th,1
2024-08-04,Meera Desai,Pune-12,Pune,5th,1
2024-08-05,Meera Desai,Pune-12,Pune,5th,1
2024-08-06,Meera Desai,Pune-12,Pune,5th,1
2024-08-07,Meera Desai,Pune-12,Pune,5th,1
2024-08-08,Meera Desai,Pune-12,Pune,5th,1
2024-08-09,Meera Desai,Pune-12,Pune,5th,1
2024-08-10,Meera Desai,Pune-12,Pune,5th,1
2024-08-11,Meera Desai,Pune-12,Pune,5th,1
2024-08-12,Meera Desai,Pune-12,Pune,5th,1
2024-08-13,Meera Desai,Pune-12,Pune,5th,1
2024-08-14,Meera Desai,Pune-12,Pune,5th,1
2024-08-15,Meera Desai,Pune-12,Pune,5th,1
2024-08-16,Meera Desai,Pune-12,Pune,5th,1
2024-08-17,Meera Desai,Pune-12,Pune,5th,1
2024-08-18,Meera Desai,Pune-12,Pune,5th,1
2024-08-19,Meera Desai,Pune-12,Pune,5th,1
2024-08-20,Meera Desai,Pune-12,Pune,5th,1
2024-08-21,Meera Desai,Pune-12,Pune,5th,1
2024-08-22,Meera Desai,Pune-12,Pune,5th,1
2024-08-23,Meera Desai,Pune-12,Pune,5th,1
2024-08-24,Meera Desai,Pune-12,Pune,5th,1
2024-08-25,Meera Desai,Pune-12,Pune,5th,1
2024-08-26,Meera Desai,Pune-12,Pune,5th,1
2024-08-27,Meera Desai,Pune-12,Pune,5th,1
2024-08-28,Meera Desai,Pune-12,Pune,5th,1
2024-08-29,Meera Desai,Pune-12,Pune,5th,1
2024-08-30,Meera Desai,Pune-12,Pune,5th,1
2024-08-31,Meera Desai,Pune-12,Pune,5th,1
2024-09-01,Meera Desai,Pune-12,Pune,5th,0
2024-09-02,Meera Desai,Pune-12,Pune,5th,1
2024-09-03,Meera Desai,Pune-12,Pune,5th,1
2024-09-04,Meera Desai,Pune-12,Pune,5th,1
2024-09-05,Meera Desai,Pune-12,Pune,5th,1
2024-09-06,Meera Desai,Pune-12,Pune,5th,1
2024-09-07,Meera Desai,Pune-12,Pune,5th,1
2024-09-08,Meera Desai,Pune-12,Pune,5th,1
2024-09-09,Meera Desai,Pune-12,Pune,5th,1
2024-09-10,Meera Desai,Pune-12,Pune,5th,1
2024-09-11,Meera Desai,Pune-12,Pune,5th,1
2024-09-12,Meera Desai,Pune-12,Pune,5th,0
2024-09-13,Meera Desai,Pune-12,Pune,5th,1
2024-09-14,Meera Desai,Pune-12,Pune,5th,1
2024-09-15,Meera Desai,Pune-12,Pune,5th,1
2024-09-16,Meera Desai,Pune-12,Pune,5th,1
2024-09-17,Meera Desai,Pune-12,Pune,5th,1
2024-09-18,Meera Desai,Pune-12,Pune,5th,0
2024-09-19,Meera Desai,Pune-12,Pune,5th,1
2024-09-20,Meera Desai,Pune-12,Pune,5th,1
2024-09-21,Meera Desai,Pune-12,Pune,5th,0
2024-09-22,Meera Desai,Pune-12,Pune,5th,1
2024-09-23,Meera Desai,Pune-12,Pune,5th,1
2024-09-24,Meera Desai,Pune-12,Pune,5th,1
2024-09-25,Meera Desai,Pune-12,Pune,5th,1
2024-09-26,Meera Desai,Pune-12,Pune,5th,0
2024-09-27,Meera Desai,Pune-12,Pune,5th,1
2024-09-28,Meera Desai,Pune-12,Pune,5th,1
2024-09-29,Meera Desai,Pune-12,Pune,5th,1
2024-09-30,Meera Desai,Pune-12,Pune,5th,1
2024-10-01,Meera Desai,Pune-12,Pune,5th,1
2024-10-02,Meera Desai,Pune-12,Pune,5th,0
2024-10-03,Meera Desai,Pune-12,Pune,5th,1
2024-10-04,Meera Desai,Pune-12,Pune,5th,0
2024-10-05,Meera Desai,Pune-12,Pune,5th,1
2024-10-06,Meera Desai,Pune-12,Pune,5th,1
2024-10-07,Meera Desai,Pune-12,Pune,5th,1
2024-10-08,Meera Desai,Pune-12,Pune,5th,1
2024-10-09,Meera Desai,Pune-12,Pune,5th,1
2024-10-10,Meera Desai,Pune-12,Pune,5th,1
2024-10-11,Meera Desai,Pune-12,Pune,5th,1
2024-10-12,Meera Desai,Pune-12,Pune,5th,1
2024-10-13,Meera Desai,Pune-12,Pune,5th,1
2024-10-14,Meera Desai,Pune-12,Pune,5th,1
2024-10-15,Meera Desai,Pune-12,Pune,5th,1
2024-10-16,Meera Desai,Pune-12,Pune,5th,1
2024-10-17,Meera Desai,Pune-12,Pune,5th,0
2024-10-18,Meera Desai,Pune-12,Pune,5th,1
2024-10-19,Meera Desai,Pune-12,Pune,5th,1
2024-10-20,Meera Desai,Pune-12,Pune,5th,0
2024-10-21,Meera Desai,Pune-12,Pune,5th,1
2024-10-22,Meera Desai,Pune-12,Pune,5th,0
2024-10-23,Meera Desai,Pune-12,Pune,5th,0
2024-10-24,Meera Desai,Pune-12,Pune,5th,0
2024-10-25,Meera Desai,Pune-12,Pune,5th,1
2024-10-26,Meera Desai,Pune-12,Pune,5th,1
2024-10-27,Meera Desai,Pune-12,Pune,5th,1
2024-10-28,Meera Desai,Pune-12,Pune,5th,1
2024-10-29,Meera Desai,Pune-12,Pune,5th,1
2024-10-30,Meera Desai,Pune-12,Pune,5th,1
2024-10-31,Meera Desai,Pune-12,Pune,5th,1
2024-11-01,Meera Desai,Pune-12,Pune,5th,1
2024-11-02,Meera Desai,Pune-12,Pune,5th,1
2024-11-03,Meera Desai,Pune-12,Pune,5th,1
2024-11-04,Meera Desai,Pune-12,Pune,5th,0
2024-11-05,Meera Desai,Pune-12,Pune,5th,1
2024-11-06,Meera Desai,Pune-12,Pune,5th,1
2024-11-07,Meera Desai,Pune-12,Pune,5th,1
2024-11-08,Meera Desai,Pune-12,Pune,5th,1
2024-11-09,Meera Desai,Pune-12,Pune,5th,1
2024-11-10,Meera Desai,Pune-12,Pune,5th,1
2024-11-11,Meera Desai,Pune-12,Pune,5th,1
2024-11-12,Meera Desai,Pune-12,Pune,5th,1
2024-11-13,Meera Desai,Pune-12,Pune,5th,1
2024-11-14,Meera Desai,Pune-12,Pune,5th,1
2024-11-15,Meera Desai,Pune-12,Pune,5th,1
2024-11-16,Meera Desai,Pune-12,Pune,5th,0
2024-11-17,Meera Desai,Pune-12,Pune,5th,1
2024-11-18,Meera Desai,Pune-12,Pune,5th,0
2024-11-19,Meera Desai,Pune-12,Pune,5th,1
2024-11-20,Meera Desai,Pune-12,Pune,5th,1
2024-11-21,Meera Desai,Pune-12,Pune,5th,1
2024-11-22,Meera Desai,Pune-12,Pune,5th,1
2024-11-23,Meera Desai,Pune-12,Pune,5th,0
2024-11-24,Meera Desai,Pune-12,Pune,5th,1
2024-11-25,Meera Desai,Pune-12,Pune,5th,1
2024-11-26,Meera Desai,Pune-12,Pune,5th,1
2024-11-27,Meera Desai,Pune-12,Pune,5th,1
2024-11-28,Meera Desai,Pune-12,Pune,5th,0
2024-11-29,Meera Desai,Pune-12,Pune,5th,1
2024-11-30,Meera Desai,Pune-12,Pune,5th,1
2024-12-01,Meera Desai,Pune-12,Pune,5th,1
2024-12-02,Meera Desai,Pune-12,Pune,5th,1
2024-12-03,Meera Desai,Pune-12,Pune,5th,1
2024-12-04,Meera Desai,Pune-12,Pune,5th,1
2024-12-05,Meera Desai,Pune-12,Pune,5th,1
2024-12-06,Meera Desai,Pune-12,Pune,5th,1
2024-12-07,Meera Desai,Pune-12,Pune,5th,1
2024-12-08,Meera Desai,Pune-12,Pune,5th,1
2024-12-09,Meera Desai,Pune-12,Pune,5th,1
2024-12-10,Meera Desai,Pune-12,Pune,5th,1
2024-12-11,Meera Desai,Pune-12,Pune,5th,1
2024-12-12,Meera Desai,Pune-12,Pune,5th,0
2024-12-13,Meera Desai,Pune-12,Pune,5th,0
2024-12-14,Meera Desai,Pune-12,Pune,5th,1
2024-12-15,Meera Desai,Pune-12,Pune,5th,1
2024-12-16,Meera Desai,Pune-12,Pune,5th,0
2024-12-17,Meera Desai,Pune-12,Pune,5th,1
2024-12-18,Meera Desai,Pune-12,Pune,5th,1
2024-12-19,Meera Desai,Pune-12,Pune,5th,0
2024-12-20,Meera Desai,Pune-12,Pune,5th,1
2024-12-21,Meera Desai,Pune-12,Pune,5th,1
2024-12-22,Meera Desai,Pune-12,Pune,5th,1
2024-12-23,Meera Desai,Pune-12,Pune,5th,1
2024-12-24,Meera Desai,Pune-12,Pune,5th,1
2024-12-25,Meera Desai,Pune-12,Pune,5th,1
2024-12-26,Meera Desai,Pune-12,Pune,5th,1
2024-12-27,Meera Desai,Pune-12,Pune,5th,1
2024-12-28,Meera Desai,Pune-12,Pune,5th,1
2024-12-29,Meera Desai,Pune-12,Pune,5th,1
2024-12-30,Meera Desai,Pune-12,Pune,5th,1
2024-12-31,Meera Desai,Pune-12,Pune,5th,0
