date,center,city,volunteer,subject,students_present,homework_given,pt_done,prayer_done,extra_activity
2024-01-01,Pune-01,Pune,Vikram Singh,English,17,False,False,True,True
2024-01-01,Pune-01,Pune,Meena Patel,GK,17,True,False,True,True
2024-01-01,Pune-01,Pune,Vikram Singh,English,17,True,False,True,False
2024-01-01,Pune-01,Pune,Rajesh Sharma,Language,17,True,True,True,False
2024-01-01,Pune-12,Pune,Vikram Singh,Language,25,True,False,False,True
2024-01-01,Mumbai-03,Mumbai,Rajesh Sharma,GK,31,True,False,True,False
2024-01-01,Mumbai-03,Mumbai,Meena Patel,Maths,31,False,False,True,False
2024-01-01,Delhi-05,Delhi,Suresh Kumar,Maths,29,True,False,True,False
2024-01-01,Delhi-05,Delhi,Anita Desai,English,29,True,True,True,True
2024-01-02,Pune-01,Pune,Vikram Singh,GK,26,False,False,False,False
2024-01-02,Pune-01,Pune,Meena Patel,Language,26,False,True,True,False
2024-01-02,Pune-12,Pune,Rajesh Sharma,Maths,24,False,True,False,False
2024-01-02,Mumbai-03,Mumbai,Meena Patel,Language,23,True,True,False,False
2024-01-02,Bangalore-07,Bangalore,Rajesh Sharma,Language,26,False,False,False,True
2024-01-02,Bangalore-07,Bangalore,Suresh Kumar,Maths,26,True,True,True,False
2024-01-02,Bangalore-07,Bangalore,Anita Desai,GK,26,False,False,True,False
2024-01-03,Pune-01,Pune,Rajesh Sharma,English,18,False,False,True,False
2024-01-03,Pune-01,Pune,Meena Patel,GK,18,False,True,False,False
2024-01-03,Pune-01,Pune,Suresh Kumar,Maths,18,True,True,False,True
2024-01-03,Pune-12,Pune,Anita Desai,Maths,29,True,True,True,False
2024-01-03,Pune-12,Pune,Vikram Singh,GK,29,True,True,True,False
2024-01-03,Mumbai-03,Mumbai,Vikram Singh,English,29,True,True,True,False
2024-01-03,Mumbai-03,Mumbai,Anita Desai,Maths,29,True,True,True,True
2024-01-03,Mumbai-03,Mumbai,Suresh Kumar,GK,29,True,False,True,False
2024-01-03,Mumbai-03,Mumbai,Suresh Kumar,Maths,29,True,True,True,False
2024-01-03,Bangalore-07,Bangalore,Meena Patel,Language,39,True,False,True,True
2024-01-03,Bangalore-07,Bangalore,Suresh Kumar,Maths,39,True,False,True,False
2024-01-03,Bangalore-07,Bangalore,Anita Desai,Language,39,False,False,True,True
2024-01-03,Bangalore-07,Bangalore,Anita Desai,Language,39,True,True,True,True
2024-01-04,Pune-12,Pune,Anita Desai,Maths,21,False,False,False,True
2024-01-04,Pune-12,Pune,Suresh Kumar,English,21,True,False,False,False
2024-01-04,Pune-12,Pune,Suresh Kumar,English,21,False,False,False,False
2024-01-04,Mumbai-03,Mumbai,Rajesh Sharma,English,23,False,False,True,False
2024-01-04,Mumbai-03,Mumbai,Meena Patel,English,23,False,True,True,False
2024-01-04,Delhi-05,Delhi,Vikram Singh,Language,38,True,False,True,False
2024-01-04,Bangalore-07,Bangalore,Meena Patel,English,31,True,False,True,False
2024-01-05,Pune-12,Pune,Suresh Kumar,English,24,True,True,True,True
2024-01-05,Pune-12,Pune,Vikram Singh,GK,24,True,False,False,True
2024-01-05,Pune-12,Pune,Vikram Singh,English,24,True,False,False,False
2024-01-05,Pune-12,Pune,Vikram Singh,Language,24,True,True,True,False
2024-01-05,Mumbai-03,Mumbai,Vikram Singh,Language,26,False,True,False,False
2024-01-05,Delhi-05,Delhi,Meena Patel,GK,19,False,False,False,True
2024-01-05,Bangalore-07,Bangalore,Anita Desai,Maths,35,True,True,False,False
2024-01-05,Bangalore-07,Bangalore,Suresh Kumar,Maths,35,False,False,True,True
2024-01-06,Pune-01,Pune,Anita Desai,English,26,True,True,False,True
2024-01-06,Pune-01,Pune,Meena Patel,English,26,False,True,False,False
2024-01-06,Pune-01,Pune,Anita Desai,GK,26,True,False,False,False
2024-01-06,Pune-01,Pune,Anita Desai,Maths,26,False,False,False,True
2024-01-06,Pune-12,Pune,Meena Patel,GK,16,True,True,True,True
2024-01-06,Mumbai-03,Mumbai,Anita Desai,Maths,36,True,True,True,False
2024-01-06,Mumbai-03,Mumbai,Anita Desai,English,36,True,True,True,False
2024-01-06,Mumbai-03,Mumbai,Rajesh Sharma,Language,36,True,False,True,False
2024-01-06,Bangalore-07,Bangalore,Meena Patel,GK,28,True,False,False,True
2024-01-06,Bangalore-07,Bangalore,Anita Desai,GK,28,True,False,False,True
2024-01-06,Bangalore-07,Bangalore,Suresh Kumar,Language,28,True,True,False,False
2024-01-06,Bangalore-07,Bangalore,Anita Desai,Maths,28,False,False,True,True
2024-01-07,Pune-01,Pune,Rajesh Sharma,English,32,True,True,True,False
2024-01-07,Pune-01,Pune,Anita Desai,Maths,32,True,True,False,False
2024-01-07,Pune-12,Pune,Meena Patel,Language,33,True,True,False,False
2024-01-07,Pune-12,Pune,Vikram Singh,Language,33,True,True,False,True
2024-01-07,Mumbai-03,Mumbai,Anita Desai,GK,20,True,True,False,False
2024-01-07,Mumbai-03,Mumbai,Meena Patel,Language,20,True,True,False,False
2024-01-07,Delhi-05,Delhi,Vikram Singh,GK,20,True,True,False,True
2024-01-07,Bangalore-07,Bangalore,Suresh Kumar,Language,24,True,False,False,False
2024-01-07,Bangalore-07,Bangalore,Rajesh Sharma,English,24,False,False,False,False
2024-01-07,Bangalore-07,Bangalore,Rajesh Sharma,Maths,24,False,False,False,False
2024-01-07,Bangalore-07,Bangalore,Rajesh Sharma,Maths,24,False,False,True,False
2024-01-08,Pune-01,Pune,Meena Patel,Language,38,True,False,False,False
2024-01-08,Pune-01,Pune,Meena Patel,GK,38,False,False,True,False
2024-01-08,Pune-01,Pune,Anita Desai,Language,38,True,False,True,False
2024-01-08,Pune-12,Pune,Rajesh Sharma,Language,21,True,False,False,False
2024-01-08,Pune-12,Pune,Meena Patel,Language,21,True,True,False,True
2024-01-08,Pune-12,Pune,Rajesh Sharma,Maths,21,False,False,False,False
2024-01-08,Mumbai-03,Mumbai,Anita Desai,Maths,27,True,True,True,True
2024-01-08,Mumbai-03,Mumbai,Suresh Kumar,English,27,True,True,True,True
2024-01-08,Mumbai-03,Mumbai,Meena Patel,Maths,27,True,False,False,True
2024-01-08,Mumbai-03,Mumbai,Suresh Kumar,Language,27,True,False,True,True
2024-01-08,Delhi-05,Delhi,Anita Desai,Language,39,False,True,False,True
2024-01-08,Delhi-05,Delhi,Anita Desai,Maths,39,False,False,True,True
2024-01-08,Delhi-05,Delhi,Vikram Singh,Maths,39,True,False,False,True
2024-01-08,Delhi-05,Delhi,Anita Desai,GK,39,True,False,False,True
2024-01-08,Bangalore-07,Bangalore,Anita Desai,Language,34,False,False,True,True
2024-01-09,Pune-01,Pune,Suresh Kumar,Maths,33,True,False,False,False
2024-01-09,Pune-12,Pune,Suresh Kumar,GK,22,True,True,True,True
2024-01-09,Mumbai-03,Mumbai,Suresh Kumar,Language,15,True,False,False,False
2024-01-09,Bangalore-07,Bangalore,Meena Patel,GK,37,True,False,False,True
2024-01-09,Bangalore-07,Bangalore,Anita Desai,Language,37,False,False,False,False
2024-01-10,Pune-01,Pune,Meena Patel,Maths,32,True,True,True,True
2024-01-10,Mumbai-03,Mumbai,Suresh Kumar,English,29,False,False,True,False
2024-01-10,Mumbai-03,Mumbai,Suresh Kumar,English,29,True,False,False,False
2024-01-11,Pune-01,Pune,Anita Desai,English,17,False,True,True,True
2024-01-11,Pune-01,Pune,Anita Desai,Maths,17,False,False,False,False
2024-01-11,Pune-01,Pune,Meena Patel,Language,17,True,True,False,True
2024-01-11,Delhi-05,Delhi,Rajesh Sharma,GK,23,False,True,True,False
2024-01-11,Bangalore-07,Bangalore,Suresh Kumar,Language,22,True,True,False,True
2024-01-11,Bangalore-07,Bangalore,Vikram Singh,Language,22,False,False,True,False
2024-01-11,Bangalore-07,Bangalore,Anita Desai,English,22,True,False,True,False
2024-01-11,Bangalore-07,Bangalore,Vikram Singh,Maths,22,True,True,True,True
2024-01-12,Pune-01,Pune,Meena Patel,GK,21,True,True,True,False
2024-01-12,Pune-01,Pune,Vikram Singh,Language,21,True,False,False,True
2024-01-12,Pune-01,Pune,Vikram Singh,GK,21,True,False,False,False
2024-01-12,Pune-12,Pune,Rajesh Sharma,English,23,True,True,True,False
2024-01-12,Mumbai-03,Mumbai,Meena Patel,Maths,38,True,True,True,True
2024-01-12,Mumbai-03,Mumbai,Anita Desai,Language,38,True,True,True,False
2024-01-12,Mumbai-03,Mumbai,Rajesh Sharma,English,38,True,True,False,False
2024-01-12,Delhi-05,Delhi,Anita Desai,Maths,33,True,False,True,False
2024-01-12,Delhi-05,Delhi,Vikram Singh,Maths,33,False,True,True,False
2024-01-13,Pune-01,Pune,Vikram Singh,English,29,False,False,False,True
2024-01-13,Pune-01,Pune,Rajesh Sharma,Maths,29,True,False,False,False
2024-01-13,Pune-01,Pune,Rajesh Sharma,GK,29,True,True,False,False
2024-01-13,Pune-01,Pune,Meena Patel,English,29,True,True,False,False
2024-01-13,Pune-12,Pune,Vikram Singh,English,38,True,False,False,True
2024-01-13,Pune-12,Pune,Vikram Singh,English,38,False,True,False,False
2024-01-13,Pune-12,Pune,Suresh Kumar,Language,38,True,False,True,True
2024-01-13,Pune-12,Pune,Rajesh Sharma,Language,38,False,True,False,True
2024-01-13,Mumbai-03,Mumbai,Anita Desai,GK,23,True,True,True,False
2024-01-13,Mumbai-03,Mumbai,Suresh Kumar,English,23,True,True,False,True
2024-01-13,Mumbai-03,Mumbai,Rajesh Sharma,English,23,False,False,True,True
2024-01-13,Delhi-05,Delhi,Suresh Kumar,GK,25,True,True,True,True
2024-01-13,Bangalore-07,Bangalore,Anita Desai,GK,24,True,True,False,False
2024-01-13,Bangalore-07,Bangalore,Rajesh Sharma,Maths,24,False,False,False,False
2024-01-14,Pune-01,Pune,Anita Desai,Maths,32,False,False,False,True
2024-01-14,Pune-01,Pune,Vikram Singh,GK,32,False,True,False,False
2024-01-14,Pune-01,Pune,Anita Desai,GK,32,True,True,False,False
2024-01-14,Pune-12,Pune,Vikram Singh,GK,28,True,True,False,True
2024-01-14,Pune-12,Pune,Vikram Singh,Maths,28,True,True,False,False
2024-01-14,Mumbai-03,Mumbai,Vikram Singh,Language,28,True,True,True,False
2024-01-15,Pune-01,Pune,Suresh Kumar,English,33,True,True,False,False
2024-01-15,Pune-01,Pune,Vikram Singh,English,33,True,False,True,True
2024-01-15,Pune-01,Pune,Vikram Singh,English,33,True,False,True,False
2024-01-15,Pune-01,Pune,Rajesh Sharma,English,33,False,True,True,True
2024-01-15,Pune-12,Pune,Vikram Singh,Maths,32,True,True,False,False
2024-01-15,Pune-12,Pune,Suresh Kumar,Maths,32,True,True,False,False
2024-01-15,Mumbai-03,Mumbai,Anita Desai,GK,22,False,False,True,False
2024-01-15,Delhi-05,Delhi,Suresh Kumar,Maths,35,False,True,True,True
2024-01-15,Bangalore-07,Bangalore,Suresh Kumar,Maths,15,False,False,True,False
2024-01-15,Bangalore-07,Bangalore,Anita Desai,English,15,False,False,True,False
2024-01-15,Bangalore-07,Bangalore,Suresh Kumar,Maths,15,True,True,True,False
2024-01-15,Bangalore-07,Bangalore,Rajesh Sharma,English,15,True,True,False,False
2024-01-16,Pune-01,Pune,Meena Patel,GK,17,True,False,False,True
2024-01-16,Pune-01,Pune,Rajesh Sharma,Maths,17,False,False,True,False
2024-01-16,Mumbai-03,Mumbai,Meena Patel,Maths,28,True,True,False,False
2024-01-16,Delhi-05,Delhi,Suresh Kumar,GK,35,True,False,False,False
2024-01-16,Delhi-05,Delhi,Suresh Kumar,GK,35,False,True,True,True
2024-01-16,Bangalore-07,Bangalore,Anita Desai,English,28,True,True,True,True
2024-01-16,Bangalore-07,Bangalore,Suresh Kumar,Maths,28,True,True,True,False
2024-01-16,Bangalore-07,Bangalore,Vikram Singh,English,28,True,False,True,False
2024-01-16,Bangalore-07,Bangalore,Rajesh Sharma,Language,28,True,True,False,False
2024-01-17,Pune-12,Pune,Suresh Kumar,Maths,20,True,True,True,False
2024-01-17,Pune-12,Pune,Vikram Singh,GK,20,False,False,False,False
2024-01-17,Mumbai-03,Mumbai,Anita Desai,Language,18,True,True,True,False
2024-01-17,Delhi-05,Delhi,Meena Patel,Language,18,False,False,True,False
2024-01-17,Delhi-05,Delhi,Meena Patel,Maths,18,True,False,True,False
2024-01-17,Delhi-05,Delhi,Rajesh Sharma,Language,18,True,False,True,False
2024-01-17,Delhi-05,Delhi,Vikram Singh,Maths,18,True,False,True,False
2024-01-17,Bangalore-07,Bangalore,Rajesh Sharma,GK,35,True,False,True,False
2024-01-17,Bangalore-07,Bangalore,Suresh Kumar,Maths,35,True,False,True,False
2024-01-17,Bangalore-07,Bangalore,Meena Patel,English,35,True,True,True,False
2024-01-18,Pune-12,Pune,Vikram Singh,Maths,31,True,True,True,True
2024-01-18,Pune-12,Pune,Vikram Singh,English,31,True,False,True,True
2024-01-18,Pune-12,Pune,Vikram Singh,Maths,31,False,False,True,False
2024-01-18,Mumbai-03,Mumbai,Meena Patel,Maths,22,True,True,True,True
2024-01-18,Mumbai-03,Mumbai,Suresh Kumar,GK,22,True,True,False,False
2024-01-18,Delhi-05,Delhi,Vikram Singh,Maths,37,False,False,False,False
2024-01-18,Delhi-05,Delhi,Vikram Singh,English,37,True,False,True,True
2024-01-18,Delhi-05,Delhi,Vikram Singh,English,37,True,False,False,False
2024-01-18,Bangalore-07,Bangalore,Suresh Kumar,GK,31,True,False,True,False
2024-01-18,Bangalore-07,Bangalore,Rajesh Sharma,GK,31,True,True,False,True
2024-01-19,Pune-01,Pune,Suresh Kumar,Language,34,True,False,True,False
2024-01-19,Pune-01,Pune,Suresh Kumar,English,34,False,False,True,False
2024-01-19,Pune-01,Pune,Meena Patel,Language,34,False,True,True,True
2024-01-19,Pune-12,Pune,Anita Desai,Maths,30,False,False,False,False
2024-01-19,Mumbai-03,Mumbai,Anita Desai,Language,18,True,False,False,True
2024-01-19,Mumbai-03,Mumbai,Suresh Kumar,English,18,True,False,True,False
2024-01-19,Delhi-05,Delhi,Rajesh Sharma,English,23,False,False,True,False
2024-01-19,Bangalore-07,Bangalore,Suresh Kumar,Maths,23,True,False,True,False
2024-01-19,Bangalore-07,Bangalore,Meena Patel,Language,23,True,True,False,False
2024-01-19,Bangalore-07,Bangalore,Suresh Kumar,GK,23,True,True,True,True
2024-01-20,Pune-01,Pune,Rajesh Sharma,GK,19,True,False,False,False
2024-01-20,Pune-01,Pune,Vikram Singh,GK,19,False,False,False,False
2024-01-20,Pune-12,Pune,Vikram Singh,Language,30,False,False,False,True
2024-01-20,Delhi-05,Delhi,Vikram Singh,Maths,38,True,True,False,False
2024-01-21,Pune-01,Pune,Anita Desai,GK,27,True,False,True,False
2024-01-21,Pune-01,Pune,Rajesh Sharma,Language,27,True,True,False,False
2024-01-21,Pune-12,Pune,Meena Patel,GK,16,True,False,True,False
2024-01-21,Pune-12,Pune,Meena Patel,Language,16,False,False,True,False
2024-01-21,Pune-12,Pune,Vikram Singh,Maths,16,True,False,True,False
2024-01-21,Pune-12,Pune,Meena Patel,Maths,16,False,True,True,False
2024-01-21,Mumbai-03,Mumbai,Meena Patel,English,25,False,False,True,True
2024-01-21,Mumbai-03,Mumbai,Meena Patel,Language,25,True,False,True,False
2024-01-21,Mumbai-03,Mumbai,Suresh Kumar,English,25,True,True,True,False
2024-01-21,Delhi-05,Delhi,Anita Desai,Language,30,True,False,True,True
2024-01-21,Delhi-05,Delhi,Suresh Kumar,Maths,30,True,False,True,True
2024-01-22,Pune-01,Pune,Suresh Kumar,Language,17,True,False,False,False
2024-01-22,Pune-01,Pune,Meena Patel,Maths,17,True,False,False,True
2024-01-22,Mumbai-03,Mumbai,Meena Patel,GK,35,True,True,True,False
2024-01-22,Delhi-05,Delhi,Meena Patel,English,18,True,False,False,True
2024-01-22,Delhi-05,Delhi,Vikram Singh,GK,18,False,False,True,True
2024-01-22,Bangalore-07,Bangalore,Meena Patel,English,24,True,True,True,True
2024-01-23,Mumbai-03,Mumbai,Suresh Kumar,English,36,True,True,False,True
2024-01-23,Mumbai-03,Mumbai,Anita Desai,GK,36,False,False,False,False
2024-01-23,Mumbai-03,Mumbai,Anita Desai,Language,36,True,True,False,True
2024-01-23,Mumbai-03,Mumbai,Suresh Kumar,Language,36,True,True,True,False
2024-01-23,Delhi-05,Delhi,Rajesh Sharma,Language,20,True,False,True,False
2024-01-23,Delhi-05,Delhi,Meena Patel,GK,20,True,False,True,False
2024-01-24,Pune-01,Pune,Meena Patel,English,35,False,False,True,False
2024-01-24,Pune-01,Pune,Vikram Singh,Maths,35,True,False,False,False
2024-01-24,Pune-12,Pune,Suresh Kumar,Language,26,True,True,True,False
2024-01-24,Pune-12,Pune,Suresh Kumar,GK,26,False,False,True,False
2024-01-24,Pune-12,Pune,Rajesh Sharma,Maths,26,False,True,False,True
2024-01-24,Delhi-05,Delhi,Rajesh Sharma,Language,24,False,True,False,True
2024-01-24,Delhi-05,Delhi,Suresh Kumar,Language,24,False,False,True,False
2024-01-24,Delhi-05,Delhi,Rajesh Sharma,Language,24,True,True,False,False
2024-01-24,Bangalore-07,Bangalore,Anita Desai,English,32,False,False,True,False
2024-01-24,Bangalore-07,Bangalore,Rajesh Sharma,English,32,False,False,True,False
2024-01-24,Bangalore-07,Bangalore,Anita Desai,Language,32,True,True,True,False
2024-01-25,Pune-01,Pune,Suresh Kumar,GK,24,True,False,True,False
2024-01-25,Pune-12,Pune,Anita Desai,GK,35,True,False,True,False
2024-01-25,Pune-12,Pune,Anita Desai,Language,35,False,True,False,True
2024-01-25,Pune-12,Pune,Meena Patel,Language,35,False,False,False,False
2024-01-25,Pune-12,Pune,Anita Desai,GK,35,True,False,False,False
2024-01-25,Mumbai-03,Mumbai,Meena Patel,Language,35,True,True,True,False
2024-01-25,Delhi-05,Delhi,Meena Patel,GK,30,True,False,True,True
2024-01-25,Delhi-05,Delhi,Anita Desai,English,30,False,False,True,True
2024-01-25,Delhi-05,Delhi,Anita Desai,Maths,30,False,True,True,True
2024-01-25,Delhi-05,Delhi,Meena Patel,GK,30,False,False,False,False
2024-01-26,Pune-01,Pune,Rajesh Sharma,Language,17,True,False,False,True
2024-01-26,Mumbai-03,Mumbai,Vikram Singh,Maths,29,True,True,True,False
2024-01-26,Mumbai-03,Mumbai,Vikram Singh,Language,29,False,False,True,True
2024-01-26,Mumbai-03,Mumbai,Vikram Singh,GK,29,True,False,True,True
2024-01-26,Mumbai-03,Mumbai,Suresh Kumar,English,29,True,False,True,False
2024-01-26,Delhi-05,Delhi,Meena Patel,Maths,25,True,True,True,False
2024-01-26,Delhi-05,Delhi,Meena Patel,GK,25,True,True,True,False
2024-01-26,Delhi-05,Delhi,Suresh Kumar,GK,25,True,True,True,False
2024-01-27,Pune-01,Pune,Vikram Singh,Maths,17,True,False,False,False
2024-01-27,Pune-01,Pune,Suresh Kumar,Language,17,True,False,True,False
2024-01-27,Pune-12,Pune,Meena Patel,English,18,False,False,False,True
2024-01-27,Mumbai-03,Mumbai,Suresh Kumar,English,38,True,False,True,True
2024-01-27,Mumbai-03,Mumbai,Rajesh Sharma,Language,38,False,False,True,True
2024-01-27,Bangalore-07,Bangalore,Vikram Singh,GK,21,True,False,True,False
2024-01-27,Bangalore-07,Bangalore,Rajesh Sharma,Maths,21,True,True,False,False
2024-01-27,Bangalore-07,Bangalore,Suresh Kumar,GK,21,False,False,False,True
2024-01-27,Bangalore-07,Bangalore,Vikram Singh,English,21,True,False,True,False
2024-01-28,Pune-01,Pune,Anita Desai,English,36,True,True,True,False
2024-01-28,Pune-01,Pune,Meena Patel,English,36,True,False,False,True
2024-01-28,Pune-01,Pune,Rajesh Sharma,Maths,36,True,False,True,False
2024-01-28,Pune-12,Pune,Vikram Singh,GK,23,True,True,True,False
2024-01-28,Pune-12,Pune,Vikram Singh,English,23,False,False,False,False
2024-01-28,Pune-12,Pune,Rajesh Sharma,GK,23,False,False,True,False
2024-01-28,Pune-12,Pune,Rajesh Sharma,English,23,True,False,False,False
2024-01-28,Delhi-05,Delhi,Suresh Kumar,Maths,39,True,True,True,False
2024-01-28,Delhi-05,Delhi,Suresh Kumar,English,39,True,False,True,False
2024-01-28,Delhi-05,Delhi,Vikram Singh,GK,39,True,True,False,False
2024-01-28,Delhi-05,Delhi,Anita Desai,English,39,True,False,False,True
2024-01-28,Bangalore-07,Bangalore,Suresh Kumar,Language,19,False,True,True,False
2024-01-28,Bangalore-07,Bangalore,Meena Patel,Maths,19,True,True,True,False
2024-01-28,Bangalore-07,Bangalore,Suresh Kumar,English,19,False,True,True,False
2024-01-29,Pune-01,Pune,Rajesh Sharma,English,34,True,True,True,True
2024-01-29,Pune-01,Pune,Rajesh Sharma,Maths,34,True,True,False,False
2024-01-29,Pune-01,Pune,Suresh Kumar,Language,34,True,True,True,False
2024-01-29,Pune-01,Pune,Rajesh Sharma,English,34,False,False,False,True
2024-01-29,Pune-12,Pune,Vikram Singh,GK,36,True,True,False,True
2024-01-29,Pune-12,Pune,Vikram Singh,Maths,36,True,False,True,True
2024-01-29,Pune-12,Pune,Meena Patel,Language,36,False,False,True,True
2024-01-29,Pune-12,Pune,Suresh Kumar,GK,36,False,False,True,False
2024-01-29,Mumbai-03,Mumbai,Vikram Singh,English,31,True,True,True,False
2024-01-29,Delhi-05,Delhi,Vikram Singh,English,20,True,False,False,False
2024-01-29,Delhi-05,Delhi,Vikram Singh,Maths,20,False,True,True,True
2024-01-29,Delhi-05,Delhi,Meena Patel,Language,20,True,False,True,True
2024-01-29,Bangalore-07,Bangalore,Vikram Singh,Language,33,False,False,False,True
2024-01-29,Bangalore-07,Bangalore,Vikram Singh,Maths,33,True,False,True,False
2024-01-29,Bangalore-07,Bangalore,Vikram Singh,GK,33,True,False,True,False
2024-01-29,Bangalore-07,Bangalore,Meena Patel,Language,33,False,True,False,False
2024-01-30,Pune-12,Pune,Suresh Kumar,Maths,36,True,False,True,False
2024-01-30,Pune-12,Pune,Meena Patel,Language,36,True,False,False,False
2024-01-30,Pune-12,Pune,Suresh Kumar,Maths,36,True,False,False,False
2024-01-30,Mumbai-03,Mumbai,Meena Patel,GK,19,True,True,False,False
2024-01-30,Mumbai-03,Mumbai,Rajesh Sharma,GK,19,True,False,False,True
2024-01-30,Mumbai-03,Mumbai,Vikram Singh,Maths,19,False,False,True,True
2024-01-30,Mumbai-03,Mumbai,Rajesh Sharma,Language,19,False,True,True,True
2024-01-30,Delhi-05,Delhi,Meena Patel,GK,30,False,True,False,False
2024-01-31,Pune-12,Pune,Vikram Singh,Language,24,True,False,False,True
2024-01-31,Mumbai-03,Mumbai,Suresh Kumar,Maths,23,True,False,True,False
2024-01-31,Mumbai-03,Mumbai,Suresh Kumar,Language,23,True,True,True,False
2024-01-31,Bangalore-07,Bangalore,Meena Patel,GK,19,True,False,False,False
2024-01-31,Bangalore-07,Bangalore,Suresh Kumar,Language,19,True,False,False,True
2024-02-01,Pune-12,Pune,Suresh Kumar,GK,23,True,False,True,False
2024-02-01,Pune-12,Pune,Suresh Kumar,GK,23,False,False,True,False
2024-02-01,Pune-12,Pune,Meena Patel,English,23,True,False,False,True
2024-02-01,Pune-12,Pune,Rajesh Sharma,Language,23,True,False,False,False
2024-02-01,Mumbai-03,Mumbai,Suresh Kumar,Maths,31,False,True,True,True
2024-02-01,Mumbai-03,Mumbai,Anita Desai,Language,31,True,False,False,False
2024-02-01,Mumbai-03,Mumbai,Anita Desai,Maths,31,True,True,True,False
2024-02-01,Mumbai-03,Mumbai,Vikram Singh,English,31,True,False,True,True
2024-02-01,Delhi-05,Delhi,Anita Desai,Maths,38,True,False,False,False
2024-02-02,Pune-01,Pune,Suresh Kumar,Language,26,True,True,False,False
2024-02-02,Pune-12,Pune,Anita Desai,GK,32,True,False,False,True
2024-02-02,Mumbai-03,Mumbai,Vikram Singh,Language,28,True,True,False,False
2024-02-02,Mumbai-03,Mumbai,Meena Patel,Language,28,True,False,False,False
2024-02-02,Mumbai-03,Mumbai,Anita Desai,Maths,28,True,True,True,False
2024-02-02,Delhi-05,Delhi,Anita Desai,GK,34,False,False,True,False
2024-02-02,Bangalore-07,Bangalore,Vikram Singh,Language,34,False,False,True,False
2024-02-02,Bangalore-07,Bangalore,Suresh Kumar,English,34,False,False,True,False
2024-02-02,Bangalore-07,Bangalore,Vikram Singh,Maths,34,True,True,True,False
2024-02-03,Delhi-05,Delhi,Suresh Kumar,GK,39,True,True,True,True
2024-02-03,Delhi-05,Delhi,Meena Patel,English,39,True,False,True,False
2024-02-03,Delhi-05,Delhi,Meena Patel,English,39,True,False,False,True
2024-02-03,Bangalore-07,Bangalore,Meena Patel,GK,32,True,True,False,False
2024-02-03,Bangalore-07,Bangalore,Suresh Kumar,GK,32,True,False,True,True
2024-02-03,Bangalore-07,Bangalore,Anita Desai,Maths,32,True,False,True,True
2024-02-03,Bangalore-07,Bangalore,Anita Desai,Maths,32,True,True,False,False
2024-02-04,Pune-12,Pune,Suresh Kumar,English,35,False,True,True,False
2024-02-04,Pune-12,Pune,Anita Desai,English,35,True,False,True,True
2024-02-04,Mumbai-03,Mumbai,Suresh Kumar,Language,20,True,False,True,False
2024-02-04,Mumbai-03,Mumbai,Vikram Singh,GK,20,False,True,False,True
2024-02-04,Mumbai-03,Mumbai,Anita Desai,Language,20,True,True,True,False
2024-02-04,Mumbai-03,Mumbai,Suresh Kumar,Language,20,True,False,True,False
2024-02-04,Delhi-05,Delhi,Meena Patel,Maths,21,True,False,False,False
2024-02-04,Bangalore-07,Bangalore,Anita Desai,English,32,True,False,True,False
2024-02-05,Pune-12,Pune,Rajesh Sharma,GK,17,True,False,False,False
2024-02-05,Pune-12,Pune,Meena Patel,GK,17,False,True,False,True
2024-02-05,Mumbai-03,Mumbai,Anita Desai,Language,26,True,False,False,False
2024-02-05,Mumbai-03,Mumbai,Suresh Kumar,Maths,26,True,False,True,False
2024-02-05,Mumbai-03,Mumbai,Anita Desai,Language,26,True,True,False,False
2024-02-05,Delhi-05,Delhi,Suresh Kumar,English,20,True,True,True,False
2024-02-05,Delhi-05,Delhi,Anita Desai,English,20,True,False,True,False
2024-02-05,Delhi-05,Delhi,Meena Patel,Maths,20,True,True,True,False
2024-02-05,Bangalore-07,Bangalore,Anita Desai,GK,38,False,False,True,False
2024-02-05,Bangalore-07,Bangalore,Meena Patel,GK,38,False,True,False,False
2024-02-06,Pune-01,Pune,Rajesh Sharma,GK,19,False,False,True,False
2024-02-06,Mumbai-03,Mumbai,Anita Desai,GK,15,True,True,True,True
2024-02-06,Delhi-05,Delhi,Rajesh Sharma,Language,22,True,True,False,False
2024-02-06,Bangalore-07,Bangalore,Anita Desai,English,16,True,True,False,True
2024-02-07,Pune-01,Pune,Anita Desai,Language,34,True,False,True,False
2024-02-07,Pune-12,Pune,Anita Desai,Language,27,True,True,False,False
2024-02-07,Pune-12,Pune,Meena Patel,GK,27,False,False,False,True
2024-02-07,Pune-12,Pune,Suresh Kumar,English,27,True,False,True,True
2024-02-07,Mumbai-03,Mumbai,Rajesh Sharma,Maths,38,True,True,False,False
2024-02-07,Mumbai-03,Mumbai,Rajesh Sharma,GK,38,False,True,True,False
2024-02-07,Mumbai-03,Mumbai,Meena Patel,Language,38,True,False,True,True
2024-02-07,Delhi-05,Delhi,Rajesh Sharma,GK,21,True,False,True,False
2024-02-07,Delhi-05,Delhi,Suresh Kumar,Maths,21,True,True,True,True
2024-02-07,Bangalore-07,Bangalore,Rajesh Sharma,Language,17,True,False,False,True
2024-02-07,Bangalore-07,Bangalore,Rajesh Sharma,GK,17,False,True,False,False
2024-02-07,Bangalore-07,Bangalore,Meena Patel,English,17,True,True,False,True
2024-02-07,Bangalore-07,Bangalore,Vikram Singh,Language,17,False,False,False,False
2024-02-08,Pune-01,Pune,Suresh Kumar,GK,26,False,False,False,True
2024-02-08,Pune-12,Pune,Vikram Singh,English,33,True,False,True,True
2024-02-08,Pune-12,Pune,Rajesh Sharma,GK,33,True,False,True,False
2024-02-08,Mumbai-03,Mumbai,Rajesh Sharma,Language,33,True,True,False,False
2024-02-08,Mumbai-03,Mumbai,Anita Desai,GK,33,True,True,True,False
2024-02-08,Mumbai-03,Mumbai,Suresh Kumar,GK,33,False,False,True,False
2024-02-08,Mumbai-03,Mumbai,Meena Patel,GK,33,False,True,False,False
2024-02-08,Bangalore-07,Bangalore,Rajesh Sharma,Language,18,True,False,False,True
2024-02-08,Bangalore-07,Bangalore,Vikram Singh,Maths,18,True,True,False,False
2024-02-09,Pune-01,Pune,Vikram Singh,Maths,21,True,False,False,False
2024-02-09,Pune-01,Pune,Meena Patel,English,21,False,True,True,False
2024-02-09,Pune-01,Pune,Rajesh Sharma,English,21,True,False,False,True
2024-02-09,Pune-01,Pune,Suresh Kumar,Maths,21,True,False,True,False
2024-02-09,Pune-12,Pune,Rajesh Sharma,GK,21,True,False,True,False
2024-02-09,Mumbai-03,Mumbai,Rajesh Sharma,Maths,32,False,True,True,False
2024-02-09,Delhi-05,Delhi,Anita Desai,Maths,20,False,True,False,False
2024-02-09,Delhi-05,Delhi,Vikram Singh,English,20,True,True,False,False
2024-02-09,Delhi-05,Delhi,Vikram Singh,English,20,True,True,True,False
2024-02-09,Delhi-05,Delhi,Meena Patel,Maths,20,True,True,True,False
2024-02-09,Bangalore-07,Bangalore,Anita Desai,English,15,True,False,True,False
2024-02-09,Bangalore-07,Bangalore,Rajesh Sharma,Language,15,True,False,False,False
2024-02-10,Pune-01,Pune,Meena Patel,GK,38,True,False,False,False
2024-02-10,Pune-01,Pune,Suresh Kumar,Maths,38,True,False,True,False
2024-02-10,Pune-01,Pune,Vikram Singh,English,38,True,True,False,False
2024-02-10,Mumbai-03,Mumbai,Anita Desai,Maths,18,True,False,True,True
2024-02-10,Mumbai-03,Mumbai,Anita Desai,GK,18,True,False,True,False
2024-02-10,Mumbai-03,Mumbai,Anita Desai,GK,18,True,False,False,False
2024-02-10,Mumbai-03,Mumbai,Rajesh Sharma,Maths,18,False,False,False,False
2024-02-10,Bangalore-07,Bangalore,Vikram Singh,Language,33,False,False,False,False
2024-02-10,Bangalore-07,Bangalore,Vikram Singh,English,33,True,False,True,True
2024-02-10,Bangalore-07,Bangalore,Rajesh Sharma,Language,33,True,False,False,True
2024-02-11,Pune-01,Pune,Meena Patel,English,27,True,False,False,False
2024-02-11,Pune-12,Pune,Suresh Kumar,GK,17,True,False,False,False
2024-02-11,Pune-12,Pune,Rajesh Sharma,Maths,17,False,True,False,False
2024-02-11,Pune-12,Pune,Rajesh Sharma,Maths,17,True,True,True,False
2024-02-11,Pune-12,Pune,Meena Patel,Language,17,True,True,False,False
2024-02-11,Mumbai-03,Mumbai,Anita Desai,Language,28,False,True,False,False
2024-02-11,Mumbai-03,Mumbai,Rajesh Sharma,Maths,28,False,True,True,False
2024-02-11,Mumbai-03,Mumbai,Rajesh Sharma,Language,28,False,True,True,False
2024-02-11,Delhi-05,Delhi,Meena Patel,English,30,True,False,True,False
2024-02-12,Pune-01,Pune,Vikram Singh,Maths,28,False,True,True,False
2024-02-12,Mumbai-03,Mumbai,Anita Desai,GK,34,True,False,False,False
2024-02-12,Delhi-05,Delhi,Anita Desai,English,27,True,False,True,False
2024-02-12,Delhi-05,Delhi,Rajesh Sharma,English,27,True,False,False,False
2024-02-12,Delhi-05,Delhi,Vikram Singh,Maths,27,False,False,True,False
2024-02-12,Delhi-05,Delhi,Rajesh Sharma,Language,27,True,False,False,True
2024-02-12,Bangalore-07,Bangalore,Rajesh Sharma,English,22,True,False,False,False
2024-02-12,Bangalore-07,Bangalore,Rajesh Sharma,GK,22,False,False,True,False
2024-02-13,Pune-01,Pune,Vikram Singh,Language,32,True,True,True,False
2024-02-13,Pune-01,Pune,Vikram Singh,Maths,32,True,True,True,False
2024-02-13,Pune-01,Pune,Anita Desai,English,32,True,False,True,False
2024-02-13,Mumbai-03,Mumbai,Rajesh Sharma,English,31,True,False,False,False
2024-02-13,Mumbai-03,Mumbai,Suresh Kumar,GK,31,True,False,False,False
2024-02-13,Delhi-05,Delhi,Rajesh Sharma,Maths,25,False,False,True,False
2024-02-13,Bangalore-07,Bangalore,Suresh Kumar,English,15,True,True,True,True
2024-02-13,Bangalore-07,Bangalore,Meena Patel,GK,15,False,False,True,True
2024-02-14,Pune-01,Pune,Meena Patel,English,33,True,True,True,False
2024-02-14,Pune-01,Pune,Suresh Kumar,GK,33,True,True,False,False
2024-02-14,Mumbai-03,Mumbai,Rajesh Sharma,Maths,17,True,False,False,False
2024-02-14,Mumbai-03,Mumbai,Suresh Kumar,Maths,17,True,True,False,False
2024-02-14,Mumbai-03,Mumbai,Anita Desai,GK,17,True,False,False,False
2024-02-14,Mumbai-03,Mumbai,Suresh Kumar,GK,17,True,False,False,False
2024-02-14,Delhi-05,Delhi,Suresh Kumar,English,29,True,True,False,True
2024-02-14,Delhi-05,Delhi,Vikram Singh,Language,29,True,False,True,False
2024-02-14,Delhi-05,Delhi,Suresh Kumar,Maths,29,False,True,True,True
2024-02-14,Delhi-05,Delhi,Vikram Singh,Maths,29,True,False,True,False
2024-02-14,Bangalore-07,Bangalore,Vikram Singh,Language,32,True,False,True,False
2024-02-15,Pune-12,Pune,Meena Patel,Language,23,True,True,True,False
2024-02-15,Pune-12,Pune,Meena Patel,Language,23,True,False,True,False
2024-02-15,Pune-12,Pune,Meena Patel,Language,23,True,True,True,False
2024-02-15,Mumbai-03,Mumbai,Meena Patel,Maths,25,False,True,False,False
2024-02-15,Mumbai-03,Mumbai,Suresh Kumar,GK,25,False,False,False,False
2024-02-15,Mumbai-03,Mumbai,Vikram Singh,GK,25,True,True,False,False
2024-02-15,Delhi-05,Delhi,Meena Patel,GK,37,True,True,True,True
2024-02-16,Pune-01,Pune,Vikram Singh,English,24,False,False,True,False
2024-02-16,Pune-01,Pune,Rajesh Sharma,GK,24,True,True,False,False
2024-02-16,Pune-01,Pune,Meena Patel,English,24,False,True,True,False
2024-02-16,Pune-01,Pune,Vikram Singh,Language,24,False,False,True,True
2024-02-16,Pune-12,Pune,Anita Desai,English,31,False,True,False,False
2024-02-16,Pune-12,Pune,Anita Desai,GK,31,True,False,False,False
2024-02-16,Pune-12,Pune,Suresh Kumar,English,31,False,True,False,False
2024-02-16,Pune-12,Pune,Vikram Singh,English,31,False,False,True,False
2024-02-16,Mumbai-03,Mumbai,Vikram Singh,Language,37,True,False,True,False
2024-02-16,Delhi-05,Delhi,Anita Desai,Language,32,True,True,True,False
2024-02-17,Pune-01,Pune,Vikram Singh,Language,34,True,True,True,True
2024-02-17,Pune-12,Pune,Meena Patel,Maths,31,False,True,False,False
2024-02-17,Mumbai-03,Mumbai,Anita Desai,English,34,True,True,True,False
2024-02-17,Mumbai-03,Mumbai,Meena Patel,Maths,34,False,True,False,True
2024-02-17,Delhi-05,Delhi,Suresh Kumar,English,16,False,False,False,True
2024-02-17,Delhi-05,Delhi,Vikram Singh,Language,16,True,False,False,True
2024-02-17,Delhi-05,Delhi,Meena Patel,English,16,False,False,False,False
2024-02-17,Bangalore-07,Bangalore,Vikram Singh,English,37,False,False,False,True
2024-02-18,Pune-01,Pune,Vikram Singh,Maths,27,False,False,False,False
2024-02-18,Pune-12,Pune,Suresh Kumar,Maths,38,True,False,True,True
2024-02-18,Pune-12,Pune,Anita Desai,GK,38,True,False,False,True
2024-02-18,Pune-12,Pune,Rajesh Sharma,English,38,False,False,False,True
2024-02-18,Mumbai-03,Mumbai,Rajesh Sharma,Language,23,True,True,False,False
2024-02-18,Mumbai-03,Mumbai,Vikram Singh,Maths,23,True,True,True,False
2024-02-18,Delhi-05,Delhi,Meena Patel,Language,16,False,True,False,False
2024-02-18,Delhi-05,Delhi,Rajesh Sharma,Maths,16,True,False,True,False
2024-02-18,Delhi-05,Delhi,Meena Patel,GK,16,True,True,True,False
2024-02-18,Bangalore-07,Bangalore,Meena Patel,Language,25,True,True,False,False
2024-02-19,Pune-01,Pune,Anita Desai,Language,33,True,True,True,False
2024-02-19,Pune-01,Pune,Rajesh Sharma,Language,33,True,True,True,False
2024-02-19,Pune-01,Pune,Suresh Kumar,Language,33,True,True,True,False
2024-02-19,Pune-01,Pune,Suresh Kumar,GK,33,False,False,False,True
2024-02-19,Pune-12,Pune,Vikram Singh,English,24,False,False,False,False
2024-02-19,Pune-12,Pune,Vikram Singh,GK,24,False,False,True,True
2024-02-19,Delhi-05,Delhi,Vikram Singh,Language,25,True,True,True,False
2024-02-19,Delhi-05,Delhi,Anita Desai,GK,25,True,True,False,False
2024-02-19,Delhi-05,Delhi,Suresh Kumar,Language,25,True,False,True,False
2024-02-19,Bangalore-07,Bangalore,Meena Patel,Maths,33,True,True,True,False
2024-02-19,Bangalore-07,Bangalore,Vikram Singh,GK,33,True,False,False,False
2024-02-19,Bangalore-07,Bangalore,Rajesh Sharma,GK,33,False,False,False,True
2024-02-19,Bangalore-07,Bangalore,Vikram Singh,Maths,33,False,False,True,False
2024-02-20,Pune-01,Pune,Vikram Singh,Language,18,True,True,False,False
2024-02-20,Pune-01,Pune,Suresh Kumar,English,18,True,False,True,False
2024-02-20,Pune-01,Pune,Meena Patel,English,18,True,False,False,False
2024-02-20,Pune-01,Pune,Vikram Singh,English,18,True,True,False,False
2024-02-20,Mumbai-03,Mumbai,Suresh Kumar,English,18,True,False,False,False
2024-02-20,Mumbai-03,Mumbai,Vikram Singh,English,18,False,False,False,False
2024-02-20,Mumbai-03,Mumbai,Anita Desai,GK,18,False,True,False,False
2024-02-20,Delhi-05,Delhi,Suresh Kumar,English,18,True,False,True,False
2024-02-20,Delhi-05,Delhi,Vikram Singh,Language,18,True,False,False,False
2024-02-21,Pune-01,Pune,Suresh Kumar,Maths,15,False,True,True,True
2024-02-21,Pune-01,Pune,Suresh Kumar,English,15,True,True,True,False
2024-02-21,Pune-12,Pune,Meena Patel,Language,28,True,True,False,True
2024-02-21,Pune-12,Pune,Rajesh Sharma,English,28,True,False,True,False
2024-02-21,Delhi-05,Delhi,Vikram Singh,GK,28,True,False,False,True
2024-02-21,Bangalore-07,Bangalore,Meena Patel,Maths,15,False,False,False,True
2024-02-21,Bangalore-07,Bangalore,Anita Desai,Language,15,False,False,True,False
2024-02-21,Bangalore-07,Bangalore,Anita Desai,Language,15,False,False,True,False
2024-02-21,Bangalore-07,Bangalore,Meena Patel,English,15,True,False,False,False
2024-02-22,Pune-01,Pune,Vikram Singh,Language,30,True,False,False,False
2024-02-22,Pune-01,Pune,Anita Desai,Maths,30,True,True,True,False
2024-02-22,Pune-01,Pune,Anita Desai,Maths,30,False,True,True,False
2024-02-22,Pune-01,Pune,Suresh Kumar,Maths,30,True,False,False,True
2024-02-22,Pune-12,Pune,Meena Patel,GK,23,True,True,True,True
2024-02-22,Mumbai-03,Mumbai,Vikram Singh,GK,20,True,True,True,False
2024-02-22,Mumbai-03,Mumbai,Meena Patel,English,20,False,True,True,False
2024-02-22,Delhi-05,Delhi,Vikram Singh,GK,24,True,False,True,False
2024-02-22,Delhi-05,Delhi,Meena Patel,GK,24,True,False,False,False
2024-02-23,Pune-01,Pune,Anita Desai,English,20,True,True,True,True
2024-02-23,Pune-01,Pune,Rajesh Sharma,English,20,False,True,True,False
2024-02-23,Pune-01,Pune,Anita Desai,Maths,20,True,True,True,False
2024-02-23,Pune-01,Pune,Rajesh Sharma,Language,20,True,False,True,False
2024-02-23,Pune-12,Pune,Vikram Singh,English,36,True,False,False,True
2024-02-23,Pune-12,Pune,Suresh Kumar,GK,36,True,True,True,True
2024-02-23,Mumbai-03,Mumbai,Suresh Kumar,Maths,15,True,False,True,False
2024-02-23,Mumbai-03,Mumbai,Meena Patel,GK,15,True,False,False,False
2024-02-23,Delhi-05,Delhi,Anita Desai,English,26,True,True,False,False
2024-02-23,Bangalore-07,Bangalore,Vikram Singh,Maths,24,True,False,False,False
2024-02-23,Bangalore-07,Bangalore,Meena Patel,Maths,24,False,False,True,False
2024-02-23,Bangalore-07,Bangalore,Anita Desai,GK,24,False,False,False,True
2024-02-23,Bangalore-07,Bangalore,Meena Patel,GK,24,True,True,False,False
2024-02-24,Pune-01,Pune,Anita Desai,Maths,35,False,True,False,False
2024-02-24,Pune-01,Pune,Meena Patel,GK,35,True,False,False,False
2024-02-24,Pune-12,Pune,Rajesh Sharma,Maths,16,False,False,True,False
2024-02-24,Pune-12,Pune,Anita Desai,Language,16,False,True,False,True
2024-02-24,Pune-12,Pune,Suresh Kumar,English,16,False,False,False,False
2024-02-24,Pune-12,Pune,Vikram Singh,English,16,False,False,False,False
2024-02-24,Mumbai-03,Mumbai,Suresh Kumar,GK,27,True,False,False,False
2024-02-24,Mumbai-03,Mumbai,Rajesh Sharma,English,27,True,True,False,False
2024-02-24,Mumbai-03,Mumbai,Vikram Singh,English,27,True,False,False,False
2024-02-24,Mumbai-03,Mumbai,Meena Patel,English,27,False,False,False,True
2024-02-24,Delhi-05,Delhi,Meena Patel,Language,16,False,True,True,False
2024-02-24,Delhi-05,Delhi,Suresh Kumar,GK,16,False,True,True,False
2024-02-24,Delhi-05,Delhi,Anita Desai,Maths,16,True,False,False,False
2024-02-25,Pune-01,Pune,Anita Desai,GK,15,False,True,True,False
2024-02-25,Pune-01,Pune,Rajesh Sharma,English,15,True,True,True,False
2024-02-25,Pune-01,Pune,Rajesh Sharma,Maths,15,False,True,True,True
2024-02-25,Pune-01,Pune,Rajesh Sharma,English,15,True,True,False,True
2024-02-25,Delhi-05,Delhi,Meena Patel,GK,24,True,False,True,False
2024-02-25,Delhi-05,Delhi,Rajesh Sharma,Language,24,True,False,True,True
2024-02-25,Delhi-05,Delhi,Rajesh Sharma,English,24,True,False,False,False
2024-02-25,Delhi-05,Delhi,Meena Patel,English,24,False,False,True,False
2024-02-25,Bangalore-07,Bangalore,Vikram Singh,Language,35,True,False,True,False
2024-02-25,Bangalore-07,Bangalore,Suresh Kumar,GK,35,True,False,False,True
2024-02-25,Bangalore-07,Bangalore,Rajesh Sharma,Language,35,False,False,True,False
2024-02-26,Pune-01,Pune,Suresh Kumar,GK,15,False,False,True,True
2024-02-26,Pune-01,Pune,Vikram Singh,GK,15,True,True,True,False
2024-02-26,Pune-12,Pune,Rajesh Sharma,Maths,28,True,True,True,False
2024-02-27,Pune-01,Pune,Meena Patel,GK,22,False,True,False,False
2024-02-27,Pune-01,Pune,Meena Patel,GK,22,True,False,True,False
2024-02-27,Pune-01,Pune,Anita Desai,Language,22,True,True,True,False
2024-02-27,Pune-01,Pune,Suresh Kumar,English,22,True,True,False,False
2024-02-27,Mumbai-03,Mumbai,Meena Patel,Maths,18,True,True,False,True
2024-02-27,Mumbai-03,Mumbai,Suresh Kumar,Language,18,True,False,True,False
2024-02-27,Mumbai-03,Mumbai,Suresh Kumar,Language,18,True,True,False,False
2024-02-27,Delhi-05,Delhi,Meena Patel,GK,21,True,False,True,True
2024-02-27,Bangalore-07,Bangalore,Rajesh Sharma,GK,18,True,False,False,False
2024-02-27,Bangalore-07,Bangalore,Vikram Singh,English,18,True,True,True,False
2024-02-27,Bangalore-07,Bangalore,Vikram Singh,English,18,True,True,True,True
2024-02-27,Bangalore-07,Bangalore,Anita Desai,Language,18,True,False,True,False
2024-02-28,Pune-01,Pune,Vikram Singh,English,15,True,False,True,True
2024-02-28,Pune-01,Pune,Meena Patel,Language,15,False,True,False,False
2024-02-28,Pune-01,Pune,Rajesh Sharma,Language,15,True,False,False,False
2024-02-28,Pune-01,Pune,Anita Desai,Language,15,True,False,True,True
2024-02-28,Pune-12,Pune,Meena Patel,Maths,25,True,True,False,True
2024-02-28,Pune-12,Pune,Suresh Kumar,GK,25,True,True,True,False
2024-02-28,Pune-12,Pune,Vikram Singh,English,25,True,False,False,False
2024-02-28,Delhi-05,Delhi,Vikram Singh,GK,28,False,True,False,False
2024-02-28,Delhi-05,Delhi,Suresh Kumar,English,28,False,False,False,False
2024-02-28,Delhi-05,Delhi,Suresh Kumar,English,28,False,False,True,False
2024-02-28,Delhi-05,Delhi,Anita Desai,Language,28,True,True,True,False
2024-02-29,Pune-01,Pune,Meena Patel,Maths,38,True,True,False,False
2024-02-29,Pune-01,Pune,Meena Patel,English,38,True,False,True,True
2024-02-29,Pune-01,Pune,Rajesh Sharma,Language,38,False,True,True,False
2024-02-29,Pune-12,Pune,Meena Patel,English,18,True,False,True,False
2024-02-29,Pune-12,Pune,Meena Patel,English,18,True,False,False,False
2024-02-29,Pune-12,Pune,Vikram Singh,Maths,18,False,False,True,False
2024-02-29,Mumbai-03,Mumbai,Meena Patel,English,36,False,True,False,False
2024-02-29,Mumbai-03,Mumbai,Meena Patel,GK,36,False,True,True,False
2024-02-29,Bangalore-07,Bangalore,Meena Patel,Language,39,True,True,False,False
2024-03-01,Pune-12,Pune,Rajesh Sharma,Maths,20,False,False,True,True
2024-03-01,Pune-12,Pune,Anita Desai,English,20,True,True,False,False
2024-03-01,Mumbai-03,Mumbai,Vikram Singh,English,22,False,False,True,True
2024-03-01,Mumbai-03,Mumbai,Vikram Singh,English,22,False,False,False,False
2024-03-01,Mumbai-03,Mumbai,Anita Desai,Maths,22,True,False,True,True
2024-03-01,Mumbai-03,Mumbai,Vikram Singh,English,22,True,False,False,False
2024-03-01,Delhi-05,Delhi,Anita Desai,Language,35,True,False,True,False
2024-03-01,Delhi-05,Delhi,Suresh Kumar,English,35,True,False,False,True
2024-03-01,Delhi-05,Delhi,Suresh Kumar,GK,35,True,True,False,False
2024-03-01,Bangalore-07,Bangalore,Rajesh Sharma,Language,34,True,False,True,True
2024-03-01,Bangalore-07,Bangalore,Suresh Kumar,Language,34,True,False,True,True
2024-03-01,Bangalore-07,Bangalore,Vikram Singh,Maths,34,False,True,False,True
2024-03-02,Pune-01,Pune,Vikram Singh,English,19,True,True,False,True
2024-03-02,Pune-01,Pune,Vikram Singh,Language,19,False,True,False,False
2024-03-02,Pune-01,Pune,Rajesh Sharma,GK,19,True,False,False,False
2024-03-02,Pune-12,Pune,Vikram Singh,Maths,32,False,True,True,False
2024-03-02,Pune-12,Pune,Suresh Kumar,Language,32,True,False,False,False
2024-03-02,Delhi-05,Delhi,Vikram Singh,Language,39,False,False,True,False
2024-03-02,Delhi-05,Delhi,Meena Patel,English,39,True,False,True,True
2024-03-02,Bangalore-07,Bangalore,Anita Desai,Language,39,True,True,True,False
2024-03-02,Bangalore-07,Bangalore,Vikram Singh,Language,39,True,True,True,False
2024-03-02,Bangalore-07,Bangalore,Anita Desai,GK,39,True,False,False,True
2024-03-03,Mumbai-03,Mumbai,Anita Desai,Maths,33,True,False,True,True
2024-03-04,Pune-01,Pune,Meena Patel,Language,37,False,True,False,False
2024-03-04,Pune-01,Pune,Vikram Singh,Language,37,False,False,True,True
2024-03-04,Pune-01,Pune,Anita Desai,English,37,True,False,False,True
2024-03-04,Pune-01,Pune,Meena Patel,Language,37,True,False,True,False
2024-03-04,Mumbai-03,Mumbai,Vikram Singh,Language,20,False,False,False,False
2024-03-04,Mumbai-03,Mumbai,Anita Desai,Maths,20,True,False,True,False
2024-03-04,Mumbai-03,Mumbai,Vikram Singh,Maths,20,True,False,False,False
2024-03-04,Delhi-05,Delhi,Rajesh Sharma,English,15,False,False,False,True
2024-03-04,Bangalore-07,Bangalore,Meena Patel,GK,35,True,False,False,False
2024-03-04,Bangalore-07,Bangalore,Suresh Kumar,GK,35,True,False,True,True
2024-03-04,Bangalore-07,Bangalore,Meena Patel,Language,35,False,True,False,False
2024-03-05,Pune-12,Pune,Suresh Kumar,English,30,True,False,False,False
2024-03-05,Pune-12,Pune,Anita Desai,Language,30,True,False,True,False
2024-03-05,Pune-12,Pune,Meena Patel,Maths,30,True,False,True,False
2024-03-05,Pune-12,Pune,Anita Desai,English,30,True,True,False,False
2024-03-05,Mumbai-03,Mumbai,Suresh Kumar,Maths,16,False,True,False,False
2024-03-05,Mumbai-03,Mumbai,Anita Desai,English,16,True,False,True,False
2024-03-05,Delhi-05,Delhi,Rajesh Sharma,GK,28,True,False,True,True
2024-03-05,Bangalore-07,Bangalore,Anita Desai,Language,23,True,True,True,False
2024-03-05,Bangalore-07,Bangalore,Vikram Singh,Maths,23,True,True,True,False
2024-03-05,Bangalore-07,Bangalore,Suresh Kumar,Language,23,False,True,False,False
2024-03-05,Bangalore-07,Bangalore,Rajesh Sharma,Maths,23,True,False,True,False
2024-03-06,Pune-01,Pune,Anita Desai,English,35,True,True,False,False
2024-03-06,Pune-01,Pune,Rajesh Sharma,Language,35,True,False,True,True
2024-03-06,Pune-01,Pune,Anita Desai,Language,35,False,False,True,False
2024-03-06,Pune-12,Pune,Anita Desai,Language,39,True,True,True,False
2024-03-06,Pune-12,Pune,Vikram Singh,English,39,True,False,False,False
2024-03-06,Pune-12,Pune,Rajesh Sharma,Maths,39,True,False,False,False
2024-03-06,Pune-12,Pune,Suresh Kumar,English,39,False,True,True,False
2024-03-06,Mumbai-03,Mumbai,Rajesh Sharma,Language,31,False,False,False,False
2024-03-06,Delhi-05,Delhi,Suresh Kumar,GK,27,True,False,False,False
2024-03-06,Delhi-05,Delhi,Rajesh Sharma,English,27,True,True,True,False
2024-03-06,Delhi-05,Delhi,Vikram Singh,English,27,False,False,False,False
2024-03-06,Bangalore-07,Bangalore,Anita Desai,Maths,16,True,True,False,False
2024-03-06,Bangalore-07,Bangalore,Suresh Kumar,GK,16,False,True,True,False
2024-03-06,Bangalore-07,Bangalore,Rajesh Sharma,Maths,16,True,False,False,True
2024-03-07,Pune-01,Pune,Rajesh Sharma,English,37,False,True,True,False
2024-03-07,Pune-01,Pune,Meena Patel,GK,37,True,True,True,False
2024-03-07,Pune-01,Pune,Rajesh Sharma,Maths,37,True,False,True,True
2024-03-07,Pune-01,Pune,Meena Patel,Language,37,True,False,False,False
2024-03-07,Pune-12,Pune,Meena Patel,Maths,30,False,False,False,False
2024-03-07,Pune-12,Pune,Rajesh Sharma,English,30,True,True,True,False
2024-03-07,Mumbai-03,Mumbai,Suresh Kumar,Language,36,True,True,True,False
2024-03-07,Mumbai-03,Mumbai,Meena Patel,Maths,36,True,False,False,False
2024-03-07,Mumbai-03,Mumbai,Anita Desai,Maths,36,True,False,False,False
2024-03-07,Bangalore-07,Bangalore,Anita Desai,Maths,25,False,False,False,False
2024-03-07,Bangalore-07,Bangalore,Rajesh Sharma,Language,25,True,False,True,False
2024-03-07,Bangalore-07,Bangalore,Meena Patel,GK,25,False,False,True,True
2024-03-08,Pune-01,Pune,Vikram Singh,English,35,False,False,True,True
2024-03-08,Pune-12,Pune,Anita Desai,Maths,28,False,False,True,True
2024-03-08,Pune-12,Pune,Meena Patel,Maths,28,True,False,True,False
2024-03-08,Pune-12,Pune,Anita Desai,Maths,28,False,True,False,False
2024-03-08,Pune-12,Pune,Suresh Kumar,English,28,False,False,False,False
2024-03-08,Mumbai-03,Mumbai,Anita Desai,English,32,True,False,True,True
2024-03-08,Mumbai-03,Mumbai,Suresh Kumar,Language,32,True,True,True,False
2024-03-08,Mumbai-03,Mumbai,Anita Desai,Language,32,True,True,False,False
2024-03-08,Delhi-05,Delhi,Vikram Singh,English,25,True,True,True,False
2024-03-08,Delhi-05,Delhi,Suresh Kumar,Maths,25,True,False,True,True
2024-03-08,Delhi-05,Delhi,Anita Desai,Maths,25,False,False,False,False
2024-03-08,Delhi-05,Delhi,Suresh Kumar,GK,25,True,True,True,True
2024-03-08,Bangalore-07,Bangalore,Vikram Singh,GK,27,True,True,True,False
2024-03-09,Pune-01,Pune,Rajesh Sharma,Maths,19,True,True,False,True
2024-03-09,Pune-01,Pune,Vikram Singh,GK,19,True,True,True,False
2024-03-09,Pune-12,Pune,Anita Desai,Maths,25,False,True,True,True
2024-03-09,Pune-12,Pune,Vikram Singh,Maths,25,True,True,True,False
2024-03-09,Pune-12,Pune,Rajesh Sharma,Language,25,True,False,False,False
2024-03-09,Delhi-05,Delhi,Suresh Kumar,GK,18,False,False,False,False
2024-03-09,Delhi-05,Delhi,Vikram Singh,GK,18,True,False,False,False
2024-03-09,Delhi-05,Delhi,Rajesh Sharma,English,18,True,False,True,False
2024-03-09,Delhi-05,Delhi,Rajesh Sharma,GK,18,True,False,True,True
2024-03-09,Bangalore-07,Bangalore,Suresh Kumar,English,31,True,False,False,False
2024-03-09,Bangalore-07,Bangalore,Vikram Singh,GK,31,True,True,True,False
2024-03-10,Pune-01,Pune,Suresh Kumar,Language,19,True,False,False,False
2024-03-10,Pune-01,Pune,Anita Desai,Maths,19,True,False,False,True
2024-03-10,Pune-01,Pune,Anita Desai,GK,19,True,True,False,False
2024-03-10,Pune-01,Pune,Vikram Singh,English,19,True,True,False,False
2024-03-10,Pune-12,Pune,Suresh Kumar,Language,35,True,False,False,False
2024-03-10,Pune-12,Pune,Rajesh Sharma,Maths,35,True,True,False,True
2024-03-10,Pune-12,Pune,Rajesh Sharma,Language,35,True,False,False,False
2024-03-10,Mumbai-03,Mumbai,Suresh Kumar,English,20,True,False,True,False
2024-03-10,Mumbai-03,Mumbai,Rajesh Sharma,Maths,20,True,False,True,True
2024-03-10,Mumbai-03,Mumbai,Suresh Kumar,Language,20,True,True,False,False
2024-03-10,Mumbai-03,Mumbai,Rajesh Sharma,Language,20,True,False,False,False
2024-03-10,Delhi-05,Delhi,Anita Desai,English,23,True,True,False,False
2024-03-10,Bangalore-07,Bangalore,Vikram Singh,English,25,True,False,False,True
2024-03-10,Bangalore-07,Bangalore,Meena Patel,Maths,25,True,True,True,False
2024-03-10,Bangalore-07,Bangalore,Suresh Kumar,Language,25,True,True,False,True
2024-03-11,Pune-01,Pune,Rajesh Sharma,English,24,True,True,False,True
2024-03-11,Pune-01,Pune,Meena Patel,English,24,True,False,False,True
2024-03-11,Pune-01,Pune,Suresh Kumar,English,24,True,False,False,False
2024-03-11,Pune-01,Pune,Vikram Singh,Maths,24,True,False,False,False
2024-03-11,Pune-12,Pune,Rajesh Sharma,English,35,False,True,True,True
2024-03-11,Pune-12,Pune,Suresh Kumar,GK,35,True,True,True,False
2024-03-11,Mumbai-03,Mumbai,Anita Desai,GK,25,False,False,True,True
2024-03-11,Mumbai-03,Mumbai,Meena Patel,GK,25,True,True,True,False
2024-03-11,Mumbai-03,Mumbai,Rajesh Sharma,English,25,True,False,True,False
2024-03-11,Mumbai-03,Mumbai,Suresh Kumar,GK,25,True,True,False,True
2024-03-11,Delhi-05,Delhi,Vikram Singh,Maths,30,True,False,True,False
2024-03-11,Bangalore-07,Bangalore,Suresh Kumar,English,37,True,True,True,False
2024-03-11,Bangalore-07,Bangalore,Suresh Kumar,Language,37,True,False,False,False
2024-03-12,Pune-01,Pune,Suresh Kumar,Maths,30,True,True,True,False
2024-03-12,Pune-12,Pune,Rajesh Sharma,Maths,21,True,False,True,False
2024-03-12,Pune-12,Pune,Suresh Kumar,English,21,True,False,False,True
2024-03-12,Pune-12,Pune,Rajesh Sharma,English,21,False,True,False,False
2024-03-12,Mumbai-03,Mumbai,Meena Patel,English,34,False,True,False,False
2024-03-12,Mumbai-03,Mumbai,Vikram Singh,English,34,True,False,True,True
2024-03-12,Mumbai-03,Mumbai,Suresh Kumar,Maths,34,True,True,True,True
2024-03-12,Delhi-05,Delhi,Vikram Singh,GK,33,True,True,False,True
2024-03-12,Delhi-05,Delhi,Meena Patel,GK,33,True,True,True,False
2024-03-12,Delhi-05,Delhi,Suresh Kumar,English,33,False,False,False,False
2024-03-12,Bangalore-07,Bangalore,Anita Desai,Maths,16,False,False,False,False
2024-03-12,Bangalore-07,Bangalore,Rajesh Sharma,Maths,16,True,False,True,False
2024-03-12,Bangalore-07,Bangalore,Meena Patel,Language,16,True,False,True,False
2024-03-12,Bangalore-07,Bangalore,Anita Desai,Maths,16,False,True,False,False
2024-03-13,Pune-01,Pune,Vikram Singh,Language,36,True,False,True,True
2024-03-13,Pune-01,Pune,Meena Patel,Maths,36,True,True,False,False
2024-03-13,Pune-01,Pune,Vikram Singh,English,36,True,False,False,False
2024-03-13,Pune-01,Pune,Vikram Singh,English,36,True,False,False,True
2024-03-13,Pune-12,Pune,Meena Patel,GK,38,True,False,False,False
2024-03-13,Pune-12,Pune,Rajesh Sharma,Maths,38,True,False,True,True
2024-03-13,Mumbai-03,Mumbai,Suresh Kumar,English,17,True,False,True,True
2024-03-13,Delhi-05,Delhi,Rajesh Sharma,Maths,33,True,True,True,True
2024-03-13,Delhi-05,Delhi,Suresh Kumar,GK,33,True,True,False,True
2024-03-13,Bangalore-07,Bangalore,Anita Desai,Language,23,True,True,False,True
2024-03-13,Bangalore-07,Bangalore,Meena Patel,Language,23,False,True,False,False
2024-03-13,Bangalore-07,Bangalore,Meena Patel,Maths,23,True,False,True,True
2024-03-13,Bangalore-07,Bangalore,Rajesh Sharma,GK,23,True,False,False,False
2024-03-14,Mumbai-03,Mumbai,Vikram Singh,GK,18,True,True,False,True
2024-03-14,Delhi-05,Delhi,Anita Desai,Language,39,False,False,True,False
2024-03-14,Delhi-05,Delhi,Vikram Singh,Language,39,False,False,True,False
2024-03-14,Delhi-05,Delhi,Anita Desai,Maths,39,True,False,True,False
2024-03-14,Delhi-05,Delhi,Rajesh Sharma,Language,39,True,False,False,True
2024-03-15,Pune-12,Pune,Vikram Singh,Language,33,False,True,False,False
2024-03-15,Pune-12,Pune,Vikram Singh,Language,33,True,False,False,False
2024-03-15,Pune-12,Pune,Suresh Kumar,English,33,False,False,False,False
2024-03-15,Pune-12,Pune,Rajesh Sharma,Language,33,True,True,True,False
2024-03-15,Mumbai-03,Mumbai,Anita Desai,Language,33,True,True,False,False
2024-03-15,Delhi-05,Delhi,Vikram Singh,English,27,False,False,True,False
2024-03-15,Delhi-05,Delhi,Vikram Singh,Maths,27,True,False,True,True
2024-03-15,Bangalore-07,Bangalore,Anita Desai,Maths,21,False,True,False,False
2024-03-16,Pune-01,Pune,Vikram Singh,GK,37,True,True,False,True
2024-03-16,Pune-01,Pune,Suresh Kumar,Maths,37,True,False,True,False
2024-03-16,Pune-01,Pune,Vikram Singh,GK,37,False,False,True,False
2024-03-16,Mumbai-03,Mumbai,Anita Desai,GK,35,False,False,False,False
2024-03-16,Mumbai-03,Mumbai,Suresh Kumar,GK,35,True,True,False,False
2024-03-16,Mumbai-03,Mumbai,Suresh Kumar,English,35,True,True,True,False
2024-03-16,Mumbai-03,Mumbai,Vikram Singh,Maths,35,True,True,True,False
2024-03-16,Delhi-05,Delhi,Anita Desai,GK,35,True,False,True,True
2024-03-16,Delhi-05,Delhi,Suresh Kumar,Maths,35,True,False,True,False
2024-03-16,Bangalore-07,Bangalore,Suresh Kumar,Maths,26,False,True,False,True
2024-03-16,Bangalore-07,Bangalore,Vikram Singh,Maths,26,True,False,False,True
2024-03-16,Bangalore-07,Bangalore,Meena Patel,English,26,False,True,False,False
2024-03-17,Pune-01,Pune,Suresh Kumar,Maths,31,True,True,False,False
2024-03-17,Pune-01,Pune,Suresh Kumar,Language,31,True,False,True,False
2024-03-17,Pune-12,Pune,Suresh Kumar,English,24,False,True,False,False
2024-03-17,Pune-12,Pune,Rajesh Sharma,English,24,False,False,True,False
2024-03-17,Pune-12,Pune,Meena Patel,Language,24,True,True,False,True
2024-03-17,Pune-12,Pune,Suresh Kumar,Language,24,True,True,False,False
2024-03-17,Mumbai-03,Mumbai,Vikram Singh,Language,25,True,False,False,True
2024-03-17,Mumbai-03,Mumbai,Suresh Kumar,Language,25,True,False,True,True
2024-03-17,Mumbai-03,Mumbai,Vikram Singh,GK,25,False,True,False,False
2024-03-17,Mumbai-03,Mumbai,Rajesh Sharma,Language,25,True,False,False,True
2024-03-17,Delhi-05,Delhi,Meena Patel,GK,22,True,False,False,True
2024-03-17,Delhi-05,Delhi,Anita Desai,GK,22,False,False,True,False
2024-03-17,Delhi-05,Delhi,Anita Desai,Maths,22,True,False,True,False
2024-03-17,Bangalore-07,Bangalore,Rajesh Sharma,GK,37,True,True,True,False
2024-03-18,Pune-01,Pune,Rajesh Sharma,GK,33,False,False,False,False
2024-03-18,Pune-01,Pune,Anita Desai,GK,33,True,False,False,True
2024-03-18,Pune-01,Pune,Suresh Kumar,GK,33,False,False,True,False
2024-03-18,Pune-12,Pune,Rajesh Sharma,GK,30,True,False,True,False
2024-03-18,Pune-12,Pune,Vikram Singh,Language,30,True,False,True,False
2024-03-18,Pune-12,Pune,Suresh Kumar,English,30,True,False,False,False
2024-03-18,Mumbai-03,Mumbai,Meena Patel,Maths,32,False,False,True,False
2024-03-18,Mumbai-03,Mumbai,Meena Patel,Language,32,False,True,False,False
2024-03-18,Delhi-05,Delhi,Rajesh Sharma,GK,18,False,False,True,False
2024-03-18,Delhi-05,Delhi,Anita Desai,Language,18,True,True,False,True
2024-03-18,Delhi-05,Delhi,Rajesh Sharma,English,18,True,False,True,True
2024-03-18,Bangalore-07,Bangalore,Meena Patel,English,33,True,True,False,False
2024-03-19,Pune-12,Pune,Suresh Kumar,Language,18,True,False,True,True
2024-03-19,Pune-12,Pune,Suresh Kumar,English,18,True,True,True,False
2024-03-19,Pune-12,Pune,Vikram Singh,Maths,18,True,True,True,False
2024-03-19,Pune-12,Pune,Meena Patel,GK,18,False,False,True,False
2024-03-19,Mumbai-03,Mumbai,Meena Patel,English,26,True,False,False,False
2024-03-19,Mumbai-03,Mumbai,Rajesh Sharma,English,26,True,False,True,False
2024-03-19,Mumbai-03,Mumbai,Vikram Singh,GK,26,True,False,False,False
2024-03-19,Mumbai-03,Mumbai,Anita Desai,Maths,26,True,False,True,True
2024-03-19,Delhi-05,Delhi,Rajesh Sharma,Language,15,True,False,False,False
2024-03-19,Delhi-05,Delhi,Suresh Kumar,GK,15,True,False,True,False
2024-03-19,Delhi-05,Delhi,Anita Desai,English,15,False,False,False,False
2024-03-19,Delhi-05,Delhi,Suresh Kumar,GK,15,True,True,True,False
2024-03-19,Bangalore-07,Bangalore,Rajesh Sharma,Language,32,False,False,False,False
2024-03-19,Bangalore-07,Bangalore,Anita Desai,Maths,32,False,True,False,False
2024-03-20,Pune-01,Pune,Vikram Singh,Language,29,False,True,False,False
2024-03-20,Pune-01,Pune,Anita Desai,English,29,True,False,False,False
2024-03-20,Pune-12,Pune,Vikram Singh,Maths,31,True,True,True,True
2024-03-20,Pune-12,Pune,Suresh Kumar,Language,31,True,False,True,False
2024-03-20,Pune-12,Pune,Meena Patel,Language,31,True,True,False,False
2024-03-20,Pune-12,Pune,Meena Patel,Language,31,True,False,False,False
2024-03-20,Mumbai-03,Mumbai,Meena Patel,GK,32,True,False,False,False
2024-03-20,Mumbai-03,Mumbai,Anita Desai,Maths,32,False,True,True,False
2024-03-20,Mumbai-03,Mumbai,Suresh Kumar,Language,32,False,True,True,True
2024-03-20,Mumbai-03,Mumbai,Suresh Kumar,English,32,True,False,False,False
2024-03-20,Delhi-05,Delhi,Rajesh Sharma,GK,39,False,True,False,True
2024-03-20,Delhi-05,Delhi,Anita Desai,Language,39,False,True,True,True
2024-03-20,Bangalore-07,Bangalore,Vikram Singh,English,34,False,False,True,True
2024-03-21,Pune-01,Pune,Vikram Singh,English,23,True,False,True,False
2024-03-21,Pune-01,Pune,Suresh Kumar,Language,23,True,False,True,True
2024-03-21,Pune-01,Pune,Meena Patel,GK,23,False,True,False,True
2024-03-21,Pune-12,Pune,Rajesh Sharma,English,36,True,True,False,False
2024-03-21,Pune-12,Pune,Vikram Singh,Language,36,True,False,False,False
2024-03-21,Pune-12,Pune,Rajesh Sharma,Maths,36,True,True,False,False
2024-03-21,Pune-12,Pune,Vikram Singh,Language,36,True,False,True,False
2024-03-21,Delhi-05,Delhi,Rajesh Sharma,Language,32,False,False,True,False
2024-03-21,Delhi-05,Delhi,Suresh Kumar,Language,32,True,True,True,False
2024-03-21,Delhi-05,Delhi,Suresh Kumar,Language,32,True,False,True,True
2024-03-21,Bangalore-07,Bangalore,Vikram Singh,Language,30,True,False,True,False
2024-03-21,Bangalore-07,Bangalore,Meena Patel,Language,30,True,False,False,False
2024-03-21,Bangalore-07,Bangalore,Meena Patel,Maths,30,True,True,False,False
2024-03-21,Bangalore-07,Bangalore,Anita Desai,GK,30,True,True,True,False
2024-03-22,Pune-01,Pune,Meena Patel,Maths,15,True,True,False,False
2024-03-22,Pune-12,Pune,Meena Patel,Language,31,True,False,True,False
2024-03-22,Pune-12,Pune,Suresh Kumar,Language,31,True,True,True,False
2024-03-22,Mumbai-03,Mumbai,Suresh Kumar,GK,35,False,False,False,False
2024-03-22,Mumbai-03,Mumbai,Vikram Singh,Maths,35,True,True,False,False
2024-03-22,Mumbai-03,Mumbai,Rajesh Sharma,English,35,False,False,True,False
2024-03-22,Mumbai-03,Mumbai,Rajesh Sharma,English,35,True,False,True,False
2024-03-22,Delhi-05,Delhi,Rajesh Sharma,GK,16,True,False,False,True
2024-03-22,Delhi-05,Delhi,Meena Patel,Language,16,True,False,True,True
2024-03-22,Delhi-05,Delhi,Anita Desai,English,16,False,True,False,True
2024-03-22,Delhi-05,Delhi,Meena Patel,Language,16,True,True,True,True
2024-03-22,Bangalore-07,Bangalore,Meena Patel,GK,20,True,True,False,False
2024-03-22,Bangalore-07,Bangalore,Vikram Singh,GK,20,True,True,False,True
2024-03-22,Bangalore-07,Bangalore,Suresh Kumar,Language,20,True,False,False,True
2024-03-23,Pune-01,Pune,Suresh Kumar,English,28,True,False,True,True
2024-03-23,Pune-01,Pune,Rajesh Sharma,Language,28,False,False,False,False
2024-03-23,Pune-01,Pune,Vikram Singh,Language,28,True,False,True,False
2024-03-23,Pune-12,Pune,Vikram Singh,Maths,27,True,True,True,False
2024-03-23,Mumbai-03,Mumbai,Rajesh Sharma,Language,27,False,False,False,True
2024-03-23,Mumbai-03,Mumbai,Suresh Kumar,Maths,27,False,False,True,True
2024-03-23,Delhi-05,Delhi,Suresh Kumar,Language,31,False,False,True,False
2024-03-23,Delhi-05,Delhi,Suresh Kumar,Maths,31,True,True,True,True
2024-03-23,Delhi-05,Delhi,Anita Desai,Maths,31,True,True,True,False
2024-03-23,Bangalore-07,Bangalore,Vikram Singh,Language,32,True,True,True,False
2024-03-23,Bangalore-07,Bangalore,Vikram Singh,English,32,True,True,True,False
2024-03-23,Bangalore-07,Bangalore,Vikram Singh,Maths,32,True,False,False,True
2024-03-24,Pune-01,Pune,Suresh Kumar,English,27,True,True,False,False
2024-03-24,Pune-12,Pune,Rajesh Sharma,Language,17,False,True,True,False
2024-03-24,Pune-12,Pune,Rajesh Sharma,Maths,17,False,True,False,False
2024-03-24,Mumbai-03,Mumbai,Vikram Singh,GK,19,True,False,True,True
2024-03-24,Mumbai-03,Mumbai,Meena Patel,GK,19,True,False,False,False
2024-03-24,Delhi-05,Delhi,Anita Desai,GK,19,True,False,False,True
2024-03-24,Bangalore-07,Bangalore,Meena Patel,Language,34,True,True,True,False
2024-03-24,Bangalore-07,Bangalore,Anita Desai,Maths,34,True,True,True,False
2024-03-25,Pune-01,Pune,Rajesh Sharma,English,21,False,False,False,False
2024-03-25,Pune-12,Pune,Suresh Kumar,Maths,28,True,False,True,False
2024-03-25,Pune-12,Pune,Anita Desai,English,28,True,False,False,False
2024-03-25,Pune-12,Pune,Vikram Singh,Language,28,True,False,True,True
2024-03-25,Mumbai-03,Mumbai,Vikram Singh,English,19,True,False,False,False
2024-03-25,Mumbai-03,Mumbai,Meena Patel,GK,19,True,False,True,True
2024-03-25,Delhi-05,Delhi,Rajesh Sharma,English,15,True,False,True,False
2024-03-25,Delhi-05,Delhi,Suresh Kumar,English,15,True,False,False,False
2024-03-25,Bangalore-07,Bangalore,Suresh Kumar,English,34,True,False,True,True
2024-03-26,Pune-01,Pune,Rajesh Sharma,English,15,True,True,True,True
2024-03-26,Pune-01,Pune,Suresh Kumar,GK,15,True,True,False,True
2024-03-26,Pune-01,Pune,Rajesh Sharma,Language,15,True,False,False,False
2024-03-26,Pune-01,Pune,Rajesh Sharma,GK,15,True,False,False,False
2024-03-26,Pune-12,Pune,Anita Desai,Language,34,True,True,False,False
2024-03-26,Pune-12,Pune,Vikram Singh,English,34,False,False,False,True
2024-03-26,Pune-12,Pune,Vikram Singh,Maths,34,True,True,False,False
2024-03-26,Pune-12,Pune,Suresh Kumar,Maths,34,False,False,True,True
2024-03-26,Mumbai-03,Mumbai,Rajesh Sharma,Maths,33,True,False,True,True
2024-03-26,Mumbai-03,Mumbai,Suresh Kumar,English,33,True,False,True,False
2024-03-26,Mumbai-03,Mumbai,Meena Patel,Maths,33,False,False,True,True
2024-03-26,Delhi-05,Delhi,Rajesh Sharma,English,39,True,False,True,False
2024-03-26,Bangalore-07,Bangalore,Anita Desai,English,20,True,True,False,False
2024-03-27,Mumbai-03,Mumbai,Meena Patel,Maths,39,True,False,True,True
2024-03-27,Mumbai-03,Mumbai,Vikram Singh,Language,39,True,True,False,True
2024-03-27,Mumbai-03,Mumbai,Anita Desai,English,39,True,False,False,False
2024-03-27,Mumbai-03,Mumbai,Anita Desai,English,39,False,False,False,False
2024-03-27,Bangalore-07,Bangalore,Meena Patel,GK,28,True,True,False,False
2024-03-28,Pune-01,Pune,Meena Patel,English,18,True,False,True,False
2024-03-28,Pune-01,Pune,Anita Desai,GK,18,True,False,False,False
2024-03-28,Pune-01,Pune,Suresh Kumar,GK,18,False,True,True,False
2024-03-28,Pune-01,Pune,Suresh Kumar,Language,18,False,True,True,True
2024-03-28,Delhi-05,Delhi,Meena Patel,GK,38,True,True,False,True
2024-03-28,Delhi-05,Delhi,Suresh Kumar,GK,38,False,True,False,True
2024-03-28,Bangalore-07,Bangalore,Rajesh Sharma,GK,30,True,False,False,False
2024-03-28,Bangalore-07,Bangalore,Suresh Kumar,Language,30,True,True,False,True
2024-03-28,Bangalore-07,Bangalore,Meena Patel,Language,30,True,True,False,False
2024-03-28,Bangalore-07,Bangalore,Suresh Kumar,Maths,30,True,False,True,False
2024-03-29,Pune-12,Pune,Suresh Kumar,GK,15,False,False,False,False
2024-03-29,Pune-12,Pune,Rajesh Sharma,English,15,False,False,True,False
2024-03-29,Pune-12,Pune,Anita Desai,English,15,True,False,False,False
2024-03-29,Pune-12,Pune,Meena Patel,English,15,False,False,True,False
2024-03-29,Mumbai-03,Mumbai,Meena Patel,English,19,True,False,False,True
2024-03-29,Mumbai-03,Mumbai,Rajesh Sharma,English,19,True,False,False,True
2024-03-29,Mumbai-03,Mumbai,Vikram Singh,English,19,True,True,True,False
2024-03-29,Mumbai-03,Mumbai,Meena Patel,GK,19,True,False,False,True
2024-03-29,Delhi-05,Delhi,Meena Patel,GK,38,True,False,True,False
2024-03-29,Delhi-05,Delhi,Anita Desai,Language,38,True,False,False,False
2024-03-29,Bangalore-07,Bangalore,Meena Patel,English,27,True,True,False,False
2024-03-29,Bangalore-07,Bangalore,Rajesh Sharma,Language,27,True,False,False,False
2024-03-29,Bangalore-07,Bangalore,Suresh Kumar,Language,27,True,False,True,False
2024-03-29,Bangalore-07,Bangalore,Vikram Singh,Maths,27,True,False,True,False
2024-03-30,Pune-01,Pune,Suresh Kumar,English,15,True,False,True,False
2024-03-30,Pune-01,Pune,Vikram Singh,Language,15,False,False,False,False
2024-03-30,Pune-01,Pune,Suresh Kumar,Language,15,False,True,True,False
2024-03-30,Pune-12,Pune,Rajesh Sharma,GK,21,True,False,False,False
2024-03-30,Pune-12,Pune,Vikram Singh,GK,21,True,False,False,False
2024-03-30,Pune-12,Pune,Rajesh Sharma,GK,21,True,False,False,True
2024-03-30,Pune-12,Pune,Suresh Kumar,Language,21,True,True,True,True
2024-03-30,Mumbai-03,Mumbai,Vikram Singh,Language,15,False,False,True,False
2024-03-30,Mumbai-03,Mumbai,Suresh Kumar,Maths,15,False,True,True,False
2024-03-30,Mumbai-03,Mumbai,Meena Patel,Maths,15,True,False,True,False
2024-03-30,Mumbai-03,Mumbai,Rajesh Sharma,English,15,True,True,False,False
2024-03-30,Delhi-05,Delhi,Meena Patel,Maths,23,False,True,True,True
2024-03-30,Delhi-05,Delhi,Meena Patel,English,23,True,False,False,False
2024-03-30,Bangalore-07,Bangalore,Suresh Kumar,Language,39,True,False,True,False
2024-03-30,Bangalore-07,Bangalore,Rajesh Sharma,Language,39,True,True,False,True
2024-03-31,Mumbai-03,Mumbai,Meena Patel,GK,33,False,True,False,False
2024-03-31,Mumbai-03,Mumbai,Anita Desai,Language,33,False,False,True,True
2024-03-31,Delhi-05,Delhi,Rajesh Sharma,Maths,32,True,True,True,True
2024-03-31,Delhi-05,Delhi,Vikram Singh,Maths,32,False,True,False,False
2024-03-31,Delhi-05,Delhi,Meena Patel,English,32,True,False,False,False
2024-04-01,Pune-01,Pune,Rajesh Sharma,Maths,18,True,False,False,False
2024-04-01,Pune-01,Pune,Vikram Singh,GK,18,True,True,True,False
2024-04-01,Pune-01,Pune,Rajesh Sharma,English,18,False,True,False,False
2024-04-01,Pune-12,Pune,Vikram Singh,Maths,34,True,False,False,False
2024-04-01,Pune-12,Pune,Vikram Singh,Maths,34,False,True,False,False
2024-04-01,Pune-12,Pune,Rajesh Sharma,GK,34,False,False,True,False
2024-04-01,Pune-12,Pune,Vikram Singh,English,34,True,True,True,False
2024-04-01,Mumbai-03,Mumbai,Rajesh Sharma,Maths,17,True,True,False,True
2024-04-01,Mumbai-03,Mumbai,Vikram Singh,Language,17,True,True,True,False
2024-04-01,Mumbai-03,Mumbai,Meena Patel,English,17,False,False,False,False
2024-04-01,Mumbai-03,Mumbai,Suresh Kumar,GK,17,False,False,False,True
2024-04-01,Delhi-05,Delhi,Rajesh Sharma,GK,17,True,False,False,True
2024-04-01,Bangalore-07,Bangalore,Rajesh Sharma,English,32,True,False,False,False
2024-04-01,Bangalore-07,Bangalore,Rajesh Sharma,Maths,32,True,False,True,False
2024-04-01,Bangalore-07,Bangalore,Meena Patel,English,32,True,True,False,False
2024-04-01,Bangalore-07,Bangalore,Suresh Kumar,Maths,32,True,False,True,True
2024-04-02,Pune-01,Pune,Suresh Kumar,Language,18,False,True,True,False
2024-04-02,Pune-01,Pune,Rajesh Sharma,GK,18,False,False,False,False
2024-04-02,Mumbai-03,Mumbai,Vikram Singh,English,16,True,False,True,False
2024-04-02,Delhi-05,Delhi,Anita Desai,English,39,True,False,False,False
2024-04-02,Delhi-05,Delhi,Rajesh Sharma,Maths,39,True,True,True,True
2024-04-02,Bangalore-07,Bangalore,Meena Patel,Maths,19,False,False,False,True
2024-04-02,Bangalore-07,Bangalore,Meena Patel,Maths,19,True,False,True,False
2024-04-02,Bangalore-07,Bangalore,Meena Patel,English,19,True,True,True,False
2024-04-03,Pune-01,Pune,Rajesh Sharma,Language,35,False,False,False,True
2024-04-03,Pune-01,Pune,Rajesh Sharma,Maths,35,True,True,True,True
2024-04-03,Pune-01,Pune,Anita Desai,GK,35,True,True,True,True
2024-04-03,Pune-01,Pune,Suresh Kumar,GK,35,False,False,False,False
2024-04-03,Mumbai-03,Mumbai,Anita Desai,GK,35,True,True,False,True
2024-04-03,Mumbai-03,Mumbai,Suresh Kumar,GK,35,True,False,True,False
2024-04-03,Delhi-05,Delhi,Rajesh Sharma,English,16,False,False,False,False
2024-04-03,Delhi-05,Delhi,Suresh Kumar,Language,16,True,False,True,False
2024-04-03,Delhi-05,Delhi,Suresh Kumar,Maths,16,True,False,False,True
2024-04-03,Delhi-05,Delhi,Rajesh Sharma,Language,16,False,True,True,False
2024-04-04,Pune-01,Pune,Meena Patel,Maths,18,False,False,False,False
2024-04-04,Pune-01,Pune,Anita Desai,English,18,True,False,True,True
2024-04-04,Pune-01,Pune,Anita Desai,GK,18,True,True,True,False
2024-04-04,Delhi-05,Delhi,Anita Desai,Maths,26,True,True,False,True
2024-04-04,Delhi-05,Delhi,Suresh Kumar,GK,26,False,True,True,False
2024-04-04,Delhi-05,Delhi,Suresh Kumar,Language,26,True,False,False,False
2024-04-05,Pune-01,Pune,Vikram Singh,Language,26,True,True,True,False
2024-04-05,Pune-01,Pune,Anita Desai,Language,26,True,False,False,False
2024-04-05,Pune-12,Pune,Meena Patel,Language,21,True,False,False,False
2024-04-05,Pune-12,Pune,Rajesh Sharma,GK,21,True,False,False,False
2024-04-05,Delhi-05,Delhi,Suresh Kumar,English,18,True,True,False,True
2024-04-05,Delhi-05,Delhi,Anita Desai,Maths,18,True,True,False,False
2024-04-06,Pune-01,Pune,Rajesh Sharma,Maths,27,True,True,False,False
2024-04-06,Pune-01,Pune,Anita Desai,Maths,27,True,False,False,True
2024-04-06,Pune-01,Pune,Rajesh Sharma,GK,27,True,False,True,False
2024-04-06,Pune-01,Pune,Suresh Kumar,English,27,True,True,False,False
2024-04-06,Mumbai-03,Mumbai,Suresh Kumar,Maths,35,False,False,True,False
2024-04-06,Bangalore-07,Bangalore,Vikram Singh,Language,38,True,False,False,True
2024-04-06,Bangalore-07,Bangalore,Rajesh Sharma,English,38,True,False,True,False
2024-04-06,Bangalore-07,Bangalore,Meena Patel,Language,38,False,True,True,True
2024-04-07,Pune-01,Pune,Rajesh Sharma,GK,20,False,True,False,False
2024-04-07,Pune-01,Pune,Anita Desai,Language,20,True,False,False,False
2024-04-07,Pune-12,Pune,Suresh Kumar,GK,22,False,False,False,False
2024-04-07,Pune-12,Pune,Meena Patel,Maths,22,True,True,False,True
2024-04-07,Mumbai-03,Mumbai,Rajesh Sharma,Maths,34,True,True,False,True
2024-04-07,Delhi-05,Delhi,Vikram Singh,GK,35,False,True,False,True
2024-04-07,Delhi-05,Delhi,Suresh Kumar,Language,35,True,True,True,True
2024-04-07,Delhi-05,Delhi,Suresh Kumar,English,35,True,False,False,True
2024-04-07,Delhi-05,Delhi,Suresh Kumar,English,35,True,False,True,False
2024-04-07,Bangalore-07,Bangalore,Vikram Singh,Maths,31,True,False,True,False
2024-04-07,Bangalore-07,Bangalore,Anita Desai,English,31,True,True,True,False
2024-04-07,Bangalore-07,Bangalore,Vikram Singh,Maths,31,True,False,True,False
2024-04-08,Pune-01,Pune,Rajesh Sharma,English,23,True,False,True,True
2024-04-08,Pune-12,Pune,Meena Patel,Language,33,True,False,True,False
2024-04-08,Mumbai-03,Mumbai,Rajesh Sharma,GK,30,True,True,True,True
2024-04-08,Mumbai-03,Mumbai,Anita Desai,Language,30,True,False,False,False
2024-04-08,Mumbai-03,Mumbai,Rajesh Sharma,Language,30,False,True,True,False
2024-04-08,Delhi-05,Delhi,Anita Desai,Maths,32,True,True,True,True
2024-04-08,Bangalore-07,Bangalore,Anita Desai,Language,35,True,True,False,False
2024-04-09,Pune-01,Pune,Anita Desai,Maths,31,True,True,False,False
2024-04-09,Pune-01,Pune,Rajesh Sharma,English,31,True,True,False,False
2024-04-09,Pune-01,Pune,Rajesh Sharma,English,31,False,False,True,False
2024-04-09,Pune-01,Pune,Vikram Singh,English,31,True,True,False,False
2024-04-09,Pune-12,Pune,Suresh Kumar,GK,19,True,False,False,True
2024-04-09,Mumbai-03,Mumbai,Rajesh Sharma,Maths,33,True,True,False,False
2024-04-09,Mumbai-03,Mumbai,Suresh Kumar,Maths,33,True,False,False,False
2024-04-09,Mumbai-03,Mumbai,Rajesh Sharma,Maths,33,True,True,True,True
2024-04-09,Mumbai-03,Mumbai,Anita Desai,Language,33,True,False,True,False
2024-04-09,Bangalore-07,Bangalore,Vikram Singh,Maths,21,True,True,True,False
2024-04-09,Bangalore-07,Bangalore,Anita Desai,English,21,False,False,True,False
2024-04-09,Bangalore-07,Bangalore,Anita Desai,Language,21,False,True,True,False
2024-04-09,Bangalore-07,Bangalore,Rajesh Sharma,English,21,True,False,True,False
2024-04-10,Pune-01,Pune,Rajesh Sharma,GK,21,True,True,True,True
2024-04-10,Pune-01,Pune,Vikram Singh,Maths,21,False,True,True,False
2024-04-10,Pune-12,Pune,Anita Desai,Language,22,False,False,True,False
2024-04-10,Pune-12,Pune,Suresh Kumar,Language,22,False,True,False,False
2024-04-10,Pune-12,Pune,Meena Patel,English,22,True,False,False,False
2024-04-10,Mumbai-03,Mumbai,Rajesh Sharma,Maths,24,True,False,True,True
2024-04-10,Mumbai-03,Mumbai,Anita Desai,GK,24,True,True,False,False
2024-04-10,Delhi-05,Delhi,Vikram Singh,Language,19,True,False,False,False
2024-04-10,Delhi-05,Delhi,Anita Desai,English,19,False,False,True,True
2024-04-10,Delhi-05,Delhi,Vikram Singh,Language,19,True,False,False,False
2024-04-10,Delhi-05,Delhi,Suresh Kumar,Maths,19,True,True,False,False
2024-04-10,Bangalore-07,Bangalore,Rajesh Sharma,Maths,27,True,False,True,False
2024-04-10,Bangalore-07,Bangalore,Anita Desai,GK,27,True,False,True,False
2024-04-10,Bangalore-07,Bangalore,Anita Desai,English,27,True,False,True,False
2024-04-10,Bangalore-07,Bangalore,Suresh Kumar,English,27,False,True,False,False
2024-04-11,Pune-01,Pune,Vikram Singh,Maths,34,True,False,False,False
2024-04-11,Pune-01,Pune,Meena Patel,GK,34,True,False,False,False
2024-04-11,Pune-12,Pune,Rajesh Sharma,GK,39,True,False,False,False
2024-04-11,Pune-12,Pune,Suresh Kumar,Maths,39,True,False,True,False
2024-04-11,Delhi-05,Delhi,Suresh Kumar,Maths,24,True,True,True,False
2024-04-11,Delhi-05,Delhi,Rajesh Sharma,English,24,True,True,True,False
2024-04-11,Bangalore-07,Bangalore,Vikram Singh,Maths,16,True,True,False,True
2024-04-12,Pune-12,Pune,Rajesh Sharma,English,20,True,True,False,False
2024-04-12,Pune-12,Pune,Rajesh Sharma,Language,20,False,True,False,False
2024-04-12,Delhi-05,Delhi,Meena Patel,Language,23,False,False,False,False
2024-04-12,Delhi-05,Delhi,Anita Desai,GK,23,True,True,False,False
2024-04-12,Delhi-05,Delhi,Anita Desai,Maths,23,True,True,False,True
2024-04-12,Bangalore-07,Bangalore,Anita Desai,GK,33,False,True,False,False
2024-04-12,Bangalore-07,Bangalore,Anita Desai,English,33,True,False,True,False
2024-04-12,Bangalore-07,Bangalore,Meena Patel,GK,33,True,False,False,True
2024-04-12,Bangalore-07,Bangalore,Anita Desai,GK,33,False,False,True,False
2024-04-13,Pune-01,Pune,Vikram Singh,Language,20,False,True,False,False
2024-04-13,Pune-01,Pune,Vikram Singh,Maths,20,True,True,False,False
2024-04-13,Pune-12,Pune,Suresh Kumar,English,17,True,False,True,False
2024-04-13,Pune-12,Pune,Suresh Kumar,Maths,17,False,True,True,False
2024-04-13,Pune-12,Pune,Rajesh Sharma,Language,17,True,False,True,True
2024-04-13,Pune-12,Pune,Meena Patel,English,17,True,True,False,False
2024-04-13,Mumbai-03,Mumbai,Anita Desai,GK,21,False,False,True,True
2024-04-13,Mumbai-03,Mumbai,Rajesh Sharma,English,21,True,True,False,True
2024-04-13,Mumbai-03,Mumbai,Meena Patel,GK,21,True,True,True,False
2024-04-13,Delhi-05,Delhi,Anita Desai,Language,18,True,True,False,False
2024-04-13,Delhi-05,Delhi,Meena Patel,Language,18,True,False,True,True
2024-04-13,Delhi-05,Delhi,Vikram Singh,GK,18,True,False,True,True
2024-04-13,Bangalore-07,Bangalore,Anita Desai,English,21,True,False,True,False
2024-04-14,Pune-01,Pune,Suresh Kumar,Maths,19,True,False,False,False
2024-04-14,Pune-12,Pune,Anita Desai,Maths,35,True,True,True,False
2024-04-14,Pune-12,Pune,Vikram Singh,Maths,35,False,True,False,False
2024-04-14,Mumbai-03,Mumbai,Meena Patel,Language,34,True,True,False,False
2024-04-14,Delhi-05,Delhi,Meena Patel,GK,17,True,False,False,False
2024-04-14,Delhi-05,Delhi,Vikram Singh,Maths,17,True,True,False,True
2024-04-15,Pune-12,Pune,Suresh Kumar,Maths,31,False,True,True,False
2024-04-15,Pune-12,Pune,Anita Desai,Maths,31,True,True,True,True
2024-04-15,Mumbai-03,Mumbai,Vikram Singh,Maths,26,False,False,True,True
2024-04-15,Delhi-05,Delhi,Suresh Kumar,Language,32,True,False,True,True
2024-04-16,Pune-01,Pune,Vikram Singh,English,32,True,True,True,False
2024-04-16,Pune-01,Pune,Rajesh Sharma,Maths,32,True,False,False,False
2024-04-16,Pune-01,Pune,Meena Patel,Language,32,True,False,True,False
2024-04-16,Delhi-05,Delhi,Suresh Kumar,GK,16,True,False,True,True
2024-04-16,Delhi-05,Delhi,Rajesh Sharma,Language,16,True,False,False,False
2024-04-16,Delhi-05,Delhi,Anita Desai,Language,16,True,False,True,False
2024-04-16,Bangalore-07,Bangalore,Anita Desai,Maths,37,True,False,False,False
2024-04-17,Pune-01,Pune,Vikram Singh,Maths,21,True,False,True,False
2024-04-17,Pune-01,Pune,Vikram Singh,English,21,False,True,False,False
2024-04-17,Pune-01,Pune,Vikram Singh,GK,21,False,True,True,False
2024-04-17,Pune-12,Pune,Anita Desai,Language,20,True,False,False,False
2024-04-17,Pune-12,Pune,Anita Desai,English,20,False,False,False,True
2024-04-17,Pune-12,Pune,Vikram Singh,English,20,False,True,True,False
2024-04-17,Mumbai-03,Mumbai,Meena Patel,GK,37,False,False,False,False
2024-04-17,Mumbai-03,Mumbai,Anita Desai,GK,37,True,True,False,False
2024-04-17,Delhi-05,Delhi,Vikram Singh,Maths,36,True,True,True,False
2024-04-17,Delhi-05,Delhi,Meena Patel,GK,36,True,False,True,False
2024-04-17,Bangalore-07,Bangalore,Anita Desai,Language,29,True,True,True,False
2024-04-17,Bangalore-07,Bangalore,Rajesh Sharma,English,29,True,False,False,False
2024-04-18,Pune-01,Pune,Rajesh Sharma,GK,30,True,True,False,False
2024-04-18,Pune-01,Pune,Meena Patel,Language,30,True,True,False,False
2024-04-18,Pune-01,Pune,Meena Patel,Maths,30,True,False,False,False
2024-04-18,Pune-12,Pune,Suresh Kumar,Language,19,True,True,True,False
2024-04-18,Pune-12,Pune,Rajesh Sharma,Language,19,False,False,True,False
2024-04-18,Pune-12,Pune,Meena Patel,Maths,19,True,False,False,False
2024-04-18,Delhi-05,Delhi,Rajesh Sharma,Maths,35,False,True,True,False
2024-04-18,Delhi-05,Delhi,Meena Patel,Maths,35,True,False,False,False
2024-04-18,Bangalore-07,Bangalore,Rajesh Sharma,English,36,True,False,False,False
2024-04-19,Pune-01,Pune,Suresh Kumar,GK,36,False,False,False,False
2024-04-19,Pune-01,Pune,Rajesh Sharma,English,36,True,False,False,False
2024-04-19,Pune-01,Pune,Vikram Singh,Maths,36,True,False,True,True
2024-04-19,Pune-12,Pune,Vikram Singh,Language,37,True,False,False,True
2024-04-19,Pune-12,Pune,Anita Desai,Maths,37,True,True,False,True
2024-04-19,Pune-12,Pune,Anita Desai,Maths,37,True,True,True,False
2024-04-19,Pune-12,Pune,Meena Patel,Maths,37,True,True,True,False
2024-04-19,Mumbai-03,Mumbai,Anita Desai,English,33,True,False,False,False
2024-04-19,Mumbai-03,Mumbai,Suresh Kumar,GK,33,True,True,False,False
2024-04-19,Mumbai-03,Mumbai,Suresh Kumar,Language,33,False,False,False,False
2024-04-19,Mumbai-03,Mumbai,Suresh Kumar,English,33,True,False,True,False
2024-04-19,Delhi-05,Delhi,Suresh Kumar,Maths,18,True,True,True,True
2024-04-19,Bangalore-07,Bangalore,Vikram Singh,English,17,False,True,False,True
2024-04-20,Pune-01,Pune,Rajesh Sharma,English,37,True,True,True,False
2024-04-20,Pune-12,Pune,Rajesh Sharma,GK,21,True,True,True,False
2024-04-20,Pune-12,Pune,Anita Desai,Maths,21,True,True,True,True
2024-04-20,Mumbai-03,Mumbai,Suresh Kumar,Maths,30,False,False,True,False
2024-04-20,Mumbai-03,Mumbai,Rajesh Sharma,English,30,True,False,True,False
2024-04-20,Mumbai-03,Mumbai,Rajesh Sharma,Maths,30,False,True,True,False
2024-04-20,Mumbai-03,Mumbai,Rajesh Sharma,English,30,False,False,False,False
2024-04-20,Delhi-05,Delhi,Meena Patel,Maths,21,True,False,True,False
2024-04-20,Delhi-05,Delhi,Suresh Kumar,Language,21,True,True,False,False
2024-04-20,Delhi-05,Delhi,Anita Desai,Maths,21,False,False,True,True
2024-04-20,Bangalore-07,Bangalore,Rajesh Sharma,Maths,36,True,False,True,False
2024-04-20,Bangalore-07,Bangalore,Rajesh Sharma,English,36,True,False,True,False
2024-04-21,Pune-01,Pune,Meena Patel,English,32,True,False,False,False
2024-04-21,Pune-12,Pune,Rajesh Sharma,Maths,22,True,False,True,False
2024-04-21,Pune-12,Pune,Suresh Kumar,GK,22,False,True,True,True
2024-04-21,Mumbai-03,Mumbai,Meena Patel,Language,15,True,False,False,True
2024-04-21,Mumbai-03,Mumbai,Anita Desai,Maths,15,False,False,False,False
2024-04-21,Mumbai-03,Mumbai,Rajesh Sharma,GK,15,False,True,False,False
2024-04-21,Delhi-05,Delhi,Suresh Kumar,Language,26,True,False,True,False
2024-04-21,Delhi-05,Delhi,Rajesh Sharma,GK,26,False,False,False,True
2024-04-21,Delhi-05,Delhi,Anita Desai,GK,26,False,False,False,False
2024-04-21,Delhi-05,Delhi,Vikram Singh,Language,26,True,False,True,False
2024-04-21,Bangalore-07,Bangalore,Meena Patel,GK,37,True,True,False,False
2024-04-21,Bangalore-07,Bangalore,Anita Desai,Language,37,False,True,False,False
2024-04-21,Bangalore-07,Bangalore,Anita Desai,Maths,37,True,False,True,False
2024-04-22,Pune-01,Pune,Rajesh Sharma,GK,28,True,False,True,False
2024-04-22,Pune-01,Pune,Meena Patel,English,28,True,True,True,False
2024-04-22,Pune-01,Pune,Meena Patel,Language,28,True,False,True,False
2024-04-22,Pune-01,Pune,Vikram Singh,GK,28,True,True,True,False
2024-04-22,Pune-12,Pune,Vikram Singh,Language,30,True,False,True,False
2024-04-22,Pune-12,Pune,Rajesh Sharma,English,30,True,False,True,False
2024-04-22,Pune-12,Pune,Suresh Kumar,English,30,False,True,True,False
2024-04-22,Mumbai-03,Mumbai,Suresh Kumar,Maths,18,True,False,False,False
2024-04-22,Bangalore-07,Bangalore,Vikram Singh,Maths,30,True,False,False,False
2024-04-22,Bangalore-07,Bangalore,Suresh Kumar,Language,30,True,False,False,True
2024-04-23,Pune-01,Pune,Anita Desai,English,37,False,True,False,True
2024-04-23,Pune-01,Pune,Anita Desai,Language,37,False,False,False,False
2024-04-23,Mumbai-03,Mumbai,Rajesh Sharma,English,16,True,True,True,False
2024-04-23,Delhi-05,Delhi,Vikram Singh,GK,33,True,False,False,False
2024-04-23,Delhi-05,Delhi,Rajesh Sharma,Language,33,True,False,True,False
2024-04-23,Bangalore-07,Bangalore,Rajesh Sharma,English,20,False,False,True,False
2024-04-23,Bangalore-07,Bangalore,Suresh Kumar,English,20,True,False,False,False
2024-04-23,Bangalore-07,Bangalore,Vikram Singh,GK,20,True,True,True,False
2024-04-24,Pune-01,Pune,Suresh Kumar,English,38,False,False,False,False
2024-04-24,Pune-12,Pune,Rajesh Sharma,GK,34,False,False,True,False
2024-04-24,Mumbai-03,Mumbai,Vikram Singh,Maths,34,False,True,False,False
2024-04-24,Delhi-05,Delhi,Suresh Kumar,GK,30,True,False,False,True
2024-04-24,Delhi-05,Delhi,Meena Patel,English,30,False,False,False,True
2024-04-24,Delhi-05,Delhi,Rajesh Sharma,English,30,False,True,False,False
2024-04-24,Delhi-05,Delhi,Anita Desai,Language,30,True,True,False,False
2024-04-25,Pune-01,Pune,Rajesh Sharma,GK,16,True,True,True,False
2024-04-25,Pune-01,Pune,Rajesh Sharma,English,16,False,False,False,False
2024-04-25,Pune-01,Pune,Rajesh Sharma,English,16,True,True,False,False
2024-04-25,Mumbai-03,Mumbai,Meena Patel,Language,24,True,False,True,False
2024-04-25,Mumbai-03,Mumbai,Rajesh Sharma,English,24,True,False,True,True
2024-04-25,Bangalore-07,Bangalore,Suresh Kumar,Maths,20,True,False,False,True
2024-04-25,Bangalore-07,Bangalore,Rajesh Sharma,Maths,20,False,True,True,True
2024-04-26,Pune-01,Pune,Anita Desai,Maths,28,True,False,False,False
2024-04-26,Pune-01,Pune,Meena Patel,Language,28,True,False,True,False
2024-04-26,Pune-01,Pune,Vikram Singh,Language,28,False,True,True,True
2024-04-26,Pune-01,Pune,Vikram Singh,GK,28,True,False,False,False
2024-04-26,Mumbai-03,Mumbai,Suresh Kumar,GK,37,False,False,False,False
2024-04-26,Delhi-05,Delhi,Rajesh Sharma,English,19,True,False,False,False
2024-04-26,Bangalore-07,Bangalore,Meena Patel,GK,29,True,True,False,False
2024-04-26,Bangalore-07,Bangalore,Anita Desai,English,29,True,False,False,False
2024-04-27,Pune-01,Pune,Vikram Singh,Maths,22,True,True,True,True
2024-04-27,Pune-01,Pune,Rajesh Sharma,GK,22,True,True,False,False
2024-04-27,Pune-01,Pune,Meena Patel,Language,22,True,False,True,False
2024-04-27,Mumbai-03,Mumbai,Rajesh Sharma,Maths,34,True,False,True,True
2024-04-27,Delhi-05,Delhi,Meena Patel,GK,38,True,False,True,False
2024-04-27,Delhi-05,Delhi,Rajesh Sharma,Maths,38,False,False,False,False
2024-04-27,Bangalore-07,Bangalore,Rajesh Sharma,GK,33,False,False,True,True
2024-04-27,Bangalore-07,Bangalore,Meena Patel,Maths,33,True,False,False,True
2024-04-27,Bangalore-07,Bangalore,Suresh Kumar,GK,33,True,False,True,False
2024-04-27,Bangalore-07,Bangalore,Suresh Kumar,GK,33,True,True,True,False
2024-04-28,Pune-01,Pune,Suresh Kumar,English,17,False,False,False,False
2024-04-28,Pune-01,Pune,Anita Desai,English,17,True,False,True,True
2024-04-28,Pune-01,Pune,Vikram Singh,GK,17,False,True,False,False
2024-04-28,Pune-12,Pune,Anita Desai,Maths,39,True,False,True,True
2024-04-28,Pune-12,Pune,Vikram Singh,Language,39,False,False,True,False
2024-04-28,Mumbai-03,Mumbai,Rajesh Sharma,English,30,False,True,False,False
2024-04-28,Mumbai-03,Mumbai,Vikram Singh,GK,30,False,True,False,False
2024-04-28,Mumbai-03,Mumbai,Suresh Kumar,Maths,30,True,False,False,False
2024-04-28,Mumbai-03,Mumbai,Rajesh Sharma,Language,30,True,True,True,True
2024-04-28,Delhi-05,Delhi,Rajesh Sharma,GK,16,True,True,False,True
2024-04-28,Bangalore-07,Bangalore,Meena Patel,GK,33,True,False,True,True
2024-04-28,Bangalore-07,Bangalore,Meena Patel,English,33,True,False,False,False
2024-04-29,Pune-12,Pune,Vikram Singh,Maths,38,True,False,False,True
2024-04-29,Pune-12,Pune,Suresh Kumar,Language,38,True,False,True,False
2024-04-29,Pune-12,Pune,Anita Desai,GK,38,False,True,True,True
2024-04-29,Mumbai-03,Mumbai,Rajesh Sharma,Language,32,False,False,False,True
2024-04-29,Mumbai-03,Mumbai,Rajesh Sharma,Maths,32,True,True,True,False
2024-04-29,Mumbai-03,Mumbai,Vikram Singh,Language,32,True,True,False,True
2024-04-29,Bangalore-07,Bangalore,Rajesh Sharma,Maths,38,True,False,True,False
2024-04-29,Bangalore-07,Bangalore,Vikram Singh,GK,38,True,False,True,False
2024-04-30,Pune-01,Pune,Vikram Singh,GK,29,False,False,True,True
2024-04-30,Pune-01,Pune,Meena Patel,Language,29,True,False,True,False
2024-04-30,Pune-12,Pune,Rajesh Sharma,English,26,True,False,True,True
2024-04-30,Pune-12,Pune,Suresh Kumar,Maths,26,False,True,False,False
2024-04-30,Pune-12,Pune,Meena Patel,Maths,26,True,True,False,False
2024-04-30,Pune-12,Pune,Meena Patel,English,26,True,False,False,True
2024-04-30,Mumbai-03,Mumbai,Vikram Singh,Language,28,True,True,False,False
2024-04-30,Mumbai-03,Mumbai,Meena Patel,Maths,28,False,False,True,False
2024-04-30,Mumbai-03,Mumbai,Suresh Kumar,Maths,28,True,False,True,False
2024-04-30,Delhi-05,Delhi,Meena Patel,GK,15,True,False,False,False
2024-04-30,Delhi-05,Delhi,Anita Desai,English,15,False,False,True,False
2024-04-30,Delhi-05,Delhi,Meena Patel,GK,15,True,False,False,False
2024-04-30,Delhi-05,Delhi,Vikram Singh,Maths,15,True,False,False,False
2024-04-30,Bangalore-07,Bangalore,Rajesh Sharma,English,19,True,False,False,True
2024-04-30,Bangalore-07,Bangalore,Suresh Kumar,Maths,19,False,False,False,False
2024-04-30,Bangalore-07,Bangalore,Meena Patel,Language,19,True,False,True,False
2024-04-30,Bangalore-07,Bangalore,Suresh Kumar,English,19,True,True,False,True
2024-05-01,Pune-01,Pune,Anita Desai,GK,33,True,False,False,False
2024-05-01,Pune-12,Pune,Suresh Kumar,Language,28,True,False,False,False
2024-05-01,Delhi-05,Delhi,Vikram Singh,GK,36,True,False,True,True
2024-05-01,Delhi-05,Delhi,Meena Patel,Maths,36,False,True,False,True
2024-05-01,Bangalore-07,Bangalore,Anita Desai,GK,30,True,False,False,False
2024-05-01,Bangalore-07,Bangalore,Anita Desai,English,30,True,False,True,False
2024-05-01,Bangalore-07,Bangalore,Suresh Kumar,Language,30,True,False,True,False
2024-05-01,Bangalore-07,Bangalore,Rajesh Sharma,English,30,True,False,True,True
2024-05-02,Pune-01,Pune,Rajesh Sharma,GK,25,True,False,True,False
2024-05-02,Pune-01,Pune,Meena Patel,English,25,True,True,True,False
2024-05-02,Pune-01,Pune,Suresh Kumar,Language,25,True,False,False,False
2024-05-02,Pune-12,Pune,Vikram Singh,GK,17,True,False,False,False
2024-05-02,Pune-12,Pune,Suresh Kumar,English,17,True,False,True,True
2024-05-02,Mumbai-03,Mumbai,Meena Patel,GK,21,True,False,True,False
2024-05-02,Bangalore-07,Bangalore,Suresh Kumar,Maths,17,True,False,False,False
2024-05-02,Bangalore-07,Bangalore,Anita Desai,Maths,17,False,False,False,True
2024-05-03,Pune-01,Pune,Meena Patel,GK,15,True,False,False,False
2024-05-03,Pune-01,Pune,Rajesh Sharma,GK,15,False,False,True,True
2024-05-03,Pune-12,Pune,Anita Desai,Language,24,True,True,False,False
2024-05-03,Pune-12,Pune,Anita Desai,Maths,24,True,False,True,True
2024-05-03,Mumbai-03,Mumbai,Vikram Singh,Language,39,True,False,True,False
2024-05-03,Mumbai-03,Mumbai,Meena Patel,GK,39,True,False,True,False
2024-05-03,Delhi-05,Delhi,Suresh Kumar,Language,39,True,False,True,False
2024-05-03,Delhi-05,Delhi,Vikram Singh,GK,39,True,False,True,False
2024-05-03,Delhi-05,Delhi,Meena Patel,GK,39,False,False,True,False
2024-05-03,Bangalore-07,Bangalore,Meena Patel,Language,39,False,True,True,True
2024-05-03,Bangalore-07,Bangalore,Vikram Singh,GK,39,True,True,False,True
2024-05-04,Pune-12,Pune,Meena Patel,GK,34,True,True,False,False
2024-05-04,Pune-12,Pune,Anita Desai,Language,34,True,False,False,True
2024-05-04,Mumbai-03,Mumbai,Rajesh Sharma,English,33,True,True,False,False
2024-05-04,Delhi-05,Delhi,Meena Patel,Language,24,True,False,True,False
2024-05-05,Pune-01,Pune,Anita Desai,Maths,29,False,True,True,False
2024-05-05,Pune-12,Pune,Rajesh Sharma,Maths,19,True,True,True,False
2024-05-05,Mumbai-03,Mumbai,Rajesh Sharma,Language,29,True,False,True,False
2024-05-05,Mumbai-03,Mumbai,Suresh Kumar,English,29,True,True,False,False
2024-05-05,Mumbai-03,Mumbai,Rajesh Sharma,Maths,29,True,True,True,True
2024-05-05,Mumbai-03,Mumbai,Anita Desai,Maths,29,True,False,True,False
2024-05-05,Delhi-05,Delhi,Vikram Singh,English,36,False,False,True,False
2024-05-05,Delhi-05,Delhi,Vikram Singh,English,36,False,False,True,False
2024-05-05,Delhi-05,Delhi,Meena Patel,Language,36,True,True,False,False
2024-05-05,Delhi-05,Delhi,Suresh Kumar,English,36,True,False,True,True
2024-05-05,Bangalore-07,Bangalore,Suresh Kumar,Language,15,True,False,True,False
2024-05-06,Pune-01,Pune,Meena Patel,Language,24,False,True,False,True
2024-05-06,Pune-01,Pune,Anita Desai,Language,24,True,True,False,False
2024-05-06,Pune-01,Pune,Suresh Kumar,Maths,24,True,True,True,True
2024-05-06,Pune-12,Pune,Rajesh Sharma,Language,28,True,True,False,False
2024-05-06,Pune-12,Pune,Vikram Singh,Maths,28,False,True,False,False
2024-05-06,Pune-12,Pune,Meena Patel,GK,28,False,False,True,False
2024-05-06,Mumbai-03,Mumbai,Vikram Singh,Language,39,True,False,False,False
2024-05-06,Mumbai-03,Mumbai,Suresh Kumar,GK,39,False,True,True,False
2024-05-06,Mumbai-03,Mumbai,Vikram Singh,Language,39,True,False,True,False
2024-05-06,Mumbai-03,Mumbai,Rajesh Sharma,GK,39,False,False,True,False
2024-05-06,Delhi-05,Delhi,Vikram Singh,Maths,18,False,False,True,True
2024-05-06,Delhi-05,Delhi,Anita Desai,English,18,True,True,False,True
2024-05-06,Delhi-05,Delhi,Suresh Kumar,English,18,True,True,False,True
2024-05-07,Pune-01,Pune,Meena Patel,Maths,32,True,True,True,True
2024-05-07,Pune-12,Pune,Anita Desai,Maths,23,False,False,True,True
2024-05-07,Pune-12,Pune,Anita Desai,Maths,23,True,True,False,False
2024-05-07,Mumbai-03,Mumbai,Suresh Kumar,Language,16,True,True,True,False
2024-05-07,Mumbai-03,Mumbai,Rajesh Sharma,Maths,16,True,False,False,False
2024-05-07,Mumbai-03,Mumbai,Vikram Singh,Language,16,True,False,False,True
2024-05-07,Delhi-05,Delhi,Meena Patel,GK,37,True,False,False,False
2024-05-07,Bangalore-07,Bangalore,Anita Desai,English,39,True,True,True,True
2024-05-08,Pune-01,Pune,Meena Patel,English,39,True,True,True,False
2024-05-08,Pune-01,Pune,Rajesh Sharma,Maths,39,False,False,False,False
2024-05-08,Pune-01,Pune,Rajesh Sharma,Maths,39,False,True,True,False
2024-05-08,Pune-01,Pune,Anita Desai,English,39,True,False,False,False
2024-05-08,Pune-12,Pune,Vikram Singh,English,29,True,True,False,False
2024-05-08,Delhi-05,Delhi,Rajesh Sharma,GK,36,True,False,True,False
2024-05-09,Pune-01,Pune,Anita Desai,Maths,35,True,False,True,True
2024-05-09,Pune-01,Pune,Anita Desai,Language,35,True,False,True,True
2024-05-09,Pune-01,Pune,Vikram Singh,Language,35,False,False,True,False
2024-05-09,Pune-01,Pune,Suresh Kumar,Language,35,False,True,True,True
2024-05-09,Pune-12,Pune,Rajesh Sharma,English,18,True,False,True,False
2024-05-09,Pune-12,Pune,Suresh Kumar,English,18,False,True,False,True
2024-05-09,Pune-12,Pune,Meena Patel,Language,18,False,True,False,True
2024-05-09,Mumbai-03,Mumbai,Suresh Kumar,Language,39,False,True,False,False
2024-05-09,Delhi-05,Delhi,Rajesh Sharma,English,38,False,True,False,False
2024-05-10,Pune-01,Pune,Anita Desai,Language,31,False,False,True,False
2024-05-10,Pune-01,Pune,Vikram Singh,English,31,False,True,True,True
2024-05-10,Pune-01,Pune,Suresh Kumar,Maths,31,True,True,False,False
2024-05-10,Pune-12,Pune,Suresh Kumar,GK,21,True,False,True,False
2024-05-10,Pune-12,Pune,Anita Desai,Language,21,True,False,True,False
2024-05-10,Pune-12,Pune,Meena Patel,Language,21,False,True,True,True
2024-05-10,Mumbai-03,Mumbai,Meena Patel,Maths,25,True,False,True,True
2024-05-10,Mumbai-03,Mumbai,Anita Desai,Language,25,True,False,False,True
2024-05-10,Mumbai-03,Mumbai,Suresh Kumar,English,25,False,True,False,False
2024-05-10,Mumbai-03,Mumbai,Meena Patel,GK,25,True,False,False,False
2024-05-10,Bangalore-07,Bangalore,Rajesh Sharma,Language,38,False,False,True,False
2024-05-10,Bangalore-07,Bangalore,Rajesh Sharma,English,38,False,False,False,True
2024-05-10,Bangalore-07,Bangalore,Meena Patel,English,38,True,True,False,True
2024-05-10,Bangalore-07,Bangalore,Anita Desai,GK,38,True,False,True,False
2024-05-11,Pune-01,Pune,Vikram Singh,GK,17,False,False,True,False
2024-05-11,Pune-01,Pune,Vikram Singh,Language,17,True,True,True,False
2024-05-11,Pune-01,Pune,Anita Desai,Maths,17,True,False,False,False
2024-05-11,Pune-01,Pune,Anita Desai,GK,17,True,False,False,False
2024-05-11,Pune-12,Pune,Vikram Singh,English,16,True,True,False,True
2024-05-11,Pune-12,Pune,Suresh Kumar,Language,16,True,False,True,False
2024-05-11,Pune-12,Pune,Meena Patel,Maths,16,True,False,False,False
2024-05-11,Pune-12,Pune,Meena Patel,English,16,False,True,False,False
2024-05-11,Mumbai-03,Mumbai,Vikram Singh,Language,30,False,True,False,False
2024-05-11,Delhi-05,Delhi,Rajesh Sharma,Language,18,True,False,False,False
2024-05-11,Bangalore-07,Bangalore,Suresh Kumar,GK,33,True,False,False,False
2024-05-11,Bangalore-07,Bangalore,Anita Desai,Maths,33,False,True,True,True
2024-05-12,Pune-01,Pune,Suresh Kumar,GK,15,False,True,False,False
2024-05-12,Pune-12,Pune,Anita Desai,English,38,False,False,True,False
2024-05-12,Pune-12,Pune,Vikram Singh,GK,38,True,True,True,True
2024-05-12,Mumbai-03,Mumbai,Rajesh Sharma,GK,33,True,False,False,True
2024-05-12,Mumbai-03,Mumbai,Rajesh Sharma,GK,33,False,False,False,True
2024-05-12,Bangalore-07,Bangalore,Suresh Kumar,GK,15,False,True,True,True
2024-05-13,Pune-12,Pune,Suresh Kumar,English,30,True,False,False,False
2024-05-13,Pune-12,Pune,Vikram Singh,Language,30,False,False,False,False
2024-05-13,Pune-12,Pune,Suresh Kumar,GK,30,False,False,True,False
2024-05-13,Pune-12,Pune,Meena Patel,GK,30,False,False,True,False
2024-05-13,Mumbai-03,Mumbai,Suresh Kumar,English,38,True,False,True,True
2024-05-13,Mumbai-03,Mumbai,Suresh Kumar,GK,38,False,False,True,False
2024-05-13,Bangalore-07,Bangalore,Anita Desai,Maths,32,True,False,False,True
2024-05-13,Bangalore-07,Bangalore,Rajesh Sharma,GK,32,False,True,True,False
2024-05-13,Bangalore-07,Bangalore,Meena Patel,English,32,True,False,True,False
2024-05-14,Pune-01,Pune,Anita Desai,GK,24,True,True,True,False
2024-05-14,Pune-01,Pune,Anita Desai,English,24,True,False,False,True
2024-05-14,Pune-01,Pune,Vikram Singh,English,24,True,False,False,False
2024-05-14,Pune-01,Pune,Meena Patel,GK,24,False,False,False,False
2024-05-14,Pune-12,Pune,Rajesh Sharma,Maths,30,True,False,False,False
2024-05-14,Mumbai-03,Mumbai,Meena Patel,Language,20,False,False,False,False
2024-05-14,Mumbai-03,Mumbai,Vikram Singh,English,20,True,False,True,False
2024-05-14,Mumbai-03,Mumbai,Anita Desai,GK,20,False,True,False,False
2024-05-14,Mumbai-03,Mumbai,Rajesh Sharma,English,20,False,False,True,False
2024-05-14,Delhi-05,Delhi,Vikram Singh,GK,32,False,True,False,False
2024-05-14,Bangalore-07,Bangalore,Anita Desai,Language,34,True,True,True,False
2024-05-14,Bangalore-07,Bangalore,Vikram Singh,Language,34,False,False,True,True
2024-05-14,Bangalore-07,Bangalore,Meena Patel,Maths,34,False,False,True,False
2024-05-15,Pune-12,Pune,Meena Patel,Maths,18,True,True,True,False
2024-05-15,Pune-12,Pune,Vikram Singh,Maths,18,False,True,False,False
2024-05-15,Pune-12,Pune,Anita Desai,GK,18,True,True,True,False
2024-05-15,Mumbai-03,Mumbai,Rajesh Sharma,GK,27,False,False,True,False
2024-05-15,Mumbai-03,Mumbai,Rajesh Sharma,Maths,27,True,True,True,False
2024-05-15,Delhi-05,Delhi,Meena Patel,English,37,False,True,True,True
2024-05-15,Delhi-05,Delhi,Anita Desai,GK,37,True,False,False,False
2024-05-15,Delhi-05,Delhi,Vikram Singh,Maths,37,True,False,True,False
2024-05-15,Bangalore-07,Bangalore,Suresh Kumar,Maths,36,False,False,True,False
2024-05-15,Bangalore-07,Bangalore,Vikram Singh,GK,36,True,False,True,False
2024-05-16,Pune-01,Pune,Vikram Singh,English,29,True,False,False,True
2024-05-16,Pune-01,Pune,Vikram Singh,GK,29,True,False,True,False
2024-05-16,Pune-01,Pune,Anita Desai,GK,29,True,False,False,True
2024-05-16,Pune-01,Pune,Rajesh Sharma,English,29,False,False,False,True
2024-05-16,Pune-12,Pune,Meena Patel,English,38,True,True,True,True
2024-05-16,Pune-12,Pune,Anita Desai,Language,38,True,True,True,False
2024-05-16,Mumbai-03,Mumbai,Suresh Kumar,English,28,False,True,False,False
2024-05-16,Mumbai-03,Mumbai,Rajesh Sharma,English,28,False,False,False,False
2024-05-16,Mumbai-03,Mumbai,Meena Patel,GK,28,True,False,True,True
2024-05-16,Mumbai-03,Mumbai,Vikram Singh,Maths,28,False,False,True,False
2024-05-16,Bangalore-07,Bangalore,Rajesh Sharma,GK,15,True,False,True,True
2024-05-16,Bangalore-07,Bangalore,Suresh Kumar,Maths,15,True,False,True,True
2024-05-16,Bangalore-07,Bangalore,Meena Patel,GK,15,False,False,False,False
2024-05-17,Pune-01,Pune,Anita Desai,GK,18,True,False,False,True
2024-05-17,Pune-01,Pune,Rajesh Sharma,Language,18,True,True,False,True
2024-05-17,Pune-01,Pune,Anita Desai,Language,18,False,False,True,False
2024-05-17,Pune-01,Pune,Rajesh Sharma,Maths,18,True,False,True,False
2024-05-17,Pune-12,Pune,Rajesh Sharma,Language,15,False,False,True,True
2024-05-17,Pune-12,Pune,Meena Patel,English,15,True,False,True,False
2024-05-17,Pune-12,Pune,Suresh Kumar,Maths,15,False,True,False,True
2024-05-17,Pune-12,Pune,Vikram Singh,Language,15,False,True,False,False
2024-05-17,Delhi-05,Delhi,Rajesh Sharma,GK,28,True,True,False,True
2024-05-17,Delhi-05,Delhi,Rajesh Sharma,GK,28,False,False,False,False
2024-05-17,Delhi-05,Delhi,Meena Patel,GK,28,True,True,False,False
2024-05-17,Bangalore-07,Bangalore,Suresh Kumar,GK,32,True,False,False,False
2024-05-17,Bangalore-07,Bangalore,Vikram Singh,Maths,32,False,False,False,False
2024-05-17,Bangalore-07,Bangalore,Anita Desai,Maths,32,True,True,False,False
2024-05-18,Pune-01,Pune,Vikram Singh,English,34,False,True,False,False
2024-05-18,Pune-12,Pune,Rajesh Sharma,English,36,True,False,False,True
2024-05-18,Pune-12,Pune,Meena Patel,Maths,36,True,True,True,True
2024-05-18,Pune-12,Pune,Rajesh Sharma,Maths,36,False,False,False,False
2024-05-18,Mumbai-03,Mumbai,Vikram Singh,Maths,29,True,False,True,False
2024-05-18,Delhi-05,Delhi,Meena Patel,Maths,32,True,False,True,True
2024-05-18,Delhi-05,Delhi,Meena Patel,GK,32,False,True,False,False
2024-05-18,Delhi-05,Delhi,Meena Patel,GK,32,True,True,False,True
2024-05-18,Bangalore-07,Bangalore,Rajesh Sharma,English,29,True,False,True,False
2024-05-18,Bangalore-07,Bangalore,Anita Desai,GK,29,True,True,False,False
2024-05-19,Pune-01,Pune,Suresh Kumar,Language,33,False,True,False,True
2024-05-19,Pune-01,Pune,Meena Patel,Language,33,True,True,False,False
2024-05-19,Mumbai-03,Mumbai,Vikram Singh,English,16,True,True,True,False
2024-05-19,Mumbai-03,Mumbai,Vikram Singh,GK,16,True,False,True,False
2024-05-19,Mumbai-03,Mumbai,Rajesh Sharma,Maths,16,True,True,True,True
2024-05-19,Delhi-05,Delhi,Vikram Singh,Language,18,True,True,True,False
2024-05-19,Delhi-05,Delhi,Suresh Kumar,English,18,False,False,False,True
2024-05-19,Bangalore-07,Bangalore,Anita Desai,Language,16,True,True,True,False
2024-05-19,Bangalore-07,Bangalore,Suresh Kumar,Maths,16,False,True,False,False
2024-05-19,Bangalore-07,Bangalore,Suresh Kumar,Language,16,False,False,True,False
2024-05-19,Bangalore-07,Bangalore,Vikram Singh,Maths,16,True,False,False,False
2024-05-20,Pune-12,Pune,Rajesh Sharma,Language,21,True,False,False,False
2024-05-20,Pune-12,Pune,Vikram Singh,GK,21,False,True,False,False
2024-05-20,Pune-12,Pune,Anita Desai,Maths,21,False,False,False,False
2024-05-20,Pune-12,Pune,Rajesh Sharma,Language,21,True,False,True,True
2024-05-20,Mumbai-03,Mumbai,Rajesh Sharma,Language,17,False,True,True,False
2024-05-20,Delhi-05,Delhi,Vikram Singh,Maths,32,True,True,True,False
2024-05-20,Bangalore-07,Bangalore,Suresh Kumar,GK,38,True,False,True,False
2024-05-20,Bangalore-07,Bangalore,Anita Desai,GK,38,False,False,False,False
2024-05-21,Pune-01,Pune,Meena Patel,Language,38,False,False,True,False
2024-05-21,Pune-01,Pune,Anita Desai,Maths,38,False,False,False,False
2024-05-21,Pune-01,Pune,Rajesh Sharma,Maths,38,True,True,True,True
2024-05-21,Pune-01,Pune,Suresh Kumar,GK,38,False,False,True,False
2024-05-21,Pune-12,Pune,Vikram Singh,GK,36,False,False,False,False
2024-05-21,Pune-12,Pune,Rajesh Sharma,Maths,36,True,False,False,True
2024-05-21,Pune-12,Pune,Meena Patel,GK,36,True,False,True,False
2024-05-21,Mumbai-03,Mumbai,Meena Patel,Maths,17,True,False,True,True
2024-05-21,Mumbai-03,Mumbai,Suresh Kumar,Language,17,True,True,True,False
2024-05-21,Mumbai-03,Mumbai,Suresh Kumar,GK,17,True,False,False,False
2024-05-21,Mumbai-03,Mumbai,Vikram Singh,GK,17,True,True,True,True
2024-05-21,Delhi-05,Delhi,Meena Patel,Language,15,False,False,False,False
2024-05-22,Pune-01,Pune,Suresh Kumar,Language,27,True,True,True,False
2024-05-22,Pune-12,Pune,Anita Desai,Language,20,True,False,False,False
2024-05-22,Pune-12,Pune,Rajesh Sharma,GK,20,True,False,True,True
2024-05-22,Pune-12,Pune,Rajesh Sharma,Maths,20,True,False,False,False
2024-05-22,Pune-12,Pune,Anita Desai,English,20,True,True,False,False
2024-05-22,Mumbai-03,Mumbai,Anita Desai,Maths,28,False,False,True,False
2024-05-22,Mumbai-03,Mumbai,Rajesh Sharma,English,28,False,False,True,True
2024-05-22,Mumbai-03,Mumbai,Rajesh Sharma,Maths,28,False,True,True,False
2024-05-23,Pune-01,Pune,Anita Desai,Language,23,False,False,True,False
2024-05-23,Pune-12,Pune,Vikram Singh,Maths,24,True,False,True,False
2024-05-23,Pune-12,Pune,Suresh Kumar,Language,24,True,True,False,False
2024-05-23,Pune-12,Pune,Suresh Kumar,GK,24,True,False,False,True
2024-05-23,Pune-12,Pune,Rajesh Sharma,Language,24,False,True,True,False
2024-05-23,Mumbai-03,Mumbai,Rajesh Sharma,GK,25,True,True,False,False
2024-05-23,Mumbai-03,Mumbai,Suresh Kumar,English,25,True,True,True,True
2024-05-24,Pune-01,Pune,Suresh Kumar,Maths,35,False,False,False,False
2024-05-24,Pune-01,Pune,Suresh Kumar,English,35,False,False,False,False
2024-05-24,Pune-01,Pune,Vikram Singh,Maths,35,True,True,True,False
2024-05-24,Pune-01,Pune,Meena Patel,Maths,35,False,True,False,False
2024-05-24,Pune-12,Pune,Anita Desai,Language,35,False,True,True,True
2024-05-24,Pune-12,Pune,Vikram Singh,GK,35,True,True,True,True
2024-05-24,Mumbai-03,Mumbai,Suresh Kumar,Language,23,True,True,True,True
2024-05-24,Mumbai-03,Mumbai,Suresh Kumar,English,23,True,False,False,False
2024-05-24,Mumbai-03,Mumbai,Suresh Kumar,Language,23,True,True,True,False
2024-05-24,Mumbai-03,Mumbai,Suresh Kumar,Language,23,True,False,False,True
2024-05-24,Delhi-05,Delhi,Anita Desai,Language,33,True,False,False,False
2024-05-24,Bangalore-07,Bangalore,Meena Patel,English,32,True,True,False,False
2024-05-24,Bangalore-07,Bangalore,Anita Desai,Language,32,True,True,False,False
2024-05-24,Bangalore-07,Bangalore,Rajesh Sharma,GK,32,True,False,False,False
2024-05-24,Bangalore-07,Bangalore,Suresh Kumar,Maths,32,False,True,True,False
2024-05-25,Pune-01,Pune,Vikram Singh,English,21,True,True,False,True
2024-05-25,Pune-01,Pune,Anita Desai,English,21,True,False,False,False
2024-05-25,Pune-01,Pune,Anita Desai,English,21,True,False,False,True
2024-05-25,Pune-12,Pune,Rajesh Sharma,Language,28,True,True,False,True
2024-05-25,Pune-12,Pune,Rajesh Sharma,GK,28,False,True,False,False
2024-05-25,Pune-12,Pune,Rajesh Sharma,GK,28,False,False,True,True
2024-05-25,Mumbai-03,Mumbai,Suresh Kumar,Language,17,False,False,False,False
2024-05-25,Mumbai-03,Mumbai,Vikram Singh,GK,17,True,False,False,False
2024-05-26,Pune-01,Pune,Vikram Singh,English,15,False,True,False,False
2024-05-26,Pune-01,Pune,Meena Patel,Maths,15,False,False,False,True
2024-05-26,Pune-12,Pune,Suresh Kumar,GK,39,True,True,False,False
2024-05-26,Mumbai-03,Mumbai,Anita Desai,GK,16,True,False,True,True
2024-05-26,Mumbai-03,Mumbai,Rajesh Sharma,Maths,16,True,False,True,False
2024-05-26,Mumbai-03,Mumbai,Rajesh Sharma,GK,16,True,False,True,True
2024-05-26,Mumbai-03,Mumbai,Rajesh Sharma,Language,16,True,True,True,False
2024-05-26,Delhi-05,Delhi,Meena Patel,Language,35,False,True,False,False
2024-05-26,Delhi-05,Delhi,Suresh Kumar,Maths,35,True,False,True,False
2024-05-26,Bangalore-07,Bangalore,Rajesh Sharma,Language,35,False,False,True,False
2024-05-26,Bangalore-07,Bangalore,Rajesh Sharma,English,35,True,True,True,False
2024-05-26,Bangalore-07,Bangalore,Rajesh Sharma,Maths,35,True,False,False,False
2024-05-27,Pune-01,Pune,Meena Patel,Maths,29,True,False,True,False
2024-05-27,Pune-01,Pune,Suresh Kumar,English,29,True,True,True,True
2024-05-27,Mumbai-03,Mumbai,Anita Desai,GK,23,True,True,False,True
2024-05-27,Mumbai-03,Mumbai,Meena Patel,English,23,False,True,True,False
2024-05-27,Delhi-05,Delhi,Vikram Singh,Maths,36,False,False,True,True
2024-05-27,Bangalore-07,Bangalore,Vikram Singh,Maths,27,True,True,False,False
2024-05-27,Bangalore-07,Bangalore,Vikram Singh,GK,27,True,False,True,True
2024-05-28,Pune-01,Pune,Suresh Kumar,Maths,38,False,False,False,False
2024-05-28,Pune-12,Pune,Meena Patel,English,39,True,True,True,False
2024-05-28,Pune-12,Pune,Anita Desai,Maths,39,True,False,False,False
2024-05-28,Mumbai-03,Mumbai,Meena Patel,English,24,True,False,False,True
2024-05-28,Mumbai-03,Mumbai,Vikram Singh,Language,24,False,False,False,False
2024-05-28,Mumbai-03,Mumbai,Suresh Kumar,GK,24,False,False,False,False
2024-05-28,Delhi-05,Delhi,Rajesh Sharma,Language,33,False,True,False,False
2024-05-28,Bangalore-07,Bangalore,Vikram Singh,Language,15,True,False,False,True
2024-05-28,Bangalore-07,Bangalore,Vikram Singh,GK,15,True,True,True,True
2024-05-28,Bangalore-07,Bangalore,Suresh Kumar,English,15,True,False,True,True
2024-05-29,Pune-12,Pune,Meena Patel,Language,24,True,True,True,False
2024-05-29,Delhi-05,Delhi,Anita Desai,English,38,True,False,True,True
2024-05-29,Delhi-05,Delhi,Meena Patel,Language,38,True,True,False,True
2024-05-29,Bangalore-07,Bangalore,Anita Desai,GK,16,True,False,True,False
2024-05-30,Pune-01,Pune,Anita Desai,Maths,23,True,True,False,False
2024-05-30,Pune-01,Pune,Anita Desai,Maths,23,False,False,True,False
2024-05-30,Pune-01,Pune,Vikram Singh,English,23,True,True,True,True
2024-05-30,Pune-01,Pune,Anita Desai,English,23,True,True,False,False
2024-05-30,Pune-12,Pune,Anita Desai,GK,39,True,True,True,False
2024-05-30,Pune-12,Pune,Vikram Singh,Language,39,True,True,True,False
2024-05-30,Pune-12,Pune,Suresh Kumar,GK,39,True,True,False,False
2024-05-30,Pune-12,Pune,Meena Patel,English,39,True,False,True,True
2024-05-30,Mumbai-03,Mumbai,Rajesh Sharma,GK,36,False,True,True,False
2024-05-30,Mumbai-03,Mumbai,Vikram Singh,GK,36,False,False,True,False
2024-05-30,Bangalore-07,Bangalore,Anita Desai,Language,33,True,True,True,True
2024-05-30,Bangalore-07,Bangalore,Meena Patel,GK,33,True,False,True,True
2024-05-30,Bangalore-07,Bangalore,Suresh Kumar,Language,33,True,False,True,True
2024-05-31,Pune-01,Pune,Anita Desai,GK,19,False,False,False,True
2024-05-31,Pune-01,Pune,Meena Patel,English,19,True,False,True,True
2024-05-31,Pune-12,Pune,Meena Patel,GK,31,True,False,True,True
2024-05-31,Pune-12,Pune,Meena Patel,English,31,True,True,False,True
2024-05-31,Pune-12,Pune,Meena Patel,English,31,True,True,False,False
2024-05-31,Pune-12,Pune,Meena Patel,Language,31,False,False,True,False
2024-05-31,Mumbai-03,Mumbai,Suresh Kumar,GK,35,True,False,True,False
2024-05-31,Delhi-05,Delhi,Meena Patel,Language,32,True,False,False,True
2024-05-31,Bangalore-07,Bangalore,Vikram Singh,English,32,True,False,True,False
2024-05-31,Bangalore-07,Bangalore,Suresh Kumar,Maths,32,True,False,False,False
2024-05-31,Bangalore-07,Bangalore,Vikram Singh,GK,32,True,True,True,False
2024-06-01,Pune-01,Pune,Anita Desai,Maths,17,True,True,False,False
2024-06-01,Pune-12,Pune,Anita Desai,Maths,24,True,False,True,False
2024-06-01,Pune-12,Pune,Meena Patel,English,24,True,False,False,True
2024-06-01,Pune-12,Pune,Rajesh Sharma,English,24,False,False,True,True
2024-06-01,Mumbai-03,Mumbai,Rajesh Sharma,GK,15,True,False,False,True
2024-06-01,Mumbai-03,Mumbai,Anita Desai,Language,15,True,False,False,False
2024-06-01,Mumbai-03,Mumbai,Meena Patel,Language,15,False,True,False,False
2024-06-01,Mumbai-03,Mumbai,Anita Desai,GK,15,True,False,False,True
2024-06-01,Delhi-05,Delhi,Rajesh Sharma,Maths,18,False,False,False,False
2024-06-01,Delhi-05,Delhi,Rajesh Sharma,Language,18,False,False,False,True
2024-06-01,Bangalore-07,Bangalore,Suresh Kumar,English,39,True,True,True,False
2024-06-01,Bangalore-07,Bangalore,Meena Patel,English,39,True,True,False,False
2024-06-01,Bangalore-07,Bangalore,Suresh Kumar,Language,39,True,True,False,False
2024-06-01,Bangalore-07,Bangalore,Anita Desai,English,39,True,False,False,False
2024-06-02,Pune-01,Pune,Vikram Singh,English,27,False,True,True,False
2024-06-02,Pune-01,Pune,Suresh Kumar,GK,27,True,False,True,False
2024-06-02,Pune-01,Pune,Rajesh Sharma,GK,27,True,True,False,True
2024-06-02,Pune-01,Pune,Anita Desai,GK,27,True,False,True,False
2024-06-02,Pune-12,Pune,Meena Patel,Language,22,True,True,False,True
2024-06-02,Pune-12,Pune,Anita Desai,GK,22,False,False,False,False
2024-06-02,Pune-12,Pune,Rajesh Sharma,Maths,22,True,False,True,True
2024-06-02,Mumbai-03,Mumbai,Anita Desai,GK,26,True,False,False,False
2024-06-02,Delhi-05,Delhi,Anita Desai,Language,28,True,True,True,False
2024-06-02,Delhi-05,Delhi,Rajesh Sharma,Language,28,True,True,True,False
2024-06-02,Bangalore-07,Bangalore,Rajesh Sharma,Maths,25,False,False,True,False
2024-06-02,Bangalore-07,Bangalore,Rajesh Sharma,Language,25,True,False,False,False
2024-06-03,Pune-01,Pune,Anita Desai,GK,28,True,False,True,False
2024-06-03,Pune-12,Pune,Meena Patel,English,31,True,False,False,False
2024-06-03,Pune-12,Pune,Suresh Kumar,Language,31,True,True,True,True
2024-06-03,Pune-12,Pune,Rajesh Sharma,English,31,False,True,False,False
2024-06-03,Pune-12,Pune,Rajesh Sharma,Maths,31,True,True,False,False
2024-06-03,Mumbai-03,Mumbai,Suresh Kumar,Language,37,True,True,False,False
2024-06-03,Mumbai-03,Mumbai,Vikram Singh,Maths,37,True,False,False,True
2024-06-03,Mumbai-03,Mumbai,Meena Patel,Maths,37,True,False,True,False
2024-06-03,Delhi-05,Delhi,Meena Patel,GK,15,True,False,False,True
2024-06-03,Delhi-05,Delhi,Vikram Singh,English,15,True,True,True,False
2024-06-03,Bangalore-07,Bangalore,Meena Patel,GK,15,True,False,False,False
2024-06-03,Bangalore-07,Bangalore,Vikram Singh,English,15,True,True,True,True
2024-06-03,Bangalore-07,Bangalore,Vikram Singh,English,15,True,True,True,True
2024-06-03,Bangalore-07,Bangalore,Suresh Kumar,English,15,True,False,False,False
2024-06-04,Pune-12,Pune,Meena Patel,Maths,38,True,False,True,False
2024-06-04,Pune-12,Pune,Rajesh Sharma,GK,38,True,True,True,False
2024-06-04,Delhi-05,Delhi,Suresh Kumar,Language,38,True,True,False,False
2024-06-04,Delhi-05,Delhi,Vikram Singh,GK,38,True,True,False,False
2024-06-04,Delhi-05,Delhi,Rajesh Sharma,GK,38,True,True,True,True
2024-06-04,Bangalore-07,Bangalore,Vikram Singh,Language,32,True,True,True,False
2024-06-04,Bangalore-07,Bangalore,Vikram Singh,English,32,True,True,True,False
2024-06-05,Delhi-05,Delhi,Rajesh Sharma,English,30,False,True,True,False
2024-06-06,Pune-01,Pune,Rajesh Sharma,GK,21,True,True,True,False
2024-06-06,Pune-01,Pune,Meena Patel,English,21,False,False,True,True
2024-06-06,Pune-01,Pune,Vikram Singh,GK,21,True,True,True,True
2024-06-06,Pune-01,Pune,Anita Desai,English,21,True,False,True,False
2024-06-06,Pune-12,Pune,Rajesh Sharma,Language,15,True,True,False,True
2024-06-06,Pune-12,Pune,Vikram Singh,Language,15,False,True,False,False
2024-06-06,Pune-12,Pune,Rajesh Sharma,English,15,True,False,True,False
2024-06-06,Pune-12,Pune,Suresh Kumar,English,15,False,False,False,True
2024-06-06,Mumbai-03,Mumbai,Vikram Singh,Language,25,True,True,False,False
2024-06-06,Mumbai-03,Mumbai,Rajesh Sharma,English,25,False,False,True,False
2024-06-06,Mumbai-03,Mumbai,Suresh Kumar,Language,25,False,False,False,True
2024-06-06,Delhi-05,Delhi,Vikram Singh,GK,29,False,False,False,True
2024-06-06,Delhi-05,Delhi,Rajesh Sharma,Language,29,False,True,False,True
2024-06-06,Bangalore-07,Bangalore,Vikram Singh,Maths,23,False,True,False,False
2024-06-06,Bangalore-07,Bangalore,Vikram Singh,English,23,True,True,True,False
2024-06-06,Bangalore-07,Bangalore,Vikram Singh,GK,23,True,True,True,False
2024-06-07,Pune-01,Pune,Rajesh Sharma,GK,19,True,True,False,False
2024-06-07,Pune-01,Pune,Suresh Kumar,Language,19,True,True,False,False
2024-06-07,Pune-01,Pune,Anita Desai,Language,19,True,True,True,False
2024-06-07,Pune-12,Pune,Anita Desai,GK,16,False,True,True,True
2024-06-07,Mumbai-03,Mumbai,Anita Desai,Language,19,True,False,False,False
2024-06-07,Mumbai-03,Mumbai,Meena Patel,Maths,19,True,False,False,True
2024-06-07,Mumbai-03,Mumbai,Rajesh Sharma,English,19,True,False,True,True
2024-06-07,Mumbai-03,Mumbai,Suresh Kumar,Maths,19,False,False,True,False
2024-06-07,Delhi-05,Delhi,Meena Patel,Language,30,True,False,True,True
2024-06-07,Delhi-05,Delhi,Vikram Singh,Maths,30,False,True,True,False
2024-06-07,Delhi-05,Delhi,Vikram Singh,Language,30,False,True,True,False
2024-06-07,Bangalore-07,Bangalore,Rajesh Sharma,GK,29,True,False,False,True
2024-06-07,Bangalore-07,Bangalore,Anita Desai,English,29,True,False,True,False
2024-06-07,Bangalore-07,Bangalore,Vikram Singh,English,29,False,True,True,True
2024-06-08,Pune-01,Pune,Meena Patel,Maths,37,True,False,False,True
2024-06-08,Pune-01,Pune,Anita Desai,Maths,37,False,False,True,False
2024-06-08,Pune-01,Pune,Suresh Kumar,GK,37,False,False,False,False
2024-06-08,Mumbai-03,Mumbai,Meena Patel,Maths,36,True,True,False,True
2024-06-08,Mumbai-03,Mumbai,Meena Patel,English,36,False,False,True,False
2024-06-08,Mumbai-03,Mumbai,Vikram Singh,Language,36,True,True,True,True
2024-06-08,Mumbai-03,Mumbai,Meena Patel,GK,36,True,False,True,True
2024-06-08,Bangalore-07,Bangalore,Suresh Kumar,GK,18,False,True,False,False
2024-06-08,Bangalore-07,Bangalore,Meena Patel,GK,18,True,False,False,True
2024-06-08,Bangalore-07,Bangalore,Vikram Singh,English,18,True,True,True,True
2024-06-08,Bangalore-07,Bangalore,Rajesh Sharma,English,18,True,False,True,False
2024-06-09,Pune-01,Pune,Rajesh Sharma,Maths,29,False,True,False,False
2024-06-09,Pune-01,Pune,Rajesh Sharma,Maths,29,False,True,False,False
2024-06-09,Pune-01,Pune,Suresh Kumar,Language,29,True,False,False,False
2024-06-09,Pune-01,Pune,Anita Desai,GK,29,True,False,True,False
2024-06-09,Mumbai-03,Mumbai,Anita Desai,Maths,19,True,True,False,False
2024-06-09,Mumbai-03,Mumbai,Meena Patel,English,19,True,False,False,False
2024-06-09,Delhi-05,Delhi,Meena Patel,Maths,31,True,False,True,True
2024-06-09,Delhi-05,Delhi,Rajesh Sharma,English,31,True,True,True,False
2024-06-09,Delhi-05,Delhi,Vikram Singh,GK,31,True,False,False,False
2024-06-09,Bangalore-07,Bangalore,Meena Patel,Language,17,False,True,True,False
2024-06-09,Bangalore-07,Bangalore,Meena Patel,English,17,False,False,False,False
2024-06-10,Pune-01,Pune,Anita Desai,GK,38,True,False,True,True
2024-06-10,Pune-01,Pune,Meena Patel,GK,38,True,False,True,True
2024-06-10,Pune-01,Pune,Vikram Singh,Language,38,False,True,False,True
2024-06-10,Pune-01,Pune,Suresh Kumar,English,38,False,True,True,False
2024-06-10,Pune-12,Pune,Anita Desai,English,23,True,True,False,False
2024-06-10,Mumbai-03,Mumbai,Rajesh Sharma,Language,33,False,False,False,True
2024-06-10,Delhi-05,Delhi,Vikram Singh,Maths,34,True,False,False,True
2024-06-10,Delhi-05,Delhi,Suresh Kumar,Maths,34,False,False,True,False
2024-06-10,Delhi-05,Delhi,Anita Desai,GK,34,False,True,True,False
2024-06-10,Delhi-05,Delhi,Suresh Kumar,Maths,34,True,False,True,False
2024-06-10,Bangalore-07,Bangalore,Rajesh Sharma,Language,33,True,True,False,False
2024-06-10,Bangalore-07,Bangalore,Suresh Kumar,GK,33,True,True,True,False
2024-06-10,Bangalore-07,Bangalore,Meena Patel,GK,33,True,False,True,False
2024-06-11,Pune-12,Pune,Meena Patel,English,28,True,False,False,True
2024-06-11,Pune-12,Pune,Vikram Singh,Language,28,False,False,True,False
2024-06-11,Mumbai-03,Mumbai,Meena Patel,English,38,True,True,True,False
2024-06-11,Mumbai-03,Mumbai,Suresh Kumar,Maths,38,True,False,False,False
2024-06-11,Delhi-05,Delhi,Anita Desai,Language,29,True,True,True,True
2024-06-11,Bangalore-07,Bangalore,Anita Desai,Maths,19,False,False,False,False
2024-06-11,Bangalore-07,Bangalore,Rajesh Sharma,GK,19,True,True,False,False
2024-06-11,Bangalore-07,Bangalore,Meena Patel,GK,19,True,False,False,False
2024-06-11,Bangalore-07,Bangalore,Anita Desai,Language,19,True,True,False,False
2024-06-12,Pune-12,Pune,Rajesh Sharma,English,17,False,True,True,False
2024-06-12,Pune-12,Pune,Suresh Kumar,English,17,True,True,True,False
2024-06-12,Pune-12,Pune,Anita Desai,English,17,False,True,True,True
2024-06-12,Mumbai-03,Mumbai,Meena Patel,Maths,30,True,True,False,True
2024-06-12,Delhi-05,Delhi,Vikram Singh,GK,16,True,True,True,False
2024-06-12,Delhi-05,Delhi,Suresh Kumar,English,16,True,True,True,False
2024-06-12,Delhi-05,Delhi,Meena Patel,Language,16,True,False,False,False
2024-06-12,Bangalore-07,Bangalore,Rajesh Sharma,English,19,False,True,True,False
2024-06-12,Bangalore-07,Bangalore,Suresh Kumar,GK,19,False,False,False,True
2024-06-12,Bangalore-07,Bangalore,Rajesh Sharma,GK,19,False,True,True,False
2024-06-13,Pune-01,Pune,Rajesh Sharma,English,32,True,False,False,False
2024-06-13,Pune-01,Pune,Vikram Singh,GK,32,True,False,False,True
2024-06-13,Pune-12,Pune,Vikram Singh,Language,34,False,True,False,True
2024-06-13,Pune-12,Pune,Suresh Kumar,Language,34,True,True,False,True
2024-06-13,Pune-12,Pune,Anita Desai,GK,34,False,False,True,True
2024-06-13,Mumbai-03,Mumbai,Vikram Singh,English,25,False,True,True,False
2024-06-13,Mumbai-03,Mumbai,Vikram Singh,GK,25,True,False,True,False
2024-06-13,Delhi-05,Delhi,Anita Desai,Language,24,True,False,True,False
2024-06-13,Delhi-05,Delhi,Rajesh Sharma,GK,24,False,True,False,True
2024-06-13,Delhi-05,Delhi,Vikram Singh,English,24,False,True,False,False
2024-06-13,Delhi-05,Delhi,Anita Desai,English,24,True,False,False,True
2024-06-13,Bangalore-07,Bangalore,Rajesh Sharma,English,37,False,True,False,False
2024-06-13,Bangalore-07,Bangalore,Rajesh Sharma,GK,37,False,True,False,False
2024-06-13,Bangalore-07,Bangalore,Rajesh Sharma,Maths,37,False,True,False,False
2024-06-14,Pune-01,Pune,Suresh Kumar,Language,23,False,True,True,False
2024-06-14,Pune-01,Pune,Vikram Singh,Language,23,True,True,True,False
2024-06-14,Pune-12,Pune,Rajesh Sharma,Language,38,True,False,False,False
2024-06-14,Pune-12,Pune,Suresh Kumar,Language,38,True,False,False,False
2024-06-14,Pune-12,Pune,Suresh Kumar,Language,38,True,True,True,False
2024-06-14,Delhi-05,Delhi,Vikram Singh,GK,37,False,False,True,False
2024-06-14,Delhi-05,Delhi,Anita Desai,English,37,False,False,False,True
2024-06-14,Bangalore-07,Bangalore,Anita Desai,GK,19,True,False,False,False
2024-06-14,Bangalore-07,Bangalore,Vikram Singh,English,19,False,False,False,False
2024-06-14,Bangalore-07,Bangalore,Rajesh Sharma,Language,19,True,True,False,False
2024-06-15,Pune-01,Pune,Suresh Kumar,English,29,True,True,False,True
2024-06-15,Pune-12,Pune,Anita Desai,Maths,19,True,True,False,True
2024-06-15,Pune-12,Pune,Rajesh Sharma,GK,19,True,False,False,True
2024-06-15,Mumbai-03,Mumbai,Vikram Singh,English,21,True,True,True,False
2024-06-15,Bangalore-07,Bangalore,Rajesh Sharma,English,27,False,False,True,False
2024-06-16,Pune-01,Pune,Vikram Singh,Language,29,True,False,False,True
2024-06-16,Pune-12,Pune,Meena Patel,English,36,True,False,False,False
2024-06-16,Pune-12,Pune,Meena Patel,Maths,36,False,False,False,False
2024-06-16,Pune-12,Pune,Anita Desai,GK,36,True,True,False,False
2024-06-16,Pune-12,Pune,Anita Desai,English,36,False,True,True,True
2024-06-16,Mumbai-03,Mumbai,Anita Desai,GK,31,False,False,False,False
2024-06-16,Delhi-05,Delhi,Anita Desai,GK,33,True,False,False,False
2024-06-16,Bangalore-07,Bangalore,Vikram Singh,Language,38,True,False,True,False
2024-06-16,Bangalore-07,Bangalore,Anita Desai,Language,38,True,False,False,True
2024-06-16,Bangalore-07,Bangalore,Anita Desai,Language,38,True,False,False,True
2024-06-16,Bangalore-07,Bangalore,Suresh Kumar,Language,38,False,False,False,False
2024-06-17,Pune-01,Pune,Anita Desai,English,16,False,False,True,False
2024-06-17,Pune-01,Pune,Suresh Kumar,Maths,16,False,False,True,True
2024-06-17,Pune-01,Pune,Suresh Kumar,Maths,16,False,False,False,False
2024-06-17,Pune-12,Pune,Vikram Singh,Language,21,True,True,True,True
2024-06-17,Pune-12,Pune,Anita Desai,Language,21,True,False,True,False
2024-06-17,Mumbai-03,Mumbai,Rajesh Sharma,Maths,39,True,True,False,True
2024-06-17,Delhi-05,Delhi,Suresh Kumar,English,17,True,True,True,False
2024-06-17,Delhi-05,Delhi,Anita Desai,Language,17,True,True,True,False
2024-06-17,Delhi-05,Delhi,Meena Patel,English,17,True,True,True,False
2024-06-18,Pune-01,Pune,Rajesh Sharma,Maths,24,False,False,True,False
2024-06-18,Pune-12,Pune,Rajesh Sharma,GK,30,True,True,True,False
2024-06-18,Mumbai-03,Mumbai,Rajesh Sharma,Maths,20,True,False,False,True
2024-06-18,Bangalore-07,Bangalore,Meena Patel,Maths,30,False,True,True,False
2024-06-18,Bangalore-07,Bangalore,Rajesh Sharma,English,30,True,False,True,False
2024-06-18,Bangalore-07,Bangalore,Suresh Kumar,GK,30,True,False,False,False
2024-06-18,Bangalore-07,Bangalore,Vikram Singh,Maths,30,False,True,True,True
2024-06-19,Pune-01,Pune,Meena Patel,Language,27,True,False,False,False
2024-06-19,Pune-01,Pune,Rajesh Sharma,GK,27,True,True,False,True
2024-06-19,Pune-12,Pune,Anita Desai,Maths,17,True,False,True,True
2024-06-19,Pune-12,Pune,Vikram Singh,Language,17,True,False,False,False
2024-06-19,Mumbai-03,Mumbai,Rajesh Sharma,English,23,False,False,False,True
2024-06-19,Mumbai-03,Mumbai,Suresh Kumar,Language,23,True,True,True,True
2024-06-19,Delhi-05,Delhi,Meena Patel,Maths,22,True,True,False,False
2024-06-19,Delhi-05,Delhi,Meena Patel,Language,22,True,False,True,True
2024-06-19,Bangalore-07,Bangalore,Suresh Kumar,English,16,False,True,False,True
2024-06-19,Bangalore-07,Bangalore,Rajesh Sharma,Language,16,True,True,False,True
2024-06-19,Bangalore-07,Bangalore,Meena Patel,GK,16,True,False,True,False
2024-06-20,Pune-01,Pune,Rajesh Sharma,Maths,21,True,True,True,True
2024-06-20,Mumbai-03,Mumbai,Rajesh Sharma,GK,21,False,False,True,False
2024-06-20,Delhi-05,Delhi,Meena Patel,Maths,37,True,False,False,True
2024-06-20,Delhi-05,Delhi,Anita Desai,Maths,37,False,True,False,False
2024-06-20,Delhi-05,Delhi,Suresh Kumar,Maths,37,True,True,False,False
2024-06-20,Bangalore-07,Bangalore,Anita Desai,Language,31,False,False,True,False
2024-06-20,Bangalore-07,Bangalore,Anita Desai,Maths,31,False,False,False,False
2024-06-20,Bangalore-07,Bangalore,Meena Patel,English,31,False,True,True,False
2024-06-21,Pune-01,Pune,Suresh Kumar,English,19,False,False,False,False
2024-06-21,Pune-01,Pune,Meena Patel,Maths,19,True,True,False,False
2024-06-21,Pune-01,Pune,Suresh Kumar,Language,19,True,True,True,False
2024-06-21,Pune-01,Pune,Rajesh Sharma,GK,19,True,False,True,False
2024-06-21,Pune-12,Pune,Rajesh Sharma,Language,27,False,True,True,False
2024-06-21,Delhi-05,Delhi,Vikram Singh,Maths,24,True,True,False,False
2024-06-21,Delhi-05,Delhi,Meena Patel,Maths,24,False,False,False,False
2024-06-21,Delhi-05,Delhi,Rajesh Sharma,English,24,True,True,True,False
2024-06-21,Delhi-05,Delhi,Anita Desai,English,24,True,True,True,False
2024-06-21,Bangalore-07,Bangalore,Vikram Singh,Language,24,False,True,False,False
2024-06-21,Bangalore-07,Bangalore,Vikram Singh,English,24,False,False,False,True
2024-06-22,Pune-12,Pune,Anita Desai,Maths,30,True,True,False,True
2024-06-22,Pune-12,Pune,Vikram Singh,GK,30,False,False,True,False
2024-06-22,Pune-12,Pune,Anita Desai,GK,30,True,False,False,True
2024-06-22,Pune-12,Pune,Rajesh Sharma,Maths,30,True,True,False,False
2024-06-22,Mumbai-03,Mumbai,Anita Desai,GK,29,True,False,True,False
2024-06-22,Delhi-05,Delhi,Anita Desai,GK,39,True,True,True,False
2024-06-22,Delhi-05,Delhi,Rajesh Sharma,English,39,True,True,False,False
2024-06-22,Bangalore-07,Bangalore,Anita Desai,GK,35,False,True,False,False
2024-06-22,Bangalore-07,Bangalore,Vikram Singh,Maths,35,True,False,True,True
2024-06-22,Bangalore-07,Bangalore,Anita Desai,GK,35,False,False,False,True
2024-06-22,Bangalore-07,Bangalore,Meena Patel,English,35,True,False,True,False
2024-06-23,Pune-12,Pune,Anita Desai,Maths,16,True,False,False,False
2024-06-23,Pune-12,Pune,Vikram Singh,Maths,16,False,True,False,False
2024-06-23,Mumbai-03,Mumbai,Suresh Kumar,Maths,18,True,False,True,True
2024-06-23,Mumbai-03,Mumbai,Suresh Kumar,GK,18,True,False,False,False
2024-06-23,Mumbai-03,Mumbai,Vikram Singh,Maths,18,False,True,False,False
2024-06-23,Delhi-05,Delhi,Vikram Singh,Language,24,True,True,False,True
2024-06-23,Delhi-05,Delhi,Meena Patel,English,24,True,False,True,False
2024-06-23,Bangalore-07,Bangalore,Vikram Singh,Language,33,True,False,True,True
2024-06-23,Bangalore-07,Bangalore,Anita Desai,Maths,33,True,True,True,True
2024-06-23,Bangalore-07,Bangalore,Vikram Singh,Language,33,False,True,False,False
2024-06-23,Bangalore-07,Bangalore,Vikram Singh,Language,33,True,False,False,True
2024-06-24,Pune-01,Pune,Suresh Kumar,English,16,False,False,True,False
2024-06-24,Pune-01,Pune,Meena Patel,English,16,True,False,False,False
2024-06-24,Pune-01,Pune,Rajesh Sharma,GK,16,True,True,False,True
2024-06-24,Pune-01,Pune,Anita Desai,Language,16,False,True,False,False
2024-06-24,Mumbai-03,Mumbai,Anita Desai,English,21,False,True,True,False
2024-06-24,Mumbai-03,Mumbai,Anita Desai,GK,21,True,False,False,False
2024-06-24,Mumbai-03,Mumbai,Rajesh Sharma,Language,21,True,False,True,False
2024-06-24,Mumbai-03,Mumbai,Meena Patel,Maths,21,False,True,True,True
2024-06-24,Delhi-05,Delhi,Suresh Kumar,GK,29,True,True,False,True
2024-06-25,Pune-12,Pune,Rajesh Sharma,English,39,False,False,False,False
2024-06-25,Pune-12,Pune,Vikram Singh,Maths,39,True,True,True,False
2024-06-25,Pune-12,Pune,Vikram Singh,Language,39,True,False,False,False
2024-06-25,Pune-12,Pune,Suresh Kumar,Language,39,False,False,False,True
2024-06-25,Delhi-05,Delhi,Rajesh Sharma,English,27,True,False,True,False
2024-06-25,Delhi-05,Delhi,Suresh Kumar,Maths,27,False,False,True,False
2024-06-25,Delhi-05,Delhi,Suresh Kumar,GK,27,True,False,True,False
2024-06-25,Delhi-05,Delhi,Suresh Kumar,Maths,27,False,False,False,False
2024-06-25,Bangalore-07,Bangalore,Rajesh Sharma,Maths,36,False,False,True,True
2024-06-25,Bangalore-07,Bangalore,Vikram Singh,Maths,36,True,False,True,False
2024-06-26,Pune-01,Pune,Suresh Kumar,GK,35,True,False,False,False
2024-06-26,Pune-01,Pune,Anita Desai,Language,35,True,False,True,False
2024-06-26,Pune-01,Pune,Anita Desai,English,35,True,False,False,False
2024-06-26,Pune-01,Pune,Meena Patel,English,35,True,False,True,False
2024-06-26,Pune-12,Pune,Meena Patel,English,24,True,True,True,False
2024-06-26,Pune-12,Pune,Rajesh Sharma,GK,24,False,False,False,False
2024-06-26,Mumbai-03,Mumbai,Rajesh Sharma,GK,21,True,False,False,False
2024-06-26,Mumbai-03,Mumbai,Anita Desai,Maths,21,True,False,True,False
2024-06-26,Mumbai-03,Mumbai,Anita Desai,Maths,21,False,False,True,False
2024-06-26,Mumbai-03,Mumbai,Rajesh Sharma,GK,21,True,False,False,False
2024-06-26,Delhi-05,Delhi,Anita Desai,Language,33,True,True,False,False
2024-06-26,Bangalore-07,Bangalore,Suresh Kumar,GK,27,True,True,True,False
2024-06-26,Bangalore-07,Bangalore,Meena Patel,GK,27,True,False,False,False
2024-06-27,Pune-01,Pune,Meena Patel,Language,30,True,True,True,True
2024-06-27,Pune-01,Pune,Meena Patel,Maths,30,True,True,True,False
2024-06-27,Pune-01,Pune,Meena Patel,Maths,30,True,True,True,False
2024-06-27,Pune-01,Pune,Vikram Singh,Language,30,False,False,False,False
2024-06-27,Pune-12,Pune,Rajesh Sharma,English,26,False,True,False,True
2024-06-27,Pune-12,Pune,Suresh Kumar,GK,26,True,False,False,True
2024-06-27,Mumbai-03,Mumbai,Suresh Kumar,Language,25,False,True,True,False
2024-06-27,Mumbai-03,Mumbai,Suresh Kumar,GK,25,True,True,True,True
2024-06-27,Mumbai-03,Mumbai,Meena Patel,English,25,True,True,False,True
2024-06-27,Mumbai-03,Mumbai,Vikram Singh,Language,25,True,False,False,False
2024-06-27,Delhi-05,Delhi,Meena Patel,English,34,False,False,True,False
2024-06-27,Delhi-05,Delhi,Anita Desai,Language,34,True,False,True,False
2024-06-27,Bangalore-07,Bangalore,Vikram Singh,English,37,True,False,True,False
2024-06-27,Bangalore-07,Bangalore,Anita Desai,GK,37,True,False,True,False
2024-06-27,Bangalore-07,Bangalore,Suresh Kumar,Maths,37,False,True,False,False
2024-06-28,Pune-01,Pune,Meena Patel,GK,37,True,False,True,False
2024-06-28,Mumbai-03,Mumbai,Anita Desai,English,36,True,True,False,False
2024-06-28,Mumbai-03,Mumbai,Vikram Singh,Language,36,True,False,False,True
2024-06-28,Mumbai-03,Mumbai,Meena Patel,GK,36,True,False,True,False
2024-06-28,Delhi-05,Delhi,Anita Desai,Maths,15,True,False,False,False
2024-06-28,Delhi-05,Delhi,Anita Desai,Maths,15,True,True,True,True
2024-06-28,Delhi-05,Delhi,Anita Desai,GK,15,False,True,False,False
2024-06-28,Delhi-05,Delhi,Rajesh Sharma,GK,15,True,True,True,False
2024-06-28,Bangalore-07,Bangalore,Anita Desai,Language,16,False,True,False,False
2024-06-28,Bangalore-07,Bangalore,Meena Patel,GK,16,True,True,False,True
2024-06-28,Bangalore-07,Bangalore,Meena Patel,English,16,False,False,False,False
2024-06-28,Bangalore-07,Bangalore,Rajesh Sharma,Maths,16,False,False,False,True
2024-06-29,Pune-01,Pune,Vikram Singh,Maths,25,False,False,False,False
2024-06-29,Pune-12,Pune,Anita Desai,Language,25,True,False,False,True
2024-06-29,Pune-12,Pune,Rajesh Sharma,Language,25,True,False,False,True
2024-06-29,Mumbai-03,Mumbai,Meena Patel,GK,31,True,True,True,True
2024-06-29,Mumbai-03,Mumbai,Vikram Singh,GK,31,True,False,True,False
2024-06-29,Bangalore-07,Bangalore,Rajesh Sharma,Language,26,False,True,True,False
2024-06-29,Bangalore-07,Bangalore,Anita Desai,GK,26,True,False,True,False
2024-06-30,Pune-01,Pune,Meena Patel,GK,38,False,False,False,True
2024-06-30,Pune-12,Pune,Rajesh Sharma,English,29,False,False,False,False
2024-06-30,Mumbai-03,Mumbai,Anita Desai,Maths,30,True,False,True,True
2024-06-30,Mumbai-03,Mumbai,Suresh Kumar,Maths,30,False,True,True,False
2024-06-30,Delhi-05,Delhi,Suresh Kumar,GK,30,True,True,False,False
2024-06-30,Delhi-05,Delhi,Meena Patel,Maths,30,True,False,False,False
2024-06-30,Delhi-05,Delhi,Vikram Singh,Language,30,True,False,False,False
2024-06-30,Bangalore-07,Bangalore,Vikram Singh,GK,24,True,False,True,False
2024-06-30,Bangalore-07,Bangalore,Suresh Kumar,Language,24,True,False,True,False
2024-06-30,Bangalore-07,Bangalore,Suresh Kumar,Maths,24,True,False,True,False
2024-06-30,Bangalore-07,Bangalore,Rajesh Sharma,GK,24,True,True,False,False
2024-07-01,Pune-01,Pune,Anita Desai,English,20,True,False,True,True
2024-07-01,Pune-01,Pune,Suresh Kumar,English,20,True,False,True,False
2024-07-01,Pune-12,Pune,Meena Patel,GK,37,True,False,True,True
2024-07-01,Pune-12,Pune,Anita Desai,Language,37,False,True,False,False
2024-07-01,Pune-12,Pune,Rajesh Sharma,Language,37,True,True,True,False
2024-07-01,Delhi-05,Delhi,Meena Patel,Language,33,True,False,True,False
2024-07-01,Delhi-05,Delhi,Meena Patel,English,33,False,False,True,False
2024-07-01,Bangalore-07,Bangalore,Suresh Kumar,GK,18,True,False,True,False
2024-07-01,Bangalore-07,Bangalore,Suresh Kumar,English,18,False,False,False,True
2024-07-01,Bangalore-07,Bangalore,Suresh Kumar,GK,18,False,True,True,False
2024-07-02,Pune-01,Pune,Suresh Kumar,GK,28,True,False,False,False
2024-07-02,Pune-01,Pune,Rajesh Sharma,Maths,28,True,False,False,False
2024-07-02,Pune-01,Pune,Anita Desai,Maths,28,True,False,False,False
2024-07-02,Pune-12,Pune,Vikram Singh,Maths,32,False,True,True,False
2024-07-02,Pune-12,Pune,Meena Patel,English,32,True,False,True,False
2024-07-02,Pune-12,Pune,Suresh Kumar,Maths,32,True,False,False,False
2024-07-02,Pune-12,Pune,Rajesh Sharma,GK,32,True,True,True,False
2024-07-02,Delhi-05,Delhi,Vikram Singh,GK,37,True,True,True,False
2024-07-02,Delhi-05,Delhi,Rajesh Sharma,English,37,True,True,True,True
2024-07-02,Delhi-05,Delhi,Meena Patel,Maths,37,False,True,False,True
2024-07-02,Bangalore-07,Bangalore,Meena Patel,Language,35,True,False,False,False
2024-07-02,Bangalore-07,Bangalore,Vikram Singh,English,35,False,False,False,False
2024-07-02,Bangalore-07,Bangalore,Suresh Kumar,Maths,35,True,True,True,True
2024-07-02,Bangalore-07,Bangalore,Rajesh Sharma,GK,35,True,False,True,False
2024-07-03,Pune-12,Pune,Anita Desai,Language,18,True,True,False,False
2024-07-03,Pune-12,Pune,Vikram Singh,GK,18,True,False,True,False
2024-07-03,Pune-12,Pune,Rajesh Sharma,Maths,18,True,True,True,False
2024-07-03,Pune-12,Pune,Anita Desai,Language,18,True,True,False,True
2024-07-03,Bangalore-07,Bangalore,Suresh Kumar,GK,25,True,False,False,False
2024-07-04,Pune-01,Pune,Suresh Kumar,English,22,True,False,False,False
2024-07-04,Pune-01,Pune,Anita Desai,GK,22,True,False,True,False
2024-07-04,Mumbai-03,Mumbai,Anita Desai,Maths,15,False,True,False,False
2024-07-04,Mumbai-03,Mumbai,Rajesh Sharma,Maths,15,True,True,False,False
2024-07-04,Mumbai-03,Mumbai,Suresh Kumar,Maths,15,False,False,False,False
2024-07-04,Mumbai-03,Mumbai,Vikram Singh,GK,15,True,True,False,False
2024-07-04,Bangalore-07,Bangalore,Vikram Singh,Language,22,True,False,True,False
2024-07-04,Bangalore-07,Bangalore,Anita Desai,English,22,True,False,False,False
2024-07-04,Bangalore-07,Bangalore,Suresh Kumar,Language,22,True,False,False,False
2024-07-05,Pune-01,Pune,Anita Desai,GK,23,False,True,False,True
2024-07-05,Pune-01,Pune,Anita Desai,Maths,23,True,False,False,False
2024-07-05,Pune-01,Pune,Suresh Kumar,Maths,23,False,True,True,False
2024-07-05,Pune-12,Pune,Suresh Kumar,English,17,True,False,False,False
2024-07-05,Mumbai-03,Mumbai,Vikram Singh,English,25,True,False,True,False
2024-07-05,Delhi-05,Delhi,Vikram Singh,Language,35,True,False,False,False
2024-07-05,Delhi-05,Delhi,Suresh Kumar,Maths,35,True,False,False,False
2024-07-05,Delhi-05,Delhi,Suresh Kumar,Maths,35,True,True,False,False
2024-07-05,Bangalore-07,Bangalore,Vikram Singh,English,36,True,False,True,False
2024-07-05,Bangalore-07,Bangalore,Vikram Singh,English,36,False,False,False,False
2024-07-05,Bangalore-07,Bangalore,Meena Patel,Maths,36,True,False,False,False
2024-07-05,Bangalore-07,Bangalore,Vikram Singh,Language,36,False,False,False,False
2024-07-06,Pune-12,Pune,Meena Patel,Language,33,True,False,True,True
2024-07-06,Pune-12,Pune,Suresh Kumar,English,33,True,False,False,True
2024-07-06,Pune-12,Pune,Meena Patel,Language,33,True,False,True,False
2024-07-06,Mumbai-03,Mumbai,Meena Patel,GK,17,True,True,False,True
2024-07-06,Mumbai-03,Mumbai,Anita Desai,GK,17,True,False,False,False
2024-07-07,Pune-01,Pune,Vikram Singh,Maths,31,False,True,True,False
2024-07-07,Pune-01,Pune,Anita Desai,Language,31,True,False,True,True
2024-07-07,Pune-12,Pune,Suresh Kumar,English,25,True,False,True,False
2024-07-07,Pune-12,Pune,Suresh Kumar,Maths,25,True,True,False,True
2024-07-07,Mumbai-03,Mumbai,Meena Patel,GK,30,False,True,True,False
2024-07-07,Mumbai-03,Mumbai,Vikram Singh,GK,30,True,False,False,False
2024-07-07,Delhi-05,Delhi,Meena Patel,Maths,34,True,True,True,False
2024-07-07,Bangalore-07,Bangalore,Vikram Singh,Language,33,False,False,False,False
2024-07-07,Bangalore-07,Bangalore,Anita Desai,Language,33,True,False,True,True
2024-07-07,Bangalore-07,Bangalore,Anita Desai,GK,33,False,True,True,False
2024-07-08,Pune-01,Pune,Meena Patel,English,38,True,True,True,True
2024-07-08,Pune-01,Pune,Vikram Singh,Language,38,True,False,False,False
2024-07-08,Mumbai-03,Mumbai,Vikram Singh,English,35,True,False,True,False
2024-07-08,Mumbai-03,Mumbai,Suresh Kumar,Maths,35,True,True,True,False
2024-07-08,Delhi-05,Delhi,Rajesh Sharma,English,22,False,True,False,True
2024-07-09,Mumbai-03,Mumbai,Meena Patel,English,27,True,True,True,True
2024-07-09,Mumbai-03,Mumbai,Anita Desai,GK,27,False,True,False,False
2024-07-09,Mumbai-03,Mumbai,Meena Patel,English,27,True,False,False,True
2024-07-09,Delhi-05,Delhi,Rajesh Sharma,Language,29,True,False,False,False
2024-07-09,Delhi-05,Delhi,Rajesh Sharma,Language,29,False,False,True,True
2024-07-09,Bangalore-07,Bangalore,Meena Patel,Language,19,True,True,False,True
2024-07-09,Bangalore-07,Bangalore,Anita Desai,Maths,19,True,False,False,False
2024-07-09,Bangalore-07,Bangalore,Suresh Kumar,Maths,19,True,True,True,False
2024-07-09,Bangalore-07,Bangalore,Anita Desai,Language,19,True,False,False,False
2024-07-10,Pune-01,Pune,Rajesh Sharma,GK,18,True,False,False,False
2024-07-10,Pune-12,Pune,Meena Patel,GK,35,False,True,False,True
2024-07-10,Pune-12,Pune,Rajesh Sharma,Maths,35,False,True,True,False
2024-07-10,Pune-12,Pune,Rajesh Sharma,Maths,35,False,False,False,False
2024-07-10,Mumbai-03,Mumbai,Suresh Kumar,GK,31,True,False,False,False
2024-07-10,Mumbai-03,Mumbai,Suresh Kumar,English,31,True,False,True,False
2024-07-10,Delhi-05,Delhi,Rajesh Sharma,English,38,True,False,True,False
2024-07-10,Bangalore-07,Bangalore,Vikram Singh,English,21,True,True,False,False
2024-07-10,Bangalore-07,Bangalore,Meena Patel,Maths,21,True,True,True,False
2024-07-11,Pune-01,Pune,Rajesh Sharma,Language,25,False,False,False,False
2024-07-11,Pune-01,Pune,Rajesh Sharma,English,25,True,True,True,True
2024-07-11,Pune-01,Pune,Vikram Singh,Maths,25,True,True,True,False
2024-07-11,Pune-12,Pune,Suresh Kumar,Language,19,True,False,False,False
2024-07-11,Pune-12,Pune,Meena Patel,GK,19,False,False,True,True
2024-07-11,Pune-12,Pune,Vikram Singh,Language,19,False,False,True,False
2024-07-11,Pune-12,Pune,Anita Desai,Language,19,True,False,False,False
2024-07-11,Mumbai-03,Mumbai,Vikram Singh,Language,20,True,False,False,False
2024-07-11,Mumbai-03,Mumbai,Vikram Singh,English,20,True,False,True,False
2024-07-11,Mumbai-03,Mumbai,Meena Patel,English,20,True,False,True,False
2024-07-11,Bangalore-07,Bangalore,Suresh Kumar,English,19,False,False,False,False
2024-07-11,Bangalore-07,Bangalore,Vikram Singh,GK,19,False,True,False,False
2024-07-11,Bangalore-07,Bangalore,Anita Desai,Language,19,False,False,True,False
2024-07-11,Bangalore-07,Bangalore,Vikram Singh,GK,19,True,True,True,False
2024-07-12,Pune-01,Pune,Meena Patel,Language,25,True,False,False,True
2024-07-12,Pune-12,Pune,Rajesh Sharma,English,30,True,False,False,True
2024-07-12,Pune-12,Pune,Vikram Singh,Maths,30,True,True,True,False
2024-07-12,Pune-12,Pune,Rajesh Sharma,GK,30,True,True,True,False
2024-07-12,Pune-12,Pune,Suresh Kumar,GK,30,True,True,True,False
2024-07-12,Mumbai-03,Mumbai,Rajesh Sharma,GK,33,True,True,False,True
2024-07-12,Delhi-05,Delhi,Rajesh Sharma,English,23,True,False,True,True
2024-07-12,Delhi-05,Delhi,Meena Patel,Maths,23,False,False,True,True
2024-07-13,Pune-01,Pune,Suresh Kumar,Language,20,False,False,False,False
2024-07-13,Pune-01,Pune,Meena Patel,GK,20,True,True,False,False
2024-07-13,Pune-12,Pune,Vikram Singh,GK,32,False,False,False,True
2024-07-13,Mumbai-03,Mumbai,Rajesh Sharma,Maths,33,False,False,False,False
2024-07-13,Mumbai-03,Mumbai,Rajesh Sharma,Language,33,False,False,True,False
2024-07-13,Mumbai-03,Mumbai,Rajesh Sharma,GK,33,True,False,True,False
2024-07-13,Delhi-05,Delhi,Rajesh Sharma,GK,27,True,False,False,True
2024-07-13,Delhi-05,Delhi,Suresh Kumar,GK,27,True,True,False,False
2024-07-13,Bangalore-07,Bangalore,Vikram Singh,Language,32,False,False,True,False
2024-07-13,Bangalore-07,Bangalore,Suresh Kumar,Language,32,True,True,True,False
2024-07-14,Pune-12,Pune,Rajesh Sharma,GK,28,False,False,True,True
2024-07-14,Pune-12,Pune,Rajesh Sharma,GK,28,True,False,False,False
2024-07-14,Delhi-05,Delhi,Vikram Singh,English,19,True,False,True,False
2024-07-14,Bangalore-07,Bangalore,Anita Desai,Maths,35,True,False,True,False
2024-07-14,Bangalore-07,Bangalore,Meena Patel,Language,35,True,True,False,False
2024-07-14,Bangalore-07,Bangalore,Suresh Kumar,GK,35,False,False,True,False
2024-07-15,Pune-12,Pune,Meena Patel,English,17,True,False,True,False
2024-07-15,Pune-12,Pune,Rajesh Sharma,GK,17,True,True,True,False
2024-07-15,Pune-12,Pune,Suresh Kumar,GK,17,True,True,True,True
2024-07-15,Mumbai-03,Mumbai,Vikram Singh,Language,29,True,True,True,False
2024-07-15,Mumbai-03,Mumbai,Meena Patel,Language,29,False,False,True,True
2024-07-15,Delhi-05,Delhi,Meena Patel,Maths,15,True,False,False,False
2024-07-15,Delhi-05,Delhi,Vikram Singh,English,15,True,True,True,True
2024-07-15,Delhi-05,Delhi,Suresh Kumar,GK,15,True,False,False,True
2024-07-15,Delhi-05,Delhi,Meena Patel,Language,15,True,False,False,False
2024-07-15,Bangalore-07,Bangalore,Anita Desai,English,37,True,False,True,False
2024-07-15,Bangalore-07,Bangalore,Anita Desai,English,37,True,False,True,True
2024-07-15,Bangalore-07,Bangalore,Rajesh Sharma,Language,37,True,True,True,False
2024-07-15,Bangalore-07,Bangalore,Rajesh Sharma,English,37,True,False,False,True
2024-07-16,Pune-01,Pune,Vikram Singh,Maths,20,True,False,False,False
2024-07-16,Pune-01,Pune,Rajesh Sharma,GK,20,True,True,True,False
2024-07-16,Mumbai-03,Mumbai,Vikram Singh,Maths,24,False,True,False,True
2024-07-16,Mumbai-03,Mumbai,Vikram Singh,GK,24,False,False,True,True
2024-07-16,Mumbai-03,Mumbai,Suresh Kumar,GK,24,True,True,False,False
2024-07-16,Mumbai-03,Mumbai,Vikram Singh,English,24,True,False,False,False
2024-07-16,Delhi-05,Delhi,Rajesh Sharma,English,25,False,False,False,False
2024-07-16,Delhi-05,Delhi,Rajesh Sharma,Maths,25,True,False,True,False
2024-07-16,Delhi-05,Delhi,Rajesh Sharma,GK,25,True,False,False,False
2024-07-16,Bangalore-07,Bangalore,Anita Desai,Language,23,True,False,False,False
2024-07-16,Bangalore-07,Bangalore,Anita Desai,Maths,23,True,False,True,False
2024-07-16,Bangalore-07,Bangalore,Anita Desai,English,23,True,True,True,True
2024-07-16,Bangalore-07,Bangalore,Suresh Kumar,English,23,True,False,True,False
2024-07-17,Pune-01,Pune,Rajesh Sharma,English,24,True,True,False,False
2024-07-17,Pune-01,Pune,Vikram Singh,English,24,True,False,False,True
2024-07-17,Pune-01,Pune,Meena Patel,GK,24,True,True,True,False
2024-07-17,Mumbai-03,Mumbai,Rajesh Sharma,GK,20,True,True,True,False
2024-07-17,Delhi-05,Delhi,Meena Patel,English,34,True,False,False,False
2024-07-17,Delhi-05,Delhi,Meena Patel,English,34,False,True,False,True
2024-07-17,Delhi-05,Delhi,Rajesh Sharma,English,34,True,True,False,False
2024-07-17,Delhi-05,Delhi,Suresh Kumar,Maths,34,True,False,False,True
2024-07-18,Pune-12,Pune,Anita Desai,English,21,False,False,False,False
2024-07-18,Pune-12,Pune,Rajesh Sharma,GK,21,True,False,True,False
2024-07-18,Mumbai-03,Mumbai,Rajesh Sharma,Maths,22,True,False,False,True
2024-07-18,Mumbai-03,Mumbai,Vikram Singh,English,22,False,True,True,False
2024-07-18,Mumbai-03,Mumbai,Anita Desai,Maths,22,True,False,True,True
2024-07-18,Delhi-05,Delhi,Rajesh Sharma,Language,17,False,False,True,False
2024-07-18,Delhi-05,Delhi,Rajesh Sharma,GK,17,True,True,False,False
2024-07-18,Bangalore-07,Bangalore,Anita Desai,Maths,30,True,True,False,False
2024-07-18,Bangalore-07,Bangalore,Vikram Singh,Language,30,True,False,False,False
2024-07-19,Pune-12,Pune,Rajesh Sharma,Maths,31,True,False,False,False
2024-07-19,Mumbai-03,Mumbai,Suresh Kumar,Maths,19,True,True,True,False
2024-07-19,Delhi-05,Delhi,Suresh Kumar,GK,27,True,False,False,True
2024-07-19,Delhi-05,Delhi,Vikram Singh,English,27,False,True,True,True
2024-07-19,Delhi-05,Delhi,Anita Desai,Language,27,True,True,False,False
2024-07-19,Delhi-05,Delhi,Meena Patel,English,27,True,False,False,False
2024-07-19,Bangalore-07,Bangalore,Vikram Singh,Maths,19,False,False,False,False
2024-07-19,Bangalore-07,Bangalore,Vikram Singh,GK,19,False,True,False,True
2024-07-19,Bangalore-07,Bangalore,Anita Desai,GK,19,True,False,True,False
2024-07-20,Pune-01,Pune,Anita Desai,English,28,True,False,True,False
2024-07-20,Pune-01,Pune,Anita Desai,GK,28,True,True,True,True
2024-07-20,Pune-01,Pune,Suresh Kumar,Language,28,False,False,True,True
2024-07-20,Pune-12,Pune,Rajesh Sharma,Language,20,True,True,False,False
2024-07-20,Pune-12,Pune,Rajesh Sharma,GK,20,False,False,False,True
2024-07-20,Mumbai-03,Mumbai,Meena Patel,English,23,False,False,True,False
2024-07-20,Mumbai-03,Mumbai,Rajesh Sharma,GK,23,True,False,True,True
2024-07-20,Mumbai-03,Mumbai,Vikram Singh,Maths,23,False,True,True,False
2024-07-20,Delhi-05,Delhi,Anita Desai,Language,25,False,True,True,False
2024-07-20,Delhi-05,Delhi,Anita Desai,GK,25,True,False,False,True
2024-07-20,Bangalore-07,Bangalore,Vikram Singh,English,34,True,True,False,True
2024-07-20,Bangalore-07,Bangalore,Vikram Singh,Maths,34,False,False,False,False
2024-07-20,Bangalore-07,Bangalore,Rajesh Sharma,Language,34,True,False,False,False
2024-07-21,Pune-01,Pune,Vikram Singh,Language,21,True,False,True,False
2024-07-21,Pune-01,Pune,Anita Desai,English,21,False,False,False,False
2024-07-21,Pune-01,Pune,Vikram Singh,Language,21,False,True,True,True
2024-07-21,Pune-12,Pune,Anita Desai,Maths,16,True,False,False,False
2024-07-21,Pune-12,Pune,Vikram Singh,English,16,False,False,False,True
2024-07-21,Pune-12,Pune,Anita Desai,Maths,16,False,False,True,True
2024-07-21,Pune-12,Pune,Rajesh Sharma,Maths,16,True,False,False,False
2024-07-21,Mumbai-03,Mumbai,Meena Patel,Language,23,True,True,True,True
2024-07-21,Mumbai-03,Mumbai,Vikram Singh,Language,23,True,False,False,False
2024-07-21,Mumbai-03,Mumbai,Rajesh Sharma,GK,23,False,False,True,False
2024-07-21,Delhi-05,Delhi,Anita Desai,Language,31,True,False,False,False
2024-07-21,Bangalore-07,Bangalore,Suresh Kumar,Maths,26,True,False,True,False
2024-07-21,Bangalore-07,Bangalore,Anita Desai,Maths,26,True,False,True,True
2024-07-21,Bangalore-07,Bangalore,Vikram Singh,GK,26,False,False,True,True
2024-07-22,Pune-01,Pune,Anita Desai,Language,32,False,False,True,True
2024-07-22,Pune-01,Pune,Vikram Singh,English,32,True,False,False,True
2024-07-22,Pune-01,Pune,Rajesh Sharma,Maths,32,True,True,True,False
2024-07-22,Pune-12,Pune,Meena Patel,GK,32,False,False,True,True
2024-07-22,Pune-12,Pune,Vikram Singh,Language,32,False,False,True,True
2024-07-22,Pune-12,Pune,Vikram Singh,Language,32,True,False,False,True
2024-07-22,Pune-12,Pune,Anita Desai,Maths,32,True,False,True,False
2024-07-22,Mumbai-03,Mumbai,Suresh Kumar,Maths,34,False,True,True,False
2024-07-22,Delhi-05,Delhi,Vikram Singh,Maths,33,True,True,False,False
2024-07-22,Bangalore-07,Bangalore,Suresh Kumar,English,31,True,True,True,False
2024-07-22,Bangalore-07,Bangalore,Suresh Kumar,English,31,True,True,False,False
2024-07-22,Bangalore-07,Bangalore,Suresh Kumar,English,31,True,False,False,False
2024-07-22,Bangalore-07,Bangalore,Vikram Singh,GK,31,False,False,True,False
2024-07-23,Pune-01,Pune,Anita Desai,English,36,True,True,True,True
2024-07-23,Pune-01,Pune,Meena Patel,Language,36,True,False,True,False
2024-07-23,Pune-01,Pune,Anita Desai,Maths,36,False,True,False,True
2024-07-23,Pune-01,Pune,Meena Patel,Language,36,True,True,False,False
2024-07-23,Mumbai-03,Mumbai,Anita Desai,English,19,False,False,False,False
2024-07-23,Mumbai-03,Mumbai,Rajesh Sharma,Maths,19,True,False,True,False
2024-07-23,Bangalore-07,Bangalore,Meena Patel,English,24,True,False,False,False
2024-07-23,Bangalore-07,Bangalore,Suresh Kumar,Language,24,False,False,True,False
2024-07-23,Bangalore-07,Bangalore,Vikram Singh,Language,24,True,True,False,False
2024-07-23,Bangalore-07,Bangalore,Meena Patel,Maths,24,True,False,False,False
2024-07-24,Pune-01,Pune,Meena Patel,GK,27,True,False,True,True
2024-07-24,Pune-12,Pune,Anita Desai,English,25,True,False,False,True
2024-07-24,Mumbai-03,Mumbai,Anita Desai,English,16,False,True,True,False
2024-07-24,Mumbai-03,Mumbai,Vikram Singh,English,16,True,True,True,False
2024-07-24,Mumbai-03,Mumbai,Suresh Kumar,GK,16,True,False,True,False
2024-07-24,Delhi-05,Delhi,Vikram Singh,English,25,True,False,True,False
2024-07-24,Bangalore-07,Bangalore,Anita Desai,Language,22,True,False,True,False
2024-07-24,Bangalore-07,Bangalore,Meena Patel,GK,22,True,False,True,True
2024-07-25,Pune-01,Pune,Vikram Singh,Language,37,True,False,True,False
2024-07-25,Pune-01,Pune,Vikram Singh,English,37,True,False,False,True
2024-07-25,Delhi-05,Delhi,Vikram Singh,Maths,18,True,True,False,False
2024-07-25,Delhi-05,Delhi,Vikram Singh,Language,18,True,True,True,False
2024-07-25,Delhi-05,Delhi,Vikram Singh,English,18,True,False,False,False
2024-07-26,Pune-01,Pune,Anita Desai,GK,38,True,False,True,True
2024-07-26,Pune-01,Pune,Rajesh Sharma,GK,38,False,True,True,False
2024-07-26,Pune-12,Pune,Meena Patel,GK,19,True,True,False,False
2024-07-26,Pune-12,Pune,Vikram Singh,Language,19,False,False,False,False
2024-07-26,Pune-12,Pune,Rajesh Sharma,Language,19,True,False,False,True
2024-07-26,Pune-12,Pune,Vikram Singh,English,19,True,True,True,False
2024-07-26,Mumbai-03,Mumbai,Suresh Kumar,Maths,15,True,False,False,True
2024-07-26,Mumbai-03,Mumbai,Anita Desai,Maths,15,True,True,True,False
2024-07-26,Mumbai-03,Mumbai,Vikram Singh,GK,15,True,False,False,False
2024-07-26,Mumbai-03,Mumbai,Anita Desai,Maths,15,True,True,True,False
2024-07-27,Pune-01,Pune,Anita Desai,Language,27,False,False,False,False
2024-07-27,Pune-01,Pune,Anita Desai,English,27,False,False,True,False
2024-07-27,Pune-01,Pune,Meena Patel,English,27,False,True,True,True
2024-07-27,Pune-12,Pune,Rajesh Sharma,GK,28,True,True,True,False
2024-07-27,Mumbai-03,Mumbai,Anita Desai,GK,18,False,True,True,False
2024-07-27,Mumbai-03,Mumbai,Rajesh Sharma,GK,18,True,True,False,True
2024-07-27,Mumbai-03,Mumbai,Rajesh Sharma,Maths,18,False,False,True,False
2024-07-27,Bangalore-07,Bangalore,Vikram Singh,Language,34,False,True,False,False
2024-07-27,Bangalore-07,Bangalore,Vikram Singh,English,34,True,True,False,True
2024-07-28,Pune-01,Pune,Suresh Kumar,Maths,33,False,False,False,False
2024-07-28,Pune-01,Pune,Anita Desai,English,33,True,False,False,False
2024-07-28,Pune-01,Pune,Anita Desai,English,33,True,False,True,True
2024-07-28,Mumbai-03,Mumbai,Meena Patel,GK,31,True,False,True,False
2024-07-28,Mumbai-03,Mumbai,Meena Patel,Maths,31,True,True,True,False
2024-07-28,Mumbai-03,Mumbai,Rajesh Sharma,Maths,31,True,True,True,True
2024-07-28,Mumbai-03,Mumbai,Rajesh Sharma,Language,31,False,True,True,True
2024-07-28,Delhi-05,Delhi,Anita Desai,Maths,26,True,False,False,False
2024-07-28,Bangalore-07,Bangalore,Vikram Singh,GK,15,True,False,False,False
2024-07-28,Bangalore-07,Bangalore,Anita Desai,English,15,True,False,False,False
2024-07-28,Bangalore-07,Bangalore,Vikram Singh,GK,15,False,True,True,False
2024-07-29,Mumbai-03,Mumbai,Vikram Singh,English,18,True,False,True,False
2024-07-29,Mumbai-03,Mumbai,Rajesh Sharma,GK,18,False,False,True,True
2024-07-29,Bangalore-07,Bangalore,Suresh Kumar,English,21,True,False,True,False
2024-07-29,Bangalore-07,Bangalore,Anita Desai,English,21,True,False,False,False
2024-07-29,Bangalore-07,Bangalore,Anita Desai,Language,21,False,False,False,False
2024-07-30,Pune-12,Pune,Suresh Kumar,English,15,True,True,False,False
2024-07-30,Pune-12,Pune,Vikram Singh,Maths,15,True,True,True,False
2024-07-30,Mumbai-03,Mumbai,Suresh Kumar,GK,36,False,False,False,False
2024-07-30,Mumbai-03,Mumbai,Anita Desai,Maths,36,True,False,True,False
2024-07-30,Delhi-05,Delhi,Rajesh Sharma,GK,28,True,True,True,True
2024-07-30,Delhi-05,Delhi,Anita Desai,English,28,True,False,False,False
2024-07-30,Bangalore-07,Bangalore,Suresh Kumar,GK,15,True,False,False,False
2024-07-30,Bangalore-07,Bangalore,Suresh Kumar,Language,15,True,False,False,False
2024-07-31,Pune-01,Pune,Anita Desai,English,34,True,True,False,True
2024-07-31,Pune-01,Pune,Anita Desai,English,34,False,True,False,False
2024-07-31,Pune-01,Pune,Anita Desai,English,34,True,False,False,False
2024-07-31,Pune-01,Pune,Meena Patel,GK,34,True,False,True,False
2024-07-31,Pune-12,Pune,Meena Patel,English,31,True,False,False,False
2024-07-31,Pune-12,Pune,Suresh Kumar,English,31,True,False,False,False
2024-07-31,Pune-12,Pune,Vikram Singh,Language,31,True,False,False,False
2024-07-31,Mumbai-03,Mumbai,Suresh Kumar,Language,32,True,False,False,False
2024-07-31,Mumbai-03,Mumbai,Rajesh Sharma,Maths,32,True,True,False,False
2024-07-31,Mumbai-03,Mumbai,Meena Patel,Language,32,True,False,False,True
2024-07-31,Mumbai-03,Mumbai,Vikram Singh,Language,32,False,True,True,False
2024-07-31,Delhi-05,Delhi,Rajesh Sharma,English,23,True,False,False,False
2024-07-31,Bangalore-07,Bangalore,Rajesh Sharma,Language,37,False,False,True,False
2024-07-31,Bangalore-07,Bangalore,Anita Desai,GK,37,False,False,True,False
2024-08-01,Pune-01,Pune,Meena Patel,GK,38,False,False,True,False
2024-08-01,Pune-01,Pune,Meena Patel,Maths,38,False,False,True,True
2024-08-01,Pune-01,Pune,Anita Desai,GK,38,True,True,True,False
2024-08-01,Pune-01,Pune,Suresh Kumar,Maths,38,True,True,True,False
2024-08-01,Pune-12,Pune,Suresh Kumar,Language,15,False,False,False,False
2024-08-01,Pune-12,Pune,Vikram Singh,Language,15,False,False,False,False
2024-08-01,Pune-12,Pune,Meena Patel,Maths,15,True,True,False,False
2024-08-01,Pune-12,Pune,Suresh Kumar,GK,15,True,True,True,False
2024-08-01,Delhi-05,Delhi,Suresh Kumar,GK,23,True,False,False,False
2024-08-01,Delhi-05,Delhi,Vikram Singh,Maths,23,True,True,True,True
2024-08-01,Delhi-05,Delhi,Rajesh Sharma,Maths,23,True,True,False,True
2024-08-01,Bangalore-07,Bangalore,Meena Patel,GK,31,True,True,True,True
2024-08-01,Bangalore-07,Bangalore,Anita Desai,GK,31,True,False,True,False
2024-08-01,Bangalore-07,Bangalore,Anita Desai,GK,31,True,False,False,False
2024-08-02,Pune-01,Pune,Suresh Kumar,Maths,32,True,True,False,True
2024-08-02,Pune-01,Pune,Suresh Kumar,Language,32,False,True,False,False
2024-08-02,Pune-01,Pune,Meena Patel,Language,32,False,False,False,True
2024-08-02,Pune-12,Pune,Vikram Singh,Maths,30,True,False,True,True
2024-08-02,Pune-12,Pune,Vikram Singh,Maths,30,True,False,True,False
2024-08-02,Pune-12,Pune,Rajesh Sharma,English,30,False,False,True,False
2024-08-02,Pune-12,Pune,Suresh Kumar,GK,30,True,False,True,False
2024-08-02,Mumbai-03,Mumbai,Vikram Singh,Maths,27,True,True,False,False
2024-08-02,Bangalore-07,Bangalore,Anita Desai,English,30,True,False,True,True
2024-08-03,Pune-01,Pune,Vikram Singh,English,24,True,False,False,False
2024-08-03,Pune-01,Pune,Meena Patel,GK,24,True,False,True,False
2024-08-03,Pune-12,Pune,Meena Patel,Maths,35,True,False,True,False
2024-08-03,Pune-12,Pune,Suresh Kumar,Maths,35,True,False,False,False
2024-08-03,Pune-12,Pune,Anita Desai,GK,35,True,True,True,False
2024-08-03,Mumbai-03,Mumbai,Vikram Singh,Language,34,True,False,False,False
2024-08-03,Mumbai-03,Mumbai,Suresh Kumar,Language,34,True,True,True,True
2024-08-03,Delhi-05,Delhi,Meena Patel,GK,34,True,False,False,True
2024-08-03,Delhi-05,Delhi,Anita Desai,English,34,False,False,True,False
2024-08-03,Bangalore-07,Bangalore,Suresh Kumar,Maths,18,True,False,True,False
2024-08-04,Pune-01,Pune,Meena Patel,GK,21,True,False,False,False
2024-08-04,Pune-12,Pune,Meena Patel,English,27,True,False,True,False
2024-08-04,Pune-12,Pune,Anita Desai,Language,27,False,False,False,False
2024-08-04,Pune-12,Pune,Rajesh Sharma,Language,27,True,True,False,False
2024-08-04,Pune-12,Pune,Vikram Singh,GK,27,True,False,False,True
2024-08-04,Mumbai-03,Mumbai,Suresh Kumar,GK,33,True,True,True,False
2024-08-04,Mumbai-03,Mumbai,Rajesh Sharma,English,33,False,True,False,True
2024-08-04,Delhi-05,Delhi,Vikram Singh,Language,39,False,False,True,False
2024-08-04,Delhi-05,Delhi,Suresh Kumar,Language,39,True,False,False,False
2024-08-04,Delhi-05,Delhi,Rajesh Sharma,Maths,39,True,False,True,False
2024-08-04,Delhi-05,Delhi,Meena Patel,GK,39,True,False,True,False
2024-08-05,Pune-12,Pune,Suresh Kumar,English,21,False,True,False,False
2024-08-05,Pune-12,Pune,Rajesh Sharma,Maths,21,True,True,False,False
2024-08-05,Pune-12,Pune,Meena Patel,English,21,False,True,True,True
2024-08-05,Pune-12,Pune,Suresh Kumar,GK,21,True,True,False,False
2024-08-05,Mumbai-03,Mumbai,Rajesh Sharma,Language,15,False,False,True,False
2024-08-05,Mumbai-03,Mumbai,Anita Desai,Maths,15,False,True,True,False
2024-08-05,Mumbai-03,Mumbai,Rajesh Sharma,Maths,15,True,True,True,False
2024-08-05,Mumbai-03,Mumbai,Meena Patel,GK,15,False,True,True,False
2024-08-05,Bangalore-07,Bangalore,Anita Desai,Maths,38,True,True,False,False
2024-08-05,Bangalore-07,Bangalore,Meena Patel,Language,38,True,True,False,False
2024-08-05,Bangalore-07,Bangalore,Vikram Singh,English,38,False,True,False,False
2024-08-05,Bangalore-07,Bangalore,Vikram Singh,GK,38,True,True,False,False
2024-08-06,Pune-01,Pune,Suresh Kumar,Maths,20,True,False,True,False
2024-08-06,Pune-01,Pune,Vikram Singh,Language,20,True,True,True,True
2024-08-06,Pune-01,Pune,Vikram Singh,GK,20,True,False,False,False
2024-08-06,Pune-12,Pune,Rajesh Sharma,GK,21,False,True,False,False
2024-08-06,Mumbai-03,Mumbai,Anita Desai,Maths,26,False,False,False,True
2024-08-06,Mumbai-03,Mumbai,Anita Desai,Language,26,True,False,True,False
2024-08-06,Mumbai-03,Mumbai,Suresh Kumar,English,26,True,False,True,False
2024-08-06,Mumbai-03,Mumbai,Rajesh Sharma,English,26,True,False,False,False
2024-08-06,Bangalore-07,Bangalore,Anita Desai,GK,22,True,False,False,True
2024-08-06,Bangalore-07,Bangalore,Meena Patel,English,22,False,False,False,False
2024-08-06,Bangalore-07,Bangalore,Rajesh Sharma,English,22,False,False,False,False
2024-08-06,Bangalore-07,Bangalore,Anita Desai,Language,22,True,True,True,False
2024-08-07,Pune-01,Pune,Meena Patel,English,39,True,True,True,False
2024-08-07,Pune-01,Pune,Anita Desai,English,39,True,True,False,True
2024-08-07,Pune-01,Pune,Anita Desai,Maths,39,True,False,False,False
2024-08-07,Pune-12,Pune,Rajesh Sharma,Maths,26,True,False,True,False
2024-08-07,Pune-12,Pune,Suresh Kumar,Language,26,False,False,False,False
2024-08-07,Pune-12,Pune,Rajesh Sharma,Language,26,True,False,False,True
2024-08-07,Mumbai-03,Mumbai,Suresh Kumar,Language,22,False,False,False,True
2024-08-07,Mumbai-03,Mumbai,Vikram Singh,Maths,22,True,True,True,True
2024-08-07,Mumbai-03,Mumbai,Anita Desai,GK,22,False,True,False,True
2024-08-07,Mumbai-03,Mumbai,Vikram Singh,Maths,22,True,True,True,True
2024-08-07,Delhi-05,Delhi,Rajesh Sharma,Language,29,False,True,False,False
2024-08-07,Delhi-05,Delhi,Vikram Singh,Maths,29,True,False,True,False
2024-08-07,Bangalore-07,Bangalore,Suresh Kumar,English,29,True,False,True,True
2024-08-07,Bangalore-07,Bangalore,Suresh Kumar,GK,29,False,False,True,True
2024-08-08,Bangalore-07,Bangalore,Rajesh Sharma,Language,32,True,False,False,False
2024-08-08,Bangalore-07,Bangalore,Vikram Singh,Maths,32,True,False,True,False
2024-08-08,Bangalore-07,Bangalore,Suresh Kumar,GK,32,True,False,True,True
2024-08-09,Pune-01,Pune,Anita Desai,Language,18,False,False,True,False
2024-08-09,Pune-01,Pune,Meena Patel,English,18,False,False,True,True
2024-08-09,Pune-12,Pune,Vikram Singh,English,21,True,False,True,True
2024-08-09,Pune-12,Pune,Suresh Kumar,Maths,21,True,False,False,False
2024-08-09,Pune-12,Pune,Vikram Singh,English,21,True,True,True,True
2024-08-09,Mumbai-03,Mumbai,Suresh Kumar,English,25,True,False,False,False
2024-08-09,Mumbai-03,Mumbai,Anita Desai,English,25,True,False,True,False
2024-08-09,Delhi-05,Delhi,Meena Patel,GK,35,True,False,False,True
2024-08-10,Mumbai-03,Mumbai,Suresh Kumar,English,29,False,False,False,False
2024-08-10,Mumbai-03,Mumbai,Anita Desai,English,29,True,True,False,False
2024-08-10,Delhi-05,Delhi,Suresh Kumar,Maths,34,True,True,True,True
2024-08-10,Delhi-05,Delhi,Meena Patel,English,34,True,True,False,False
2024-08-10,Delhi-05,Delhi,Rajesh Sharma,Language,34,True,False,True,False
2024-08-11,Pune-01,Pune,Rajesh Sharma,GK,19,True,True,False,False
2024-08-11,Pune-01,Pune,Anita Desai,English,19,True,True,True,False
2024-08-11,Pune-01,Pune,Rajesh Sharma,English,19,True,True,True,False
2024-08-11,Pune-01,Pune,Anita Desai,Language,19,False,True,True,False
2024-08-11,Pune-12,Pune,Meena Patel,Maths,19,False,True,False,True
2024-08-11,Pune-12,Pune,Suresh Kumar,Language,19,True,False,True,False
2024-08-11,Mumbai-03,Mumbai,Rajesh Sharma,English,38,False,True,True,False
2024-08-11,Mumbai-03,Mumbai,Anita Desai,Language,38,False,True,True,False
2024-08-11,Mumbai-03,Mumbai,Suresh Kumar,GK,38,True,True,True,False
2024-08-11,Delhi-05,Delhi,Rajesh Sharma,Language,35,True,False,False,False
2024-08-11,Bangalore-07,Bangalore,Vikram Singh,English,17,False,False,True,True
2024-08-12,Pune-01,Pune,Rajesh Sharma,GK,34,True,True,False,True
2024-08-12,Pune-01,Pune,Meena Patel,GK,34,False,True,True,True
2024-08-12,Pune-01,Pune,Suresh Kumar,GK,34,False,False,False,False
2024-08-12,Mumbai-03,Mumbai,Vikram Singh,Maths,35,False,True,False,False
2024-08-12,Mumbai-03,Mumbai,Anita Desai,Maths,35,True,False,False,False
2024-08-12,Mumbai-03,Mumbai,Suresh Kumar,Language,35,True,False,True,False
2024-08-12,Delhi-05,Delhi,Suresh Kumar,English,34,False,True,True,False
2024-08-12,Delhi-05,Delhi,Anita Desai,English,34,True,True,True,True
2024-08-12,Delhi-05,Delhi,Rajesh Sharma,Maths,34,False,True,False,False
2024-08-13,Pune-01,Pune,Anita Desai,GK,23,True,False,False,False
2024-08-13,Pune-12,Pune,Rajesh Sharma,Maths,33,True,False,True,False
2024-08-13,Mumbai-03,Mumbai,Suresh Kumar,English,26,False,False,True,False
2024-08-13,Mumbai-03,Mumbai,Meena Patel,Language,26,True,False,False,False
2024-08-13,Mumbai-03,Mumbai,Suresh Kumar,Language,26,True,False,True,False
2024-08-13,Delhi-05,Delhi,Anita Desai,Language,36,False,True,False,False
2024-08-13,Delhi-05,Delhi,Vikram Singh,English,36,True,True,False,False
2024-08-13,Delhi-05,Delhi,Vikram Singh,English,36,True,False,False,False
2024-08-13,Delhi-05,Delhi,Suresh Kumar,Maths,36,True,False,False,False
2024-08-14,Pune-01,Pune,Suresh Kumar,Maths,20,True,False,False,True
2024-08-14,Pune-12,Pune,Meena Patel,GK,32,True,False,True,True
2024-08-14,Mumbai-03,Mumbai,Vikram Singh,Language,21,False,True,False,True
2024-08-14,Mumbai-03,Mumbai,Anita Desai,GK,21,True,True,False,False
2024-08-14,Mumbai-03,Mumbai,Vikram Singh,English,21,True,False,False,False
2024-08-14,Mumbai-03,Mumbai,Meena Patel,Maths,21,False,False,True,False
2024-08-14,Delhi-05,Delhi,Anita Desai,English,20,True,False,True,False
2024-08-14,Delhi-05,Delhi,Vikram Singh,Language,20,True,False,True,True
2024-08-14,Bangalore-07,Bangalore,Suresh Kumar,GK,35,False,False,True,False
2024-08-14,Bangalore-07,Bangalore,Suresh Kumar,Maths,35,True,False,False,False
2024-08-14,Bangalore-07,Bangalore,Anita Desai,Language,35,True,False,True,True
2024-08-14,Bangalore-07,Bangalore,Vikram Singh,Maths,35,True,True,True,False
2024-08-15,Pune-12,Pune,Rajesh Sharma,Maths,25,True,False,False,False
2024-08-15,Pune-12,Pune,Anita Desai,GK,25,True,True,True,True
2024-08-15,Pune-12,Pune,Rajesh Sharma,Maths,25,False,False,False,False
2024-08-15,Pune-12,Pune,Vikram Singh,GK,25,False,False,True,False
2024-08-15,Mumbai-03,Mumbai,Suresh Kumar,Language,18,False,False,True,False
2024-08-15,Mumbai-03,Mumbai,Meena Patel,GK,18,True,False,True,False
2024-08-15,Mumbai-03,Mumbai,Anita Desai,English,18,False,False,False,False
2024-08-15,Mumbai-03,Mumbai,Meena Patel,Maths,18,False,True,True,False
2024-08-15,Delhi-05,Delhi,Rajesh Sharma,GK,24,False,True,False,False
2024-08-15,Delhi-05,Delhi,Meena Patel,English,24,False,False,False,False
2024-08-15,Delhi-05,Delhi,Suresh Kumar,Language,24,True,False,True,True
2024-08-16,Pune-01,Pune,Suresh Kumar,GK,15,True,True,True,False
2024-08-16,Pune-01,Pune,Vikram Singh,Maths,15,True,False,True,False
2024-08-16,Pune-01,Pune,Suresh Kumar,English,15,True,True,False,False
2024-08-16,Mumbai-03,Mumbai,Suresh Kumar,Language,26,True,True,False,False
2024-08-16,Mumbai-03,Mumbai,Vikram Singh,English,26,False,False,True,False
2024-08-16,Mumbai-03,Mumbai,Anita Desai,Maths,26,True,False,True,True
2024-08-16,Delhi-05,Delhi,Meena Patel,Language,25,True,False,True,False
2024-08-16,Delhi-05,Delhi,Meena Patel,GK,25,True,False,False,False
2024-08-16,Delhi-05,Delhi,Suresh Kumar,GK,25,True,True,True,False
2024-08-16,Delhi-05,Delhi,Suresh Kumar,English,25,True,False,True,False
2024-08-16,Bangalore-07,Bangalore,Vikram Singh,GK,19,True,False,True,False
2024-08-16,Bangalore-07,Bangalore,Meena Patel,GK,19,True,False,False,False
2024-08-17,Pune-01,Pune,Vikram Singh,GK,24,False,True,False,False
2024-08-17,Pune-01,Pune,Vikram Singh,GK,24,True,True,False,False
2024-08-17,Pune-12,Pune,Rajesh Sharma,GK,37,True,False,True,False
2024-08-17,Delhi-05,Delhi,Rajesh Sharma,Maths,32,True,False,True,False
2024-08-17,Delhi-05,Delhi,Meena Patel,GK,32,True,False,True,False
2024-08-17,Delhi-05,Delhi,Rajesh Sharma,English,32,True,False,False,False
2024-08-17,Delhi-05,Delhi,Vikram Singh,English,32,True,True,True,True
2024-08-17,Bangalore-07,Bangalore,Anita Desai,Language,32,True,False,True,True
2024-08-18,Pune-01,Pune,Anita Desai,GK,36,False,True,True,False
2024-08-18,Pune-01,Pune,Meena Patel,English,36,True,False,False,True
2024-08-18,Pune-01,Pune,Anita Desai,English,36,False,False,False,True
2024-08-18,Pune-12,Pune,Suresh Kumar,Language,37,True,False,True,False
2024-08-18,Pune-12,Pune,Suresh Kumar,Language,37,True,False,True,True
2024-08-18,Pune-12,Pune,Anita Desai,Maths,37,True,False,True,True
2024-08-18,Pune-12,Pune,Meena Patel,Language,37,True,True,True,True
2024-08-18,Mumbai-03,Mumbai,Suresh Kumar,English,19,True,False,True,False
2024-08-18,Delhi-05,Delhi,Anita Desai,Maths,32,True,False,True,False
2024-08-18,Delhi-05,Delhi,Anita Desai,English,32,False,False,False,False
2024-08-18,Delhi-05,Delhi,Rajesh Sharma,Language,32,True,False,False,False
2024-08-18,Delhi-05,Delhi,Meena Patel,Maths,32,True,True,False,True
2024-08-18,Bangalore-07,Bangalore,Meena Patel,GK,29,True,True,False,False
2024-08-18,Bangalore-07,Bangalore,Vikram Singh,GK,29,False,False,False,False
2024-08-19,Pune-01,Pune,Rajesh Sharma,Language,23,False,False,True,False
2024-08-19,Pune-01,Pune,Rajesh Sharma,GK,23,False,False,False,False
2024-08-19,Pune-12,Pune,Rajesh Sharma,Maths,39,False,False,False,False
2024-08-20,Pune-12,Pune,Anita Desai,Language,28,False,True,False,True
2024-08-20,Mumbai-03,Mumbai,Anita Desai,Maths,22,False,True,True,True
2024-08-20,Mumbai-03,Mumbai,Meena Patel,GK,22,True,False,True,False
2024-08-20,Delhi-05,Delhi,Rajesh Sharma,Language,20,True,True,False,False
2024-08-20,Bangalore-07,Bangalore,Vikram Singh,Language,30,True,True,False,False
2024-08-21,Pune-12,Pune,Meena Patel,Maths,31,True,False,True,False
2024-08-21,Pune-12,Pune,Suresh Kumar,Maths,31,False,False,True,False
2024-08-21,Pune-12,Pune,Vikram Singh,English,31,True,False,False,False
2024-08-21,Pune-12,Pune,Vikram Singh,Maths,31,False,True,True,False
2024-08-21,Mumbai-03,Mumbai,Anita Desai,Maths,30,True,True,False,True
2024-08-21,Mumbai-03,Mumbai,Meena Patel,Language,30,True,True,False,False
2024-08-21,Mumbai-03,Mumbai,Anita Desai,Maths,30,True,False,False,True
2024-08-21,Mumbai-03,Mumbai,Vikram Singh,Language,30,True,False,False,True
2024-08-22,Pune-01,Pune,Rajesh Sharma,GK,22,True,False,True,True
2024-08-22,Pune-01,Pune,Meena Patel,English,22,False,False,False,False
2024-08-22,Pune-01,Pune,Rajesh Sharma,Maths,22,True,False,False,False
2024-08-22,Pune-01,Pune,Anita Desai,English,22,False,False,False,False
2024-08-22,Pune-12,Pune,Meena Patel,English,39,True,True,True,True
2024-08-22,Mumbai-03,Mumbai,Rajesh Sharma,GK,35,True,False,True,True
2024-08-22,Delhi-05,Delhi,Suresh Kumar,Maths,24,True,False,False,False
2024-08-22,Bangalore-07,Bangalore,Suresh Kumar,English,26,True,False,False,True
2024-08-22,Bangalore-07,Bangalore,Meena Patel,GK,26,True,False,True,False
2024-08-22,Bangalore-07,Bangalore,Rajesh Sharma,Maths,26,True,False,False,False
2024-08-22,Bangalore-07,Bangalore,Anita Desai,Language,26,True,False,False,True
2024-08-23,Pune-01,Pune,Meena Patel,GK,38,True,True,True,False
2024-08-23,Pune-01,Pune,Meena Patel,English,38,False,False,False,False
2024-08-23,Pune-01,Pune,Meena Patel,GK,38,True,False,True,False
2024-08-23,Pune-01,Pune,Anita Desai,GK,38,True,False,False,False
2024-08-23,Mumbai-03,Mumbai,Vikram Singh,Language,31,False,True,True,False
2024-08-23,Mumbai-03,Mumbai,Vikram Singh,GK,31,True,True,True,True
2024-08-23,Mumbai-03,Mumbai,Meena Patel,Maths,31,True,False,False,False
2024-08-23,Bangalore-07,Bangalore,Anita Desai,English,20,True,True,False,False
2024-08-23,Bangalore-07,Bangalore,Suresh Kumar,Language,20,True,True,False,False
2024-08-24,Pune-01,Pune,Vikram Singh,Maths,30,True,False,False,False
2024-08-24,Pune-01,Pune,Anita Desai,Language,30,True,False,True,True
2024-08-24,Pune-01,Pune,Meena Patel,GK,30,True,False,True,True
2024-08-24,Pune-01,Pune,Vikram Singh,Language,30,True,True,True,False
2024-08-24,Mumbai-03,Mumbai,Vikram Singh,Language,24,True,False,True,False
2024-08-24,Mumbai-03,Mumbai,Suresh Kumar,Maths,24,True,False,True,True
2024-08-24,Mumbai-03,Mumbai,Vikram Singh,Maths,24,True,False,False,True
2024-08-24,Mumbai-03,Mumbai,Anita Desai,Language,24,True,False,True,False
2024-08-24,Bangalore-07,Bangalore,Meena Patel,GK,16,False,False,True,False
2024-08-24,Bangalore-07,Bangalore,Vikram Singh,Maths,16,True,False,True,False
2024-08-24,Bangalore-07,Bangalore,Vikram Singh,GK,16,False,True,True,False
2024-08-24,Bangalore-07,Bangalore,Anita Desai,Language,16,True,False,False,True
2024-08-25,Pune-01,Pune,Anita Desai,Maths,20,True,False,True,False
2024-08-25,Pune-12,Pune,Vikram Singh,English,22,True,True,True,False
2024-08-25,Pune-12,Pune,Rajesh Sharma,Maths,22,True,False,False,True
2024-08-25,Delhi-05,Delhi,Suresh Kumar,English,16,True,False,True,False
2024-08-25,Bangalore-07,Bangalore,Vikram Singh,Language,34,True,True,True,False
2024-08-25,Bangalore-07,Bangalore,Suresh Kumar,Language,34,True,False,True,True
2024-08-26,Pune-01,Pune,Suresh Kumar,Maths,24,True,False,False,False
2024-08-26,Pune-01,Pune,Suresh Kumar,GK,24,False,True,False,False
2024-08-26,Pune-01,Pune,Vikram Singh,Maths,24,True,True,False,True
2024-08-26,Pune-01,Pune,Suresh Kumar,Language,24,True,False,True,False
2024-08-26,Pune-12,Pune,Rajesh Sharma,GK,17,True,True,False,False
2024-08-26,Pune-12,Pune,Anita Desai,English,17,True,False,False,False
2024-08-26,Pune-12,Pune,Rajesh Sharma,English,17,True,False,True,True
2024-08-26,Mumbai-03,Mumbai,Rajesh Sharma,GK,28,True,False,True,False
2024-08-26,Mumbai-03,Mumbai,Suresh Kumar,English,28,True,True,True,False
2024-08-26,Mumbai-03,Mumbai,Suresh Kumar,English,28,True,True,True,True
2024-08-26,Delhi-05,Delhi,Vikram Singh,Language,21,True,False,True,True
2024-08-26,Delhi-05,Delhi,Rajesh Sharma,Maths,21,True,False,True,False
2024-08-26,Delhi-05,Delhi,Suresh Kumar,GK,21,False,False,True,False
2024-08-26,Bangalore-07,Bangalore,Meena Patel,Language,22,True,True,True,False
2024-08-26,Bangalore-07,Bangalore,Anita Desai,GK,22,False,True,False,True
2024-08-26,Bangalore-07,Bangalore,Vikram Singh,Maths,22,False,True,True,False
2024-08-27,Pune-01,Pune,Suresh Kumar,Language,32,True,False,False,False
2024-08-27,Pune-01,Pune,Meena Patel,GK,32,True,False,False,True
2024-08-27,Pune-01,Pune,Rajesh Sharma,Language,32,True,True,True,False
2024-08-27,Pune-01,Pune,Anita Desai,Language,32,True,False,True,True
2024-08-27,Pune-12,Pune,Suresh Kumar,English,16,False,False,False,True
2024-08-27,Pune-12,Pune,Anita Desai,Language,16,True,False,False,False
2024-08-27,Delhi-05,Delhi,Vikram Singh,Language,36,False,False,False,True
2024-08-27,Bangalore-07,Bangalore,Vikram Singh,Language,31,True,False,True,False
2024-08-28,Pune-01,Pune,Anita Desai,Maths,28,False,True,True,False
2024-08-28,Pune-12,Pune,Vikram Singh,English,17,True,True,False,True
2024-08-28,Pune-12,Pune,Suresh Kumar,English,17,False,False,True,False
2024-08-28,Pune-12,Pune,Anita Desai,Language,17,True,True,False,False
2024-08-28,Mumbai-03,Mumbai,Suresh Kumar,GK,24,False,True,False,False
2024-08-28,Mumbai-03,Mumbai,Meena Patel,GK,24,True,True,True,True
2024-08-28,Delhi-05,Delhi,Suresh Kumar,Language,37,True,False,True,False
2024-08-28,Delhi-05,Delhi,Suresh Kumar,English,37,False,False,True,True
2024-08-28,Delhi-05,Delhi,Suresh Kumar,English,37,True,False,False,False
2024-08-28,Bangalore-07,Bangalore,Vikram Singh,Language,33,True,False,False,False
2024-08-28,Bangalore-07,Bangalore,Meena Patel,Language,33,True,False,False,False
2024-08-28,Bangalore-07,Bangalore,Meena Patel,GK,33,False,False,False,False
2024-08-28,Bangalore-07,Bangalore,Meena Patel,English,33,True,True,True,True
2024-08-29,Pune-01,Pune,Suresh Kumar,English,31,True,True,True,True
2024-08-29,Pune-01,Pune,Meena Patel,GK,31,False,True,True,False
2024-08-29,Pune-12,Pune,Meena Patel,Maths,33,False,False,False,False
2024-08-29,Mumbai-03,Mumbai,Anita Desai,English,18,False,True,False,False
2024-08-29,Mumbai-03,Mumbai,Rajesh Sharma,Maths,18,True,False,False,False
2024-08-29,Mumbai-03,Mumbai,Suresh Kumar,GK,18,True,False,True,False
2024-08-29,Delhi-05,Delhi,Meena Patel,English,30,True,False,True,True
2024-08-29,Bangalore-07,Bangalore,Rajesh Sharma,Language,38,False,False,False,False
2024-08-30,Pune-01,Pune,Meena Patel,Language,35,True,False,False,False
2024-08-30,Pune-01,Pune,Rajesh Sharma,English,35,True,False,True,True
2024-08-30,Pune-01,Pune,Rajesh Sharma,English,35,True,False,False,False
2024-08-30,Pune-01,Pune,Suresh Kumar,English,35,False,False,True,False
2024-08-30,Pune-12,Pune,Anita Desai,English,27,False,False,False,False
2024-08-30,Mumbai-03,Mumbai,Rajesh Sharma,English,38,False,True,True,False
2024-08-30,Mumbai-03,Mumbai,Vikram Singh,GK,38,True,False,True,False
2024-08-30,Mumbai-03,Mumbai,Rajesh Sharma,English,38,True,False,True,False
2024-08-30,Mumbai-03,Mumbai,Meena Patel,GK,38,False,True,False,True
2024-08-30,Delhi-05,Delhi,Meena Patel,Maths,26,True,False,True,False
2024-08-30,Delhi-05,Delhi,Suresh Kumar,GK,26,False,False,True,True
2024-08-30,Bangalore-07,Bangalore,Suresh Kumar,Maths,33,True,False,True,False
2024-08-30,Bangalore-07,Bangalore,Vikram Singh,Language,33,True,False,False,False
2024-08-31,Mumbai-03,Mumbai,Anita Desai,GK,21,True,True,True,False
2024-08-31,Mumbai-03,Mumbai,Vikram Singh,GK,21,True,False,True,False
2024-08-31,Delhi-05,Delhi,Suresh Kumar,GK,36,False,False,False,True
2024-08-31,Delhi-05,Delhi,Meena Patel,English,36,False,False,True,True
2024-08-31,Delhi-05,Delhi,Rajesh Sharma,English,36,True,True,False,False
2024-08-31,Bangalore-07,Bangalore,Meena Patel,Maths,16,False,True,True,False
2024-08-31,Bangalore-07,Bangalore,Anita Desai,English,16,True,True,False,False
2024-09-01,Pune-01,Pune,Rajesh Sharma,English,29,True,False,True,False
2024-09-01,Pune-01,Pune,Rajesh Sharma,GK,29,True,True,False,False
2024-09-01,Pune-12,Pune,Suresh Kumar,Language,38,False,True,True,False
2024-09-01,Pune-12,Pune,Meena Patel,GK,38,True,False,True,True
2024-09-01,Mumbai-03,Mumbai,Rajesh Sharma,GK,19,False,True,False,False
2024-09-01,Mumbai-03,Mumbai,Anita Desai,English,19,False,False,True,False
2024-09-01,Delhi-05,Delhi,Rajesh Sharma,GK,33,True,False,True,False
2024-09-01,Delhi-05,Delhi,Vikram Singh,Maths,33,True,False,False,True
2024-09-01,Bangalore-07,Bangalore,Rajesh Sharma,GK,16,False,True,True,False
2024-09-02,Pune-01,Pune,Meena Patel,GK,27,True,True,True,False
2024-09-02,Pune-12,Pune,Rajesh Sharma,Maths,23,False,True,True,True
2024-09-02,Pune-12,Pune,Vikram Singh,GK,23,False,False,True,False
2024-09-02,Pune-12,Pune,Meena Patel,GK,23,True,False,False,False
2024-09-02,Pune-12,Pune,Rajesh Sharma,GK,23,True,False,False,False
2024-09-02,Delhi-05,Delhi,Anita Desai,Maths,26,True,False,False,True
2024-09-02,Delhi-05,Delhi,Vikram Singh,GK,26,True,False,False,True
2024-09-02,Delhi-05,Delhi,Vikram Singh,English,26,False,True,True,True
2024-09-02,Delhi-05,Delhi,Rajesh Sharma,English,26,True,False,True,False
2024-09-02,Bangalore-07,Bangalore,Meena Patel,GK,17,True,False,False,False
2024-09-02,Bangalore-07,Bangalore,Anita Desai,Language,17,True,False,False,False
2024-09-02,Bangalore-07,Bangalore,Anita Desai,Language,17,False,False,False,False
2024-09-03,Pune-01,Pune,Meena Patel,English,28,True,False,True,False
2024-09-03,Pune-12,Pune,Vikram Singh,English,20,True,False,True,False
2024-09-03,Pune-12,Pune,Vikram Singh,English,20,True,True,True,False
2024-09-03,Bangalore-07,Bangalore,Anita Desai,English,30,True,False,True,True
2024-09-03,Bangalore-07,Bangalore,Anita Desai,Language,30,True,False,True,False
2024-09-03,Bangalore-07,Bangalore,Vikram Singh,Maths,30,False,True,True,False
2024-09-03,Bangalore-07,Bangalore,Suresh Kumar,Maths,30,True,True,True,True
2024-09-04,Pune-01,Pune,Vikram Singh,GK,36,False,False,True,True
2024-09-04,Pune-01,Pune,Anita Desai,English,36,True,True,True,True
2024-09-04,Pune-01,Pune,Rajesh Sharma,Language,36,True,False,False,False
2024-09-04,Pune-01,Pune,Vikram Singh,English,36,False,False,True,True
2024-09-04,Mumbai-03,Mumbai,Rajesh Sharma,Language,29,False,True,True,False
2024-09-04,Mumbai-03,Mumbai,Anita Desai,English,29,False,True,False,False
2024-09-04,Mumbai-03,Mumbai,Anita Desai,Maths,29,True,False,True,True
2024-09-04,Mumbai-03,Mumbai,Rajesh Sharma,English,29,False,True,False,False
2024-09-04,Delhi-05,Delhi,Rajesh Sharma,Maths,26,False,False,False,False
2024-09-04,Delhi-05,Delhi,Vikram Singh,English,26,False,True,True,False
2024-09-04,Delhi-05,Delhi,Anita Desai,English,26,True,True,True,True
2024-09-05,Pune-01,Pune,Rajesh Sharma,Maths,33,True,False,True,True
2024-09-05,Pune-12,Pune,Meena Patel,GK,39,True,False,False,False
2024-09-05,Pune-12,Pune,Meena Patel,Maths,39,True,False,True,False
2024-09-05,Pune-12,Pune,Meena Patel,Maths,39,True,True,True,True
2024-09-05,Mumbai-03,Mumbai,Rajesh Sharma,Language,25,True,False,False,False
2024-09-05,Mumbai-03,Mumbai,Vikram Singh,English,25,True,True,True,False
2024-09-05,Delhi-05,Delhi,Vikram Singh,Language,23,True,True,True,False
2024-09-05,Delhi-05,Delhi,Vikram Singh,GK,23,False,True,True,False
2024-09-05,Delhi-05,Delhi,Vikram Singh,Language,23,True,False,True,True
2024-09-05,Delhi-05,Delhi,Anita Desai,Maths,23,False,True,True,False
2024-09-05,Bangalore-07,Bangalore,Vikram Singh,English,25,True,True,True,False
2024-09-06,Pune-01,Pune,Rajesh Sharma,English,16,False,True,False,True
2024-09-06,Pune-12,Pune,Suresh Kumar,Language,18,True,False,True,False
2024-09-06,Pune-12,Pune,Anita Desai,Language,18,True,False,True,False
2024-09-06,Pune-12,Pune,Meena Patel,GK,18,True,False,False,True
2024-09-06,Delhi-05,Delhi,Suresh Kumar,GK,31,True,True,True,False
2024-09-06,Delhi-05,Delhi,Meena Patel,English,31,True,False,True,False
2024-09-07,Pune-01,Pune,Anita Desai,GK,31,True,True,True,False
2024-09-07,Pune-01,Pune,Vikram Singh,Maths,31,True,True,False,False
2024-09-07,Pune-01,Pune,Anita Desai,English,31,False,False,False,True
2024-09-07,Pune-01,Pune,Suresh Kumar,GK,31,True,False,False,False
2024-09-07,Pune-12,Pune,Vikram Singh,GK,37,False,False,False,True
2024-09-07,Mumbai-03,Mumbai,Vikram Singh,Maths,25,False,False,False,False
2024-09-07,Mumbai-03,Mumbai,Anita Desai,GK,25,True,False,True,False
2024-09-07,Mumbai-03,Mumbai,Vikram Singh,Maths,25,True,False,False,False
2024-09-07,Bangalore-07,Bangalore,Suresh Kumar,Language,24,True,False,True,True
2024-09-07,Bangalore-07,Bangalore,Meena Patel,GK,24,True,True,True,False
2024-09-07,Bangalore-07,Bangalore,Rajesh Sharma,Language,24,True,True,False,False
2024-09-07,Bangalore-07,Bangalore,Rajesh Sharma,English,24,True,False,True,False
2024-09-08,Pune-01,Pune,Rajesh Sharma,Language,39,False,False,True,True
2024-09-08,Pune-01,Pune,Vikram Singh,Language,39,True,False,False,False
2024-09-08,Pune-01,Pune,Vikram Singh,Language,39,True,False,False,False
2024-09-08,Pune-12,Pune,Meena Patel,Language,17,True,False,False,False
2024-09-08,Pune-12,Pune,Rajesh Sharma,GK,17,True,True,True,False
2024-09-08,Pune-12,Pune,Anita Desai,Language,17,False,False,True,True
2024-09-08,Mumbai-03,Mumbai,Vikram Singh,Language,33,True,False,True,False
2024-09-08,Mumbai-03,Mumbai,Suresh Kumar,GK,33,True,False,True,False
2024-09-08,Bangalore-07,Bangalore,Suresh Kumar,GK,34,True,True,False,True
2024-09-09,Pune-01,Pune,Suresh Kumar,GK,25,True,True,False,False
2024-09-09,Pune-01,Pune,Meena Patel,English,25,True,True,False,False
2024-09-09,Pune-12,Pune,Meena Patel,GK,33,False,False,False,False
2024-09-09,Pune-12,Pune,Suresh Kumar,GK,33,True,False,True,False
2024-09-09,Delhi-05,Delhi,Suresh Kumar,Maths,37,True,True,False,True
2024-09-09,Delhi-05,Delhi,Vikram Singh,Language,37,True,False,True,False
2024-09-09,Delhi-05,Delhi,Suresh Kumar,Language,37,True,False,False,False
2024-09-09,Delhi-05,Delhi,Meena Patel,Maths,37,False,False,True,False
2024-09-09,Bangalore-07,Bangalore,Rajesh Sharma,English,38,True,True,True,False
2024-09-09,Bangalore-07,Bangalore,Meena Patel,Language,38,False,True,False,False
2024-09-10,Pune-01,Pune,Vikram Singh,Maths,23,False,False,False,False
2024-09-10,Pune-01,Pune,Anita Desai,GK,23,True,True,False,False
2024-09-10,Pune-01,Pune,Anita Desai,English,23,False,False,True,False
2024-09-10,Pune-01,Pune,Anita Desai,Maths,23,False,True,False,False
2024-09-10,Pune-12,Pune,Rajesh Sharma,GK,20,False,False,False,False
2024-09-10,Mumbai-03,Mumbai,Rajesh Sharma,Maths,29,False,True,False,True
2024-09-10,Delhi-05,Delhi,Vikram Singh,Language,19,True,False,False,True
2024-09-10,Delhi-05,Delhi,Suresh Kumar,GK,19,True,False,False,False
2024-09-10,Delhi-05,Delhi,Anita Desai,English,19,False,False,True,False
2024-09-10,Delhi-05,Delhi,Suresh Kumar,Language,19,True,False,False,True
2024-09-10,Bangalore-07,Bangalore,Suresh Kumar,GK,30,True,True,True,False
2024-09-10,Bangalore-07,Bangalore,Suresh Kumar,Maths,30,True,False,False,False
2024-09-10,Bangalore-07,Bangalore,Vikram Singh,Language,30,True,True,False,False
2024-09-10,Bangalore-07,Bangalore,Suresh Kumar,Maths,30,True,False,True,True
2024-09-11,Pune-01,Pune,Suresh Kumar,Language,17,True,True,True,False
2024-09-11,Pune-12,Pune,Vikram Singh,GK,16,False,False,True,False
2024-09-11,Pune-12,Pune,Meena Patel,Maths,16,True,False,True,False
2024-09-11,Pune-12,Pune,Vikram Singh,GK,16,False,False,True,False
2024-09-11,Delhi-05,Delhi,Vikram Singh,Language,38,True,False,True,False
2024-09-11,Delhi-05,Delhi,Vikram Singh,GK,38,True,False,True,False
2024-09-11,Bangalore-07,Bangalore,Vikram Singh,Language,33,True,False,False,False
2024-09-11,Bangalore-07,Bangalore,Vikram Singh,Maths,33,False,False,False,False
2024-09-12,Pune-12,Pune,Rajesh Sharma,Language,16,True,False,True,False
2024-09-12,Mumbai-03,Mumbai,Suresh Kumar,Maths,27,False,True,False,True
2024-09-12,Delhi-05,Delhi,Meena Patel,GK,36,False,False,False,False
2024-09-12,Bangalore-07,Bangalore,Suresh Kumar,GK,26,False,False,True,False
2024-09-12,Bangalore-07,Bangalore,Suresh Kumar,GK,26,False,False,False,False
2024-09-13,Pune-01,Pune,Meena Patel,Maths,34,True,True,True,False
2024-09-13,Pune-01,Pune,Vikram Singh,English,34,True,True,True,False
2024-09-13,Pune-01,Pune,Vikram Singh,English,34,False,False,False,False
2024-09-13,Pune-01,Pune,Anita Desai,Language,34,False,False,True,False
2024-09-13,Pune-12,Pune,Meena Patel,English,25,False,False,False,False
2024-09-13,Pune-12,Pune,Suresh Kumar,Language,25,False,True,True,True
2024-09-13,Mumbai-03,Mumbai,Suresh Kumar,Maths,28,False,False,False,False
2024-09-13,Mumbai-03,Mumbai,Vikram Singh,Language,28,True,False,False,False
2024-09-13,Delhi-05,Delhi,Suresh Kumar,English,36,True,False,False,False
2024-09-13,Delhi-05,Delhi,Rajesh Sharma,Maths,36,False,False,True,True
2024-09-13,Delhi-05,Delhi,Anita Desai,GK,36,True,True,True,False
2024-09-13,Delhi-05,Delhi,Suresh Kumar,Maths,36,False,True,True,False
2024-09-13,Bangalore-07,Bangalore,Meena Patel,GK,18,False,False,True,True
2024-09-13,Bangalore-07,Bangalore,Anita Desai,Language,18,True,False,False,False
2024-09-13,Bangalore-07,Bangalore,Meena Patel,English,18,True,True,False,False
2024-09-13,Bangalore-07,Bangalore,Meena Patel,Language,18,True,True,True,True
2024-09-14,Pune-01,Pune,Rajesh Sharma,GK,33,False,False,False,False
2024-09-14,Mumbai-03,Mumbai,Meena Patel,Language,27,False,False,True,False
2024-09-14,Delhi-05,Delhi,Meena Patel,Maths,34,False,True,True,True
2024-09-14,Delhi-05,Delhi,Vikram Singh,English,34,True,False,True,False
2024-09-14,Delhi-05,Delhi,Rajesh Sharma,English,34,True,False,False,True
2024-09-15,Pune-01,Pune,Suresh Kumar,Maths,28,False,True,True,False
2024-09-15,Pune-01,Pune,Rajesh Sharma,English,28,True,False,False,False
2024-09-15,Pune-01,Pune,Anita Desai,Language,28,True,False,True,False
2024-09-15,Mumbai-03,Mumbai,Suresh Kumar,Maths,26,True,True,False,False
2024-09-15,Mumbai-03,Mumbai,Meena Patel,Language,26,False,False,False,False
2024-09-15,Mumbai-03,Mumbai,Suresh Kumar,English,26,True,False,False,False
2024-09-15,Delhi-05,Delhi,Meena Patel,GK,17,True,False,False,False
2024-09-15,Bangalore-07,Bangalore,Meena Patel,English,39,True,False,False,False
2024-09-15,Bangalore-07,Bangalore,Vikram Singh,Language,39,False,False,True,False
2024-09-15,Bangalore-07,Bangalore,Meena Patel,Language,39,False,True,True,False
2024-09-16,Pune-01,Pune,Anita Desai,Maths,20,False,False,True,False
2024-09-16,Pune-01,Pune,Suresh Kumar,Language,20,True,True,True,True
2024-09-16,Pune-01,Pune,Meena Patel,GK,20,False,False,False,False
2024-09-16,Pune-01,Pune,Vikram Singh,Language,20,True,True,True,True
2024-09-16,Pune-12,Pune,Vikram Singh,GK,18,True,False,False,True
2024-09-16,Mumbai-03,Mumbai,Vikram Singh,Maths,23,False,True,True,False
2024-09-16,Delhi-05,Delhi,Suresh Kumar,Maths,24,True,False,True,True
2024-09-16,Delhi-05,Delhi,Rajesh Sharma,GK,24,True,False,True,False
2024-09-16,Bangalore-07,Bangalore,Suresh Kumar,Language,23,True,True,True,False
2024-09-16,Bangalore-07,Bangalore,Vikram Singh,Language,23,False,False,True,False
2024-09-16,Bangalore-07,Bangalore,Vikram Singh,Maths,23,True,False,True,True
2024-09-17,Pune-01,Pune,Meena Patel,Language,33,True,False,True,True
2024-09-17,Pune-01,Pune,Vikram Singh,Maths,33,True,False,True,False
2024-09-17,Pune-01,Pune,Meena Patel,GK,33,True,True,False,True
2024-09-17,Pune-01,Pune,Suresh Kumar,GK,33,True,True,True,False
2024-09-17,Pune-12,Pune,Rajesh Sharma,Maths,22,True,False,False,False
2024-09-18,Pune-01,Pune,Vikram Singh,GK,37,False,False,False,False
2024-09-18,Pune-12,Pune,Anita Desai,GK,21,True,False,False,True
2024-09-18,Pune-12,Pune,Anita Desai,GK,21,True,True,True,False
2024-09-18,Pune-12,Pune,Meena Patel,Maths,21,False,False,True,True
2024-09-18,Pune-12,Pune,Vikram Singh,GK,21,False,False,True,False
2024-09-18,Mumbai-03,Mumbai,Anita Desai,English,19,True,False,True,True
2024-09-18,Delhi-05,Delhi,Rajesh Sharma,English,19,True,False,True,True
2024-09-18,Bangalore-07,Bangalore,Vikram Singh,GK,34,False,False,True,False
2024-09-19,Pune-12,Pune,Anita Desai,Language,24,True,False,False,False
2024-09-19,Mumbai-03,Mumbai,Suresh Kumar,GK,32,True,False,False,False
2024-09-19,Delhi-05,Delhi,Vikram Singh,Language,38,True,True,False,True
2024-09-19,Bangalore-07,Bangalore,Suresh Kumar,Language,37,True,False,False,True
2024-09-19,Bangalore-07,Bangalore,Anita Desai,Maths,37,True,True,True,False
2024-09-19,Bangalore-07,Bangalore,Rajesh Sharma,English,37,True,False,True,True
2024-09-19,Bangalore-07,Bangalore,Anita Desai,Language,37,True,True,False,True
2024-09-20,Pune-01,Pune,Anita Desai,English,26,True,True,False,False
2024-09-20,Pune-01,Pune,Meena Patel,GK,26,True,True,False,False
2024-09-20,Pune-01,Pune,Meena Patel,Language,26,True,False,True,False
2024-09-20,Pune-01,Pune,Vikram Singh,English,26,True,False,True,False
2024-09-20,Pune-12,Pune,Anita Desai,Language,38,True,False,True,False
2024-09-20,Pune-12,Pune,Rajesh Sharma,Language,38,True,False,False,True
2024-09-20,Mumbai-03,Mumbai,Suresh Kumar,English,33,False,False,True,False
2024-09-20,Delhi-05,Delhi,Suresh Kumar,Maths,26,True,True,True,True
2024-09-20,Delhi-05,Delhi,Suresh Kumar,Language,26,True,False,False,False
2024-09-20,Delhi-05,Delhi,Vikram Singh,Maths,26,False,False,False,False
2024-09-20,Delhi-05,Delhi,Suresh Kumar,English,26,True,False,False,False
2024-09-20,Bangalore-07,Bangalore,Suresh Kumar,English,16,True,False,False,True
2024-09-21,Pune-01,Pune,Rajesh Sharma,Language,26,True,False,False,False
2024-09-21,Pune-12,Pune,Rajesh Sharma,English,39,True,True,False,False
2024-09-21,Pune-12,Pune,Rajesh Sharma,English,39,True,False,False,False
2024-09-21,Pune-12,Pune,Suresh Kumar,English,39,True,True,False,False
2024-09-21,Pune-12,Pune,Suresh Kumar,Maths,39,True,True,False,False
2024-09-21,Mumbai-03,Mumbai,Rajesh Sharma,Language,32,True,False,False,True
2024-09-21,Mumbai-03,Mumbai,Suresh Kumar,Maths,32,True,False,True,False
2024-09-21,Mumbai-03,Mumbai,Suresh Kumar,English,32,True,False,True,False
2024-09-21,Mumbai-03,Mumbai,Suresh Kumar,Language,32,True,True,False,False
2024-09-21,Delhi-05,Delhi,Meena Patel,English,27,True,True,True,False
2024-09-21,Bangalore-07,Bangalore,Anita Desai,Maths,18,True,True,True,False
2024-09-21,Bangalore-07,Bangalore,Suresh Kumar,English,18,False,False,True,False
2024-09-21,Bangalore-07,Bangalore,Anita Desai,Language,18,True,False,True,True
2024-09-22,Pune-01,Pune,Suresh Kumar,Language,15,False,True,False,False
2024-09-22,Mumbai-03,Mumbai,Rajesh Sharma,English,36,True,False,True,True
2024-09-22,Delhi-05,Delhi,Anita Desai,Language,34,True,False,False,False
2024-09-23,Pune-01,Pune,Suresh Kumar,English,33,True,False,True,False
2024-09-23,Pune-12,Pune,Vikram Singh,GK,28,False,False,False,False
2024-09-23,Pune-12,Pune,Vikram Singh,English,28,False,False,True,False
2024-09-23,Mumbai-03,Mumbai,Meena Patel,Maths,17,True,False,True,True
2024-09-23,Mumbai-03,Mumbai,Rajesh Sharma,Language,17,False,False,True,False
2024-09-23,Bangalore-07,Bangalore,Rajesh Sharma,Maths,25,False,False,False,True
2024-09-23,Bangalore-07,Bangalore,Meena Patel,GK,25,True,True,False,False
2024-09-23,Bangalore-07,Bangalore,Vikram Singh,Language,25,True,False,True,False
2024-09-23,Bangalore-07,Bangalore,Rajesh Sharma,Language,25,True,True,True,False
2024-09-24,Pune-12,Pune,Vikram Singh,GK,34,True,True,True,False
2024-09-24,Pune-12,Pune,Vikram Singh,GK,34,False,True,True,False
2024-09-24,Pune-12,Pune,Rajesh Sharma,English,34,False,True,True,False
2024-09-24,Pune-12,Pune,Meena Patel,GK,34,True,True,True,True
2024-09-24,Mumbai-03,Mumbai,Anita Desai,Language,36,True,False,True,False
2024-09-24,Mumbai-03,Mumbai,Anita Desai,Language,36,True,True,True,False
2024-09-24,Delhi-05,Delhi,Suresh Kumar,GK,23,True,True,True,False
2024-09-24,Delhi-05,Delhi,Suresh Kumar,English,23,True,False,True,False
2024-09-24,Delhi-05,Delhi,Rajesh Sharma,Language,23,False,False,True,True
2024-09-24,Delhi-05,Delhi,Suresh Kumar,English,23,True,False,False,True
2024-09-25,Pune-01,Pune,Vikram Singh,Maths,36,True,False,False,True
2024-09-25,Pune-12,Pune,Rajesh Sharma,Maths,32,False,False,False,True
2024-09-25,Pune-12,Pune,Suresh Kumar,English,32,True,True,True,False
2024-09-25,Pune-12,Pune,Suresh Kumar,Language,32,True,True,True,True
2024-09-25,Mumbai-03,Mumbai,Vikram Singh,GK,27,True,False,False,False
2024-09-25,Mumbai-03,Mumbai,Vikram Singh,Maths,27,False,False,True,False
2024-09-25,Mumbai-03,Mumbai,Rajesh Sharma,Language,27,True,True,False,True
2024-09-25,Delhi-05,Delhi,Meena Patel,English,39,False,False,False,True
2024-09-25,Delhi-05,Delhi,Vikram Singh,English,39,True,False,False,False
2024-09-25,Delhi-05,Delhi,Rajesh Sharma,Maths,39,True,True,True,False
2024-09-26,Pune-01,Pune,Suresh Kumar,Maths,36,True,False,False,False
2024-09-26,Pune-01,Pune,Suresh Kumar,GK,36,True,False,True,False
2024-09-26,Pune-01,Pune,Vikram Singh,English,36,False,False,False,True
2024-09-26,Pune-01,Pune,Rajesh Sharma,Maths,36,True,False,True,True
2024-09-26,Pune-12,Pune,Vikram Singh,Language,19,True,False,False,False
2024-09-26,Pune-12,Pune,Anita Desai,GK,19,True,True,True,False
2024-09-26,Pune-12,Pune,Anita Desai,English,19,True,False,True,False
2024-09-26,Pune-12,Pune,Meena Patel,Maths,19,True,False,True,False
2024-09-26,Mumbai-03,Mumbai,Vikram Singh,Language,18,True,False,True,False
2024-09-26,Mumbai-03,Mumbai,Meena Patel,Language,18,True,False,True,True
2024-09-26,Mumbai-03,Mumbai,Suresh Kumar,Maths,18,True,False,False,False
2024-09-26,Delhi-05,Delhi,Rajesh Sharma,Language,23,False,True,True,True
2024-09-26,Delhi-05,Delhi,Meena Patel,Language,23,True,True,False,False
2024-09-26,Delhi-05,Delhi,Rajesh Sharma,English,23,False,False,True,True
2024-09-26,Bangalore-07,Bangalore,Rajesh Sharma,Maths,26,True,False,False,False
2024-09-26,Bangalore-07,Bangalore,Rajesh Sharma,GK,26,True,False,True,False
2024-09-26,Bangalore-07,Bangalore,Suresh Kumar,Maths,26,True,False,False,False
2024-09-26,Bangalore-07,Bangalore,Meena Patel,Maths,26,True,True,False,False
2024-09-27,Pune-01,Pune,Rajesh Sharma,English,30,True,False,False,False
2024-09-27,Pune-01,Pune,Anita Desai,Language,30,True,False,True,False
2024-09-27,Pune-12,Pune,Vikram Singh,Maths,18,False,True,False,False
2024-09-27,Mumbai-03,Mumbai,Anita Desai,Language,32,False,False,False,False
2024-09-27,Mumbai-03,Mumbai,Anita Desai,Maths,32,True,False,True,True
2024-09-27,Delhi-05,Delhi,Meena Patel,Maths,35,True,False,False,True
2024-09-27,Bangalore-07,Bangalore,Vikram Singh,Language,30,True,True,True,True
2024-09-27,Bangalore-07,Bangalore,Anita Desai,English,30,True,False,True,False
2024-09-27,Bangalore-07,Bangalore,Anita Desai,Language,30,False,False,False,False
2024-09-27,Bangalore-07,Bangalore,Vikram Singh,GK,30,False,False,False,True
2024-09-28,Pune-12,Pune,Anita Desai,Maths,32,False,True,False,False
2024-09-28,Pune-12,Pune,Anita Desai,English,32,True,True,True,False
2024-09-28,Delhi-05,Delhi,Vikram Singh,Language,29,True,True,False,False
2024-09-28,Delhi-05,Delhi,Vikram Singh,GK,29,False,True,False,False
2024-09-28,Delhi-05,Delhi,Vikram Singh,Maths,29,True,True,False,False
2024-09-28,Delhi-05,Delhi,Meena Patel,Maths,29,False,False,False,False
2024-09-29,Pune-01,Pune,Meena Patel,GK,19,False,True,False,False
2024-09-29,Pune-01,Pune,Rajesh Sharma,Language,19,False,False,False,False
2024-09-29,Pune-01,Pune,Rajesh Sharma,Language,19,False,True,False,False
2024-09-29,Pune-12,Pune,Anita Desai,Maths,25,True,False,True,False
2024-09-29,Pune-12,Pune,Anita Desai,GK,25,True,True,False,False
2024-09-29,Pune-12,Pune,Vikram Singh,Language,25,True,True,True,False
2024-09-29,Pune-12,Pune,Meena Patel,English,25,True,True,True,False
2024-09-29,Mumbai-03,Mumbai,Vikram Singh,Maths,38,True,False,True,False
2024-09-29,Mumbai-03,Mumbai,Rajesh Sharma,GK,38,False,True,False,False
2024-09-29,Delhi-05,Delhi,Anita Desai,GK,34,True,False,False,False
2024-09-29,Delhi-05,Delhi,Anita Desai,GK,34,False,False,False,False
2024-09-29,Bangalore-07,Bangalore,Meena Patel,GK,24,False,False,True,False
2024-09-30,Pune-01,Pune,Rajesh Sharma,GK,32,False,False,True,True
2024-09-30,Pune-01,Pune,Anita Desai,Maths,32,False,False,False,False
2024-09-30,Pune-01,Pune,Rajesh Sharma,Maths,32,False,False,True,False
2024-09-30,Pune-12,Pune,Suresh Kumar,English,30,True,False,True,False
2024-09-30,Pune-12,Pune,Meena Patel,English,30,True,True,False,True
2024-09-30,Mumbai-03,Mumbai,Anita Desai,Language,28,True,False,False,True
2024-09-30,Delhi-05,Delhi,Vikram Singh,Maths,33,False,False,False,False
2024-09-30,Delhi-05,Delhi,Rajesh Sharma,English,33,True,False,True,False
2024-09-30,Delhi-05,Delhi,Vikram Singh,GK,33,True,False,False,True
2024-09-30,Delhi-05,Delhi,Meena Patel,English,33,True,True,True,False
2024-09-30,Bangalore-07,Bangalore,Rajesh Sharma,Language,39,True,False,False,False
2024-10-01,Pune-01,Pune,Rajesh Sharma,GK,34,True,False,True,False
2024-10-01,Pune-12,Pune,Rajesh Sharma,GK,16,False,False,True,False
2024-10-01,Pune-12,Pune,Suresh Kumar,Maths,16,False,True,True,False
2024-10-01,Mumbai-03,Mumbai,Anita Desai,Maths,39,False,True,True,True
2024-10-01,Mumbai-03,Mumbai,Vikram Singh,English,39,True,False,True,False
2024-10-01,Mumbai-03,Mumbai,Suresh Kumar,Maths,39,True,False,False,False
2024-10-01,Mumbai-03,Mumbai,Meena Patel,GK,39,True,False,False,True
2024-10-01,Bangalore-07,Bangalore,Suresh Kumar,GK,37,True,True,False,False
2024-10-01,Bangalore-07,Bangalore,Meena Patel,Language,37,False,False,False,False
2024-10-01,Bangalore-07,Bangalore,Vikram Singh,Maths,37,True,True,True,False
2024-10-01,Bangalore-07,Bangalore,Suresh Kumar,English,37,False,False,True,False
2024-10-02,Pune-01,Pune,Vikram Singh,Language,18,True,False,False,True
2024-10-02,Pune-12,Pune,Meena Patel,Language,21,True,True,True,False
2024-10-02,Mumbai-03,Mumbai,Anita Desai,Language,35,True,True,False,True
2024-10-02,Delhi-05,Delhi,Meena Patel,Maths,39,False,True,False,False
2024-10-02,Delhi-05,Delhi,Vikram Singh,GK,39,False,True,True,True
2024-10-02,Bangalore-07,Bangalore,Vikram Singh,GK,23,True,False,False,False
2024-10-02,Bangalore-07,Bangalore,Rajesh Sharma,GK,23,False,False,True,False
2024-10-02,Bangalore-07,Bangalore,Anita Desai,GK,23,True,True,False,True
2024-10-03,Pune-01,Pune,Suresh Kumar,English,18,True,False,True,True
2024-10-03,Pune-12,Pune,Vikram Singh,GK,35,True,False,False,False
2024-10-03,Pune-12,Pune,Anita Desai,English,35,False,False,False,False
2024-10-03,Pune-12,Pune,Suresh Kumar,GK,35,True,True,False,False
2024-10-03,Pune-12,Pune,Rajesh Sharma,Language,35,False,True,False,False
2024-10-03,Mumbai-03,Mumbai,Suresh Kumar,Language,28,True,True,False,False
2024-10-03,Mumbai-03,Mumbai,Meena Patel,English,28,False,False,True,True
2024-10-03,Bangalore-07,Bangalore,Anita Desai,English,21,True,False,False,True
2024-10-04,Pune-01,Pune,Vikram Singh,Maths,34,True,False,True,False
2024-10-04,Pune-01,Pune,Anita Desai,English,34,True,False,True,False
2024-10-04,Pune-01,Pune,Suresh Kumar,Language,34,True,False,False,True
2024-10-04,Mumbai-03,Mumbai,Rajesh Sharma,English,36,True,False,False,False
2024-10-04,Mumbai-03,Mumbai,Anita Desai,English,36,True,True,True,False
2024-10-04,Delhi-05,Delhi,Anita Desai,Language,32,True,False,False,True
2024-10-05,Pune-01,Pune,Suresh Kumar,Maths,29,False,False,True,False
2024-10-05,Pune-12,Pune,Rajesh Sharma,Maths,27,True,True,True,True
2024-10-05,Mumbai-03,Mumbai,Anita Desai,GK,24,True,True,True,False
2024-10-05,Delhi-05,Delhi,Anita Desai,English,31,True,True,False,True
2024-10-05,Delhi-05,Delhi,Meena Patel,English,31,True,True,True,False
2024-10-05,Delhi-05,Delhi,Anita Desai,GK,31,True,False,False,True
2024-10-05,Delhi-05,Delhi,Anita Desai,Maths,31,True,False,False,True
2024-10-06,Pune-01,Pune,Anita Desai,GK,31,True,False,False,False
2024-10-06,Pune-12,Pune,Meena Patel,GK,17,True,True,True,True
2024-10-06,Mumbai-03,Mumbai,Meena Patel,GK,25,True,False,True,False
2024-10-06,Mumbai-03,Mumbai,Rajesh Sharma,GK,25,False,False,False,False
2024-10-06,Delhi-05,Delhi,Meena Patel,English,27,False,True,False,True
2024-10-06,Delhi-05,Delhi,Vikram Singh,English,27,True,False,False,True
2024-10-06,Delhi-05,Delhi,Vikram Singh,Maths,27,False,False,False,True
2024-10-06,Delhi-05,Delhi,Rajesh Sharma,Language,27,True,True,False,True
2024-10-06,Bangalore-07,Bangalore,Anita Desai,Maths,27,False,True,True,False
2024-10-06,Bangalore-07,Bangalore,Rajesh Sharma,English,27,True,True,False,True
2024-10-07,Pune-01,Pune,Vikram Singh,English,29,True,True,False,False
2024-10-07,Pune-01,Pune,Vikram Singh,GK,29,True,False,False,False
2024-10-07,Pune-01,Pune,Meena Patel,Maths,29,False,False,True,False
2024-10-07,Pune-12,Pune,Vikram Singh,Language,22,True,True,False,False
2024-10-07,Pune-12,Pune,Suresh Kumar,Language,22,False,True,False,False
2024-10-07,Mumbai-03,Mumbai,Anita Desai,Maths,20,True,False,True,False
2024-10-07,Mumbai-03,Mumbai,Meena Patel,English,20,True,False,False,False
2024-10-07,Mumbai-03,Mumbai,Meena Patel,Language,20,False,False,False,False
2024-10-07,Delhi-05,Delhi,Vikram Singh,Maths,17,False,True,False,True
2024-10-07,Delhi-05,Delhi,Vikram Singh,Maths,17,True,True,True,True
2024-10-07,Bangalore-07,Bangalore,Vikram Singh,English,32,False,False,False,False
2024-10-07,Bangalore-07,Bangalore,Rajesh Sharma,English,32,True,False,False,False
2024-10-07,Bangalore-07,Bangalore,Rajesh Sharma,Maths,32,True,False,True,False
2024-10-08,Pune-01,Pune,Meena Patel,English,33,True,False,False,False
2024-10-08,Pune-12,Pune,Vikram Singh,Language,38,True,False,False,False
2024-10-08,Pune-12,Pune,Vikram Singh,GK,38,True,False,False,False
2024-10-08,Pune-12,Pune,Anita Desai,GK,38,True,False,True,True
2024-10-08,Mumbai-03,Mumbai,Rajesh Sharma,GK,35,False,False,False,False
2024-10-08,Mumbai-03,Mumbai,Rajesh Sharma,English,35,True,True,False,False
2024-10-08,Delhi-05,Delhi,Anita Desai,English,16,True,True,False,False
2024-10-08,Delhi-05,Delhi,Rajesh Sharma,Maths,16,True,False,True,False
2024-10-08,Delhi-05,Delhi,Vikram Singh,Maths,16,True,True,True,True
2024-10-08,Bangalore-07,Bangalore,Rajesh Sharma,GK,27,True,False,False,True
2024-10-08,Bangalore-07,Bangalore,Anita Desai,Maths,27,True,True,True,False
2024-10-08,Bangalore-07,Bangalore,Anita Desai,GK,27,True,False,False,False
2024-10-08,Bangalore-07,Bangalore,Anita Desai,Language,27,True,True,False,False
2024-10-09,Pune-01,Pune,Vikram Singh,English,25,True,True,True,True
2024-10-09,Mumbai-03,Mumbai,Meena Patel,English,32,False,False,False,False
2024-10-09,Delhi-05,Delhi,Meena Patel,Language,21,False,True,True,False
2024-10-09,Delhi-05,Delhi,Anita Desai,English,21,True,False,True,False
2024-10-10,Pune-01,Pune,Anita Desai,Language,25,False,False,True,False
2024-10-10,Pune-01,Pune,Vikram Singh,Maths,25,False,False,True,False
2024-10-10,Pune-01,Pune,Meena Patel,Language,25,True,True,False,True
2024-10-10,Pune-12,Pune,Anita Desai,English,22,True,True,True,True
2024-10-10,Pune-12,Pune,Vikram Singh,Maths,22,True,True,False,False
2024-10-10,Pune-12,Pune,Meena Patel,English,22,True,False,True,False
2024-10-10,Pune-12,Pune,Suresh Kumar,GK,22,False,True,False,True
2024-10-10,Mumbai-03,Mumbai,Suresh Kumar,English,22,False,True,True,True
2024-10-10,Mumbai-03,Mumbai,Meena Patel,GK,22,True,True,False,True
2024-10-10,Mumbai-03,Mumbai,Anita Desai,Maths,22,True,True,True,False
2024-10-10,Bangalore-07,Bangalore,Anita Desai,Language,29,True,False,True,False
2024-10-10,Bangalore-07,Bangalore,Suresh Kumar,Maths,29,False,False,True,False
2024-10-10,Bangalore-07,Bangalore,Anita Desai,Language,29,True,True,False,True
2024-10-10,Bangalore-07,Bangalore,Meena Patel,English,29,True,False,False,False
2024-10-11,Pune-01,Pune,Vikram Singh,Maths,19,True,True,True,False
2024-10-11,Pune-01,Pune,Vikram Singh,Language,19,False,False,True,True
2024-10-11,Mumbai-03,Mumbai,Suresh Kumar,English,31,False,False,True,False
2024-10-11,Mumbai-03,Mumbai,Vikram Singh,English,31,True,True,True,False
2024-10-11,Bangalore-07,Bangalore,Rajesh Sharma,GK,28,True,False,True,False
2024-10-12,Pune-01,Pune,Suresh Kumar,Language,34,False,False,True,False
2024-10-12,Pune-01,Pune,Rajesh Sharma,English,34,True,True,False,True
2024-10-12,Pune-12,Pune,Anita Desai,GK,29,True,True,True,False
2024-10-12,Pune-12,Pune,Suresh Kumar,Maths,29,False,True,False,False
2024-10-12,Pune-12,Pune,Vikram Singh,Language,29,True,False,True,False
2024-10-12,Mumbai-03,Mumbai,Vikram Singh,Language,23,True,True,False,False
2024-10-12,Mumbai-03,Mumbai,Anita Desai,Language,23,True,False,True,False
2024-10-12,Mumbai-03,Mumbai,Meena Patel,Language,23,True,True,False,True
2024-10-12,Delhi-05,Delhi,Rajesh Sharma,Maths,34,False,True,False,False
2024-10-13,Pune-01,Pune,Meena Patel,Language,18,False,False,False,True
2024-10-13,Pune-01,Pune,Meena Patel,Maths,18,True,True,False,True
2024-10-13,Pune-01,Pune,Suresh Kumar,Maths,18,False,False,True,False
2024-10-13,Pune-01,Pune,Vikram Singh,GK,18,False,False,True,True
2024-10-13,Pune-12,Pune,Anita Desai,Maths,39,True,False,True,False
2024-10-13,Pune-12,Pune,Anita Desai,GK,39,True,False,True,True
2024-10-13,Pune-12,Pune,Meena Patel,Maths,39,False,False,False,True
2024-10-13,Pune-12,Pune,Rajesh Sharma,Maths,39,False,False,True,True
2024-10-13,Mumbai-03,Mumbai,Rajesh Sharma,GK,33,True,False,False,False
2024-10-13,Mumbai-03,Mumbai,Suresh Kumar,Maths,33,True,True,True,True
2024-10-13,Mumbai-03,Mumbai,Rajesh Sharma,Language,33,False,False,True,False
2024-10-13,Delhi-05,Delhi,Suresh Kumar,Maths,35,True,False,True,True
2024-10-13,Delhi-05,Delhi,Suresh Kumar,Maths,35,True,False,True,False
2024-10-13,Delhi-05,Delhi,Rajesh Sharma,Language,35,True,False,False,False
2024-10-13,Delhi-05,Delhi,Anita Desai,Language,35,True,False,False,True
2024-10-13,Bangalore-07,Bangalore,Suresh Kumar,GK,27,False,False,False,False
2024-10-14,Mumbai-03,Mumbai,Meena Patel,GK,37,True,False,False,False
2024-10-14,Mumbai-03,Mumbai,Meena Patel,Language,37,False,True,True,True
2024-10-14,Mumbai-03,Mumbai,Suresh Kumar,English,37,True,True,False,True
2024-10-14,Mumbai-03,Mumbai,Rajesh Sharma,GK,37,True,False,True,False
2024-10-14,Delhi-05,Delhi,Rajesh Sharma,GK,30,True,False,True,False
2024-10-14,Delhi-05,Delhi,Meena Patel,Language,30,True,False,True,False
2024-10-14,Delhi-05,Delhi,Meena Patel,Language,30,True,True,True,True
2024-10-14,Bangalore-07,Bangalore,Rajesh Sharma,GK,18,False,False,False,False
2024-10-15,Pune-01,Pune,Meena Patel,Language,26,True,False,False,True
2024-10-15,Pune-01,Pune,Rajesh Sharma,GK,26,True,False,False,True
2024-10-15,Pune-01,Pune,Meena Patel,Language,26,True,False,False,False
2024-10-15,Bangalore-07,Bangalore,Meena Patel,Maths,30,True,True,False,False
2024-10-15,Bangalore-07,Bangalore,Anita Desai,GK,30,False,True,True,False
2024-10-15,Bangalore-07,Bangalore,Vikram Singh,GK,30,True,True,True,False
2024-10-15,Bangalore-07,Bangalore,Anita Desai,English,30,False,True,True,False
2024-10-16,Pune-01,Pune,Anita Desai,English,30,True,True,True,True
2024-10-16,Pune-12,Pune,Rajesh Sharma,English,28,False,False,True,True
2024-10-16,Pune-12,Pune,Suresh Kumar,GK,28,True,True,False,False
2024-10-16,Pune-12,Pune,Rajesh Sharma,English,28,True,False,False,False
2024-10-16,Pune-12,Pune,Anita Desai,English,28,False,True,True,False
2024-10-16,Delhi-05,Delhi,Rajesh Sharma,GK,39,True,False,True,False
2024-10-16,Delhi-05,Delhi,Meena Patel,GK,39,True,False,False,True
2024-10-16,Delhi-05,Delhi,Rajesh Sharma,Language,39,False,False,False,False
2024-10-16,Delhi-05,Delhi,Rajesh Sharma,Maths,39,True,False,True,True
2024-10-17,Pune-01,Pune,Rajesh Sharma,GK,22,False,False,True,False
2024-10-17,Pune-01,Pune,Meena Patel,English,22,True,False,True,True
2024-10-17,Mumbai-03,Mumbai,Rajesh Sharma,English,28,True,True,False,False
2024-10-17,Delhi-05,Delhi,Vikram Singh,Maths,22,True,False,False,False
2024-10-17,Delhi-05,Delhi,Meena Patel,GK,22,True,True,True,False
2024-10-17,Delhi-05,Delhi,Suresh Kumar,GK,22,False,True,False,True
2024-10-17,Bangalore-07,Bangalore,Anita Desai,GK,33,True,True,False,False
2024-10-17,Bangalore-07,Bangalore,Suresh Kumar,GK,33,True,False,False,False
2024-10-17,Bangalore-07,Bangalore,Meena Patel,Maths,33,True,True,False,True
2024-10-18,Delhi-05,Delhi,Anita Desai,Language,35,True,True,False,True
2024-10-19,Pune-01,Pune,Meena Patel,English,30,True,False,False,True
2024-10-19,Pune-12,Pune,Vikram Singh,GK,22,True,False,True,True
2024-10-19,Pune-12,Pune,Meena Patel,Language,22,True,True,True,False
2024-10-19,Pune-12,Pune,Rajesh Sharma,English,22,True,False,True,False
2024-10-19,Pune-12,Pune,Vikram Singh,English,22,False,False,False,False
2024-10-19,Bangalore-07,Bangalore,Rajesh Sharma,Language,38,True,False,True,True
2024-10-20,Pune-01,Pune,Meena Patel,GK,21,True,False,True,False
2024-10-20,Pune-12,Pune,Vikram Singh,GK,35,False,False,False,False
2024-10-20,Pune-12,Pune,Anita Desai,GK,35,True,False,False,False
2024-10-20,Pune-12,Pune,Meena Patel,Language,35,False,True,True,False
2024-10-20,Pune-12,Pune,Suresh Kumar,GK,35,True,False,True,False
2024-10-20,Mumbai-03,Mumbai,Vikram Singh,Language,28,True,True,True,True
2024-10-20,Delhi-05,Delhi,Suresh Kumar,Maths,29,True,False,True,False
2024-10-20,Delhi-05,Delhi,Meena Patel,GK,29,False,False,True,False
2024-10-20,Delhi-05,Delhi,Meena Patel,English,29,False,False,True,True
2024-10-20,Delhi-05,Delhi,Rajesh Sharma,GK,29,False,False,True,False
2024-10-20,Bangalore-07,Bangalore,Rajesh Sharma,English,20,True,False,False,False
2024-10-20,Bangalore-07,Bangalore,Anita Desai,English,20,True,False,False,True
2024-10-21,Pune-01,Pune,Suresh Kumar,Language,17,False,False,False,False
2024-10-21,Pune-12,Pune,Suresh Kumar,English,28,True,True,False,False
2024-10-21,Mumbai-03,Mumbai,Suresh Kumar,GK,18,True,False,True,True
2024-10-21,Mumbai-03,Mumbai,Suresh Kumar,Maths,18,True,False,True,False
2024-10-21,Mumbai-03,Mumbai,Anita Desai,Language,18,True,True,True,True
2024-10-21,Mumbai-03,Mumbai,Rajesh Sharma,Language,18,True,False,False,True
2024-10-21,Delhi-05,Delhi,Anita Desai,English,19,False,False,False,True
2024-10-21,Bangalore-07,Bangalore,Suresh Kumar,GK,36,True,False,False,False
2024-10-21,Bangalore-07,Bangalore,Anita Desai,English,36,False,False,False,False
2024-10-21,Bangalore-07,Bangalore,Vikram Singh,Maths,36,True,False,True,True
2024-10-21,Bangalore-07,Bangalore,Anita Desai,Maths,36,True,False,False,True
2024-10-22,Mumbai-03,Mumbai,Suresh Kumar,Language,18,True,False,False,True
2024-10-22,Mumbai-03,Mumbai,Vikram Singh,English,18,True,False,True,False
2024-10-22,Mumbai-03,Mumbai,Rajesh Sharma,English,18,True,False,True,False
2024-10-22,Mumbai-03,Mumbai,Suresh Kumar,English,18,True,True,True,True
2024-10-22,Delhi-05,Delhi,Meena Patel,Language,39,True,False,False,False
2024-10-22,Delhi-05,Delhi,Suresh Kumar,GK,39,False,False,True,False
2024-10-22,Bangalore-07,Bangalore,Suresh Kumar,English,18,False,True,False,False
2024-10-22,Bangalore-07,Bangalore,Meena Patel,Maths,18,True,True,False,False
2024-10-22,Bangalore-07,Bangalore,Vikram Singh,Maths,18,True,True,False,False
2024-10-23,Pune-12,Pune,Vikram Singh,English,27,True,False,False,False
2024-10-23,Pune-12,Pune,Vikram Singh,Maths,27,True,False,False,False
2024-10-23,Mumbai-03,Mumbai,Rajesh Sharma,English,31,True,False,True,True
2024-10-23,Mumbai-03,Mumbai,Suresh Kumar,GK,31,False,True,True,False
2024-10-23,Mumbai-03,Mumbai,Meena Patel,GK,31,False,False,False,False
2024-10-23,Mumbai-03,Mumbai,Anita Desai,Language,31,True,True,True,True
2024-10-23,Delhi-05,Delhi,Suresh Kumar,English,26,True,True,False,False
2024-10-23,Bangalore-07,Bangalore,Vikram Singh,GK,21,True,False,True,True
2024-10-24,Pune-01,Pune,Rajesh Sharma,Language,23,True,False,False,False
2024-10-24,Pune-01,Pune,Suresh Kumar,Language,23,True,False,False,False
2024-10-24,Pune-01,Pune,Vikram Singh,GK,23,True,True,False,False
2024-10-24,Pune-12,Pune,Rajesh Sharma,GK,30,True,True,False,False
2024-10-24,Pune-12,Pune,Rajesh Sharma,Maths,30,True,False,True,True
2024-10-24,Pune-12,Pune,Rajesh Sharma,English,30,True,False,True,False
2024-10-24,Mumbai-03,Mumbai,Suresh Kumar,Maths,18,False,False,True,False
2024-10-24,Mumbai-03,Mumbai,Meena Patel,GK,18,False,False,True,False
2024-10-24,Mumbai-03,Mumbai,Rajesh Sharma,English,18,True,True,False,True
2024-10-24,Delhi-05,Delhi,Rajesh Sharma,Language,33,True,False,False,True
2024-10-24,Delhi-05,Delhi,Rajesh Sharma,GK,33,True,False,False,True
2024-10-24,Bangalore-07,Bangalore,Suresh Kumar,Maths,21,True,False,True,False
2024-10-24,Bangalore-07,Bangalore,Anita Desai,Maths,21,False,False,True,True
2024-10-24,Bangalore-07,Bangalore,Vikram Singh,GK,21,False,True,False,True
2024-10-24,Bangalore-07,Bangalore,Vikram Singh,Language,21,False,False,True,False
2024-10-25,Pune-01,Pune,Anita Desai,GK,31,True,True,False,False
2024-10-25,Pune-01,Pune,Anita Desai,English,31,True,False,True,False
2024-10-25,Pune-12,Pune,Rajesh Sharma,GK,29,True,False,True,False
2024-10-25,Pune-12,Pune,Suresh Kumar,GK,29,True,True,False,False
2024-10-25,Pune-12,Pune,Suresh Kumar,Language,29,True,False,False,False
2024-10-25,Mumbai-03,Mumbai,Anita Desai,English,15,True,False,True,False
2024-10-25,Mumbai-03,Mumbai,Vikram Singh,Language,15,False,True,False,False
2024-10-25,Mumbai-03,Mumbai,Vikram Singh,Language,15,True,True,True,False
2024-10-25,Delhi-05,Delhi,Suresh Kumar,Maths,22,True,True,False,False
2024-10-25,Delhi-05,Delhi,Rajesh Sharma,GK,22,True,True,True,True
2024-10-25,Bangalore-07,Bangalore,Suresh Kumar,Language,16,False,False,False,False
2024-10-25,Bangalore-07,Bangalore,Anita Desai,English,16,True,False,True,True
2024-10-26,Pune-01,Pune,Anita Desai,Language,28,True,False,True,False
2024-10-26,Pune-01,Pune,Rajesh Sharma,English,28,False,True,False,False
2024-10-26,Pune-12,Pune,Anita Desai,GK,30,False,False,False,False
2024-10-26,Pune-12,Pune,Suresh Kumar,Maths,30,True,False,False,True
2024-10-26,Pune-12,Pune,Suresh Kumar,Maths,30,False,False,True,False
2024-10-26,Pune-12,Pune,Suresh Kumar,Maths,30,False,False,True,True
2024-10-26,Mumbai-03,Mumbai,Suresh Kumar,GK,33,True,False,True,False
2024-10-26,Delhi-05,Delhi,Meena Patel,Maths,18,True,False,False,True
2024-10-27,Pune-01,Pune,Meena Patel,GK,20,True,False,False,True
2024-10-27,Mumbai-03,Mumbai,Meena Patel,Language,27,True,True,False,False
2024-10-27,Mumbai-03,Mumbai,Rajesh Sharma,English,27,True,False,True,False
2024-10-27,Mumbai-03,Mumbai,Vikram Singh,English,27,True,False,False,False
2024-10-27,Delhi-05,Delhi,Vikram Singh,GK,22,True,False,False,True
2024-10-27,Delhi-05,Delhi,Suresh Kumar,GK,22,True,False,False,False
2024-10-27,Delhi-05,Delhi,Vikram Singh,Maths,22,False,False,False,False
2024-10-27,Bangalore-07,Bangalore,Vikram Singh,Maths,28,True,False,True,False
2024-10-27,Bangalore-07,Bangalore,Rajesh Sharma,Maths,28,False,False,True,True
2024-10-27,Bangalore-07,Bangalore,Meena Patel,Maths,28,False,True,True,False
2024-10-27,Bangalore-07,Bangalore,Suresh Kumar,English,28,True,True,True,False
2024-10-28,Pune-12,Pune,Suresh Kumar,English,21,False,False,True,False
2024-10-28,Pune-12,Pune,Meena Patel,English,21,False,False,True,False
2024-10-28,Delhi-05,Delhi,Anita Desai,GK,18,True,False,False,False
2024-10-28,Delhi-05,Delhi,Rajesh Sharma,English,18,True,False,True,False
2024-10-28,Delhi-05,Delhi,Suresh Kumar,Maths,18,True,False,False,False
2024-10-28,Bangalore-07,Bangalore,Suresh Kumar,Language,28,True,False,True,False
2024-10-29,Pune-01,Pune,Anita Desai,Language,25,True,False,True,False
2024-10-29,Pune-01,Pune,Suresh Kumar,Language,25,True,False,True,False
2024-10-29,Pune-01,Pune,Suresh Kumar,Language,25,False,True,False,False
2024-10-29,Pune-12,Pune,Rajesh Sharma,Maths,16,False,False,True,False
2024-10-29,Pune-12,Pune,Suresh Kumar,Language,16,True,True,True,True
2024-10-29,Mumbai-03,Mumbai,Vikram Singh,English,34,True,False,False,False
2024-10-29,Mumbai-03,Mumbai,Rajesh Sharma,English,34,True,False,True,True
2024-10-29,Delhi-05,Delhi,Meena Patel,GK,37,True,False,True,False
2024-10-29,Delhi-05,Delhi,Meena Patel,English,37,True,False,True,True
2024-10-29,Delhi-05,Delhi,Vikram Singh,GK,37,True,False,False,False
2024-10-29,Bangalore-07,Bangalore,Meena Patel,Maths,17,True,False,False,False
2024-10-29,Bangalore-07,Bangalore,Vikram Singh,English,17,False,False,False,True
2024-10-30,Pune-12,Pune,Anita Desai,Language,15,False,False,False,True
2024-10-30,Pune-12,Pune,Rajesh Sharma,GK,15,True,True,False,False
2024-10-30,Pune-12,Pune,Suresh Kumar,Language,15,True,False,False,True
2024-10-30,Mumbai-03,Mumbai,Meena Patel,Language,29,True,False,False,True
2024-10-30,Mumbai-03,Mumbai,Anita Desai,Maths,29,True,False,False,True
2024-10-30,Mumbai-03,Mumbai,Meena Patel,GK,29,True,True,False,False
2024-10-30,Delhi-05,Delhi,Suresh Kumar,Maths,33,True,False,False,False
2024-10-30,Bangalore-07,Bangalore,Vikram Singh,English,24,True,False,True,False
2024-10-30,Bangalore-07,Bangalore,Rajesh Sharma,Language,24,True,False,False,False
2024-10-31,Pune-01,Pune,Suresh Kumar,GK,16,True,False,False,False
2024-10-31,Pune-01,Pune,Rajesh Sharma,GK,16,True,True,True,True
2024-10-31,Pune-12,Pune,Rajesh Sharma,English,36,True,False,True,False
2024-10-31,Delhi-05,Delhi,Anita Desai,English,18,True,False,True,False
2024-10-31,Delhi-05,Delhi,Anita Desai,English,18,True,False,True,True
2024-10-31,Delhi-05,Delhi,Vikram Singh,Maths,18,True,True,False,True
2024-10-31,Delhi-05,Delhi,Rajesh Sharma,GK,18,False,True,False,False
2024-10-31,Bangalore-07,Bangalore,Anita Desai,English,15,True,False,False,False
2024-11-01,Pune-01,Pune,Rajesh Sharma,English,23,False,True,True,False
2024-11-01,Pune-01,Pune,Rajesh Sharma,English,23,True,False,True,False
2024-11-01,Pune-01,Pune,Vikram Singh,English,23,False,True,False,False
2024-11-01,Pune-01,Pune,Rajesh Sharma,Maths,23,True,True,True,False
2024-11-01,Pune-12,Pune,Anita Desai,English,31,True,False,False,False
2024-11-01,Pune-12,Pune,Vikram Singh,Language,31,True,False,False,False
2024-11-01,Pune-12,Pune,Anita Desai,Maths,31,True,False,True,False
2024-11-01,Mumbai-03,Mumbai,Suresh Kumar,Maths,19,True,True,False,False
2024-11-01,Mumbai-03,Mumbai,Vikram Singh,Maths,19,True,True,False,True
2024-11-01,Mumbai-03,Mumbai,Vikram Singh,Language,19,True,True,True,False
2024-11-01,Mumbai-03,Mumbai,Suresh Kumar,Language,19,True,True,False,False
2024-11-01,Delhi-05,Delhi,Rajesh Sharma,Maths,16,True,True,False,True
2024-11-01,Delhi-05,Delhi,Vikram Singh,Maths,16,True,True,False,True
2024-11-01,Delhi-05,Delhi,Vikram Singh,GK,16,True,False,True,False
2024-11-01,Bangalore-07,Bangalore,Vikram Singh,Maths,20,True,True,True,False
2024-11-01,Bangalore-07,Bangalore,Suresh Kumar,English,20,True,True,False,True
2024-11-02,Pune-01,Pune,Meena Patel,English,33,True,True,False,False
2024-11-02,Pune-01,Pune,Suresh Kumar,GK,33,True,False,True,True
2024-11-02,Pune-01,Pune,Rajesh Sharma,English,33,False,False,False,False
2024-11-02,Mumbai-03,Mumbai,Vikram Singh,Maths,39,True,False,False,False
2024-11-02,Mumbai-03,Mumbai,Vikram Singh,Language,39,False,False,True,False
2024-11-02,Mumbai-03,Mumbai,Rajesh Sharma,English,39,False,True,False,True
2024-11-02,Bangalore-07,Bangalore,Vikram Singh,Maths,17,True,True,True,True
2024-11-02,Bangalore-07,Bangalore,Vikram Singh,Maths,17,True,False,False,False
2024-11-03,Pune-01,Pune,Meena Patel,English,37,True,True,False,False
2024-11-03,Mumbai-03,Mumbai,Anita Desai,Language,30,True,False,False,False
2024-11-03,Mumbai-03,Mumbai,Meena Patel,Maths,30,False,True,False,True
2024-11-03,Delhi-05,Delhi,Vikram Singh,English,32,True,True,True,True
2024-11-03,Delhi-05,Delhi,Rajesh Sharma,GK,32,False,True,False,False
2024-11-03,Bangalore-07,Bangalore,Rajesh Sharma,Language,32,False,True,True,False
2024-11-03,Bangalore-07,Bangalore,Suresh Kumar,Maths,32,True,True,True,True
2024-11-03,Bangalore-07,Bangalore,Anita Desai,Language,32,True,False,False,False
2024-11-03,Bangalore-07,Bangalore,Rajesh Sharma,GK,32,True,True,True,False
2024-11-04,Pune-01,Pune,Rajesh Sharma,Maths,28,True,False,False,False
2024-11-04,Pune-01,Pune,Suresh Kumar,Language,28,True,True,False,False
2024-11-04,Pune-01,Pune,Anita Desai,Maths,28,True,False,False,False
2024-11-04,Pune-01,Pune,Suresh Kumar,English,28,True,True,True,False
2024-11-04,Pune-12,Pune,Vikram Singh,Language,20,True,True,False,True
2024-11-04,Pune-12,Pune,Vikram Singh,English,20,False,False,True,False
2024-11-04,Mumbai-03,Mumbai,Rajesh Sharma,Language,15,True,False,True,False
2024-11-04,Mumbai-03,Mumbai,Suresh Kumar,English,15,False,True,True,False
2024-11-04,Delhi-05,Delhi,Meena Patel,Maths,37,False,True,True,False
2024-11-04,Delhi-05,Delhi,Rajesh Sharma,Maths,37,True,True,True,False
2024-11-04,Bangalore-07,Bangalore,Rajesh Sharma,GK,32,True,True,False,False
2024-11-05,Pune-01,Pune,Vikram Singh,Language,22,True,True,True,True
2024-11-05,Pune-01,Pune,Anita Desai,Language,22,False,False,False,False
2024-11-05,Pune-01,Pune,Rajesh Sharma,Language,22,False,False,True,False
2024-11-05,Pune-01,Pune,Vikram Singh,Language,22,True,False,False,False
2024-11-05,Pune-12,Pune,Vikram Singh,GK,28,False,False,True,False
2024-11-05,Mumbai-03,Mumbai,Rajesh Sharma,GK,34,False,False,True,False
2024-11-05,Delhi-05,Delhi,Meena Patel,Maths,20,False,False,True,False
2024-11-05,Delhi-05,Delhi,Vikram Singh,English,20,True,False,True,False
2024-11-05,Bangalore-07,Bangalore,Anita Desai,GK,36,True,False,False,False
2024-11-05,Bangalore-07,Bangalore,Rajesh Sharma,English,36,True,True,True,False
2024-11-05,Bangalore-07,Bangalore,Vikram Singh,GK,36,False,False,True,False
2024-11-05,Bangalore-07,Bangalore,Vikram Singh,Maths,36,True,False,True,False
2024-11-06,Pune-01,Pune,Vikram Singh,GK,19,False,True,False,False
2024-11-06,Pune-12,Pune,Vikram Singh,English,33,False,True,True,False
2024-11-06,Pune-12,Pune,Vikram Singh,GK,33,False,True,True,False
2024-11-06,Pune-12,Pune,Anita Desai,English,33,True,True,False,False
2024-11-06,Mumbai-03,Mumbai,Suresh Kumar,Maths,36,True,True,False,False
2024-11-06,Mumbai-03,Mumbai,Meena Patel,GK,36,False,False,False,False
2024-11-06,Delhi-05,Delhi,Suresh Kumar,Language,22,True,True,True,False
2024-11-06,Delhi-05,Delhi,Meena Patel,GK,22,True,True,True,True
2024-11-06,Delhi-05,Delhi,Suresh Kumar,Maths,22,False,False,False,True
2024-11-06,Delhi-05,Delhi,Vikram Singh,Maths,22,True,False,False,True
2024-11-06,Bangalore-07,Bangalore,Anita Desai,English,39,True,False,True,False
2024-11-06,Bangalore-07,Bangalore,Meena Patel,GK,39,True,False,False,False
2024-11-07,Pune-01,Pune,Suresh Kumar,GK,38,False,False,True,False
2024-11-07,Pune-01,Pune,Vikram Singh,Maths,38,True,True,True,True
2024-11-07,Pune-01,Pune,Meena Patel,GK,38,False,True,False,False
2024-11-07,Pune-01,Pune,Vikram Singh,Language,38,True,False,True,False
2024-11-07,Pune-12,Pune,Suresh Kumar,GK,36,True,False,False,False
2024-11-07,Mumbai-03,Mumbai,Rajesh Sharma,English,36,False,False,True,True
2024-11-07,Mumbai-03,Mumbai,Anita Desai,English,36,True,True,False,False
2024-11-07,Mumbai-03,Mumbai,Meena Patel,Maths,36,True,True,False,False
2024-11-07,Mumbai-03,Mumbai,Vikram Singh,English,36,True,False,True,True
2024-11-07,Delhi-05,Delhi,Anita Desai,English,15,True,False,False,False
2024-11-07,Delhi-05,Delhi,Suresh Kumar,English,15,True,False,True,False
2024-11-07,Delhi-05,Delhi,Anita Desai,Maths,15,False,True,True,True
2024-11-07,Delhi-05,Delhi,Meena Patel,Maths,15,True,True,True,True
2024-11-07,Bangalore-07,Bangalore,Suresh Kumar,English,37,True,True,True,False
2024-11-07,Bangalore-07,Bangalore,Rajesh Sharma,Language,37,False,False,True,False
2024-11-07,Bangalore-07,Bangalore,Vikram Singh,GK,37,True,False,False,True
2024-11-07,Bangalore-07,Bangalore,Suresh Kumar,GK,37,True,True,False,False
2024-11-08,Pune-01,Pune,Suresh Kumar,Language,23,True,False,True,True
2024-11-08,Pune-01,Pune,Anita Desai,Language,23,True,False,True,False
2024-11-08,Pune-01,Pune,Rajesh Sharma,Maths,23,False,True,True,True
2024-11-08,Pune-01,Pune,Vikram Singh,Language,23,False,False,True,True
2024-11-08,Pune-12,Pune,Suresh Kumar,Language,19,True,False,True,False
2024-11-08,Pune-12,Pune,Meena Patel,GK,19,True,True,True,False
2024-11-08,Pune-12,Pune,Rajesh Sharma,GK,19,False,True,True,False
2024-11-08,Pune-12,Pune,Anita Desai,English,19,False,True,True,False
2024-11-08,Mumbai-03,Mumbai,Rajesh Sharma,Language,17,True,False,True,False
2024-11-08,Mumbai-03,Mumbai,Anita Desai,English,17,True,False,True,True
2024-11-08,Mumbai-03,Mumbai,Rajesh Sharma,Language,17,True,False,False,False
2024-11-08,Mumbai-03,Mumbai,Rajesh Sharma,GK,17,True,False,False,True
2024-11-08,Delhi-05,Delhi,Meena Patel,Language,28,True,True,False,False
2024-11-08,Delhi-05,Delhi,Anita Desai,GK,28,True,False,False,False
2024-11-08,Bangalore-07,Bangalore,Meena Patel,English,28,True,False,False,False
2024-11-08,Bangalore-07,Bangalore,Anita Desai,Maths,28,True,True,True,False
2024-11-08,Bangalore-07,Bangalore,Suresh Kumar,Language,28,True,False,True,False
2024-11-09,Pune-01,Pune,Rajesh Sharma,GK,23,False,True,False,True
2024-11-09,Pune-01,Pune,Suresh Kumar,GK,23,True,True,False,False
2024-11-09,Pune-01,Pune,Anita Desai,Maths,23,True,False,False,False
2024-11-09,Pune-01,Pune,Vikram Singh,Maths,23,True,False,False,True
2024-11-09,Pune-12,Pune,Suresh Kumar,English,17,False,True,True,False
2024-11-09,Pune-12,Pune,Suresh Kumar,Language,17,False,True,False,False
2024-11-09,Pune-12,Pune,Meena Patel,English,17,True,False,True,False
2024-11-09,Pune-12,Pune,Suresh Kumar,Language,17,False,False,False,False
2024-11-09,Mumbai-03,Mumbai,Meena Patel,GK,29,True,False,True,False
2024-11-09,Mumbai-03,Mumbai,Anita Desai,English,29,True,False,True,True
2024-11-09,Delhi-05,Delhi,Rajesh Sharma,Language,19,False,False,True,False
2024-11-09,Delhi-05,Delhi,Meena Patel,English,19,False,True,True,True
2024-11-09,Bangalore-07,Bangalore,Anita Desai,English,20,True,True,True,True
2024-11-09,Bangalore-07,Bangalore,Vikram Singh,GK,20,True,True,False,True
2024-11-09,Bangalore-07,Bangalore,Rajesh Sharma,Maths,20,True,False,False,True
2024-11-10,Pune-01,Pune,Rajesh Sharma,Maths,32,True,True,False,True
2024-11-10,Pune-01,Pune,Vikram Singh,English,32,False,True,False,True
2024-11-10,Pune-01,Pune,Vikram Singh,English,32,False,False,True,False
2024-11-10,Pune-01,Pune,Vikram Singh,GK,32,False,False,True,False
2024-11-10,Pune-12,Pune,Meena Patel,Language,39,True,True,False,True
2024-11-10,Pune-12,Pune,Anita Desai,English,39,True,True,False,True
2024-11-10,Pune-12,Pune,Anita Desai,GK,39,True,False,True,False
2024-11-10,Delhi-05,Delhi,Rajesh Sharma,Maths,35,False,True,True,False
2024-11-10,Delhi-05,Delhi,Suresh Kumar,Maths,35,False,False,False,False
2024-11-10,Delhi-05,Delhi,Suresh Kumar,GK,35,True,False,True,False
2024-11-10,Delhi-05,Delhi,Suresh Kumar,Language,35,True,True,True,True
2024-11-10,Bangalore-07,Bangalore,Meena Patel,Language,15,True,False,False,True
2024-11-11,Pune-12,Pune,Meena Patel,Maths,22,True,True,True,False
2024-11-11,Delhi-05,Delhi,Rajesh Sharma,English,31,True,True,False,False
2024-11-11,Delhi-05,Delhi,Rajesh Sharma,Language,31,True,False,False,True
2024-11-11,Delhi-05,Delhi,Rajesh Sharma,Language,31,False,False,True,True
2024-11-11,Delhi-05,Delhi,Vikram Singh,Maths,31,False,True,False,False
2024-11-11,Bangalore-07,Bangalore,Meena Patel,English,30,True,False,False,False
2024-11-11,Bangalore-07,Bangalore,Suresh Kumar,Language,30,True,False,False,True
2024-11-11,Bangalore-07,Bangalore,Anita Desai,Maths,30,False,True,True,False
2024-11-11,Bangalore-07,Bangalore,Rajesh Sharma,GK,30,True,False,False,True
2024-11-12,Pune-01,Pune,Rajesh Sharma,GK,27,False,True,False,True
2024-11-12,Pune-01,Pune,Suresh Kumar,Maths,27,False,True,False,False
2024-11-12,Pune-01,Pune,Anita Desai,Language,27,True,False,True,True
2024-11-12,Pune-01,Pune,Meena Patel,Maths,27,True,True,True,False
2024-11-12,Pune-12,Pune,Vikram Singh,GK,28,False,True,True,False
2024-11-12,Delhi-05,Delhi,Anita Desai,Maths,38,False,False,False,False
2024-11-12,Delhi-05,Delhi,Vikram Singh,GK,38,True,False,True,False
2024-11-12,Delhi-05,Delhi,Meena Patel,Language,38,True,False,False,True
2024-11-12,Delhi-05,Delhi,Vikram Singh,Language,38,False,False,True,False
2024-11-12,Bangalore-07,Bangalore,Suresh Kumar,Maths,27,False,False,False,False
2024-11-12,Bangalore-07,Bangalore,Meena Patel,Maths,27,False,False,True,True
2024-11-13,Mumbai-03,Mumbai,Meena Patel,Language,19,False,True,False,True
2024-11-13,Mumbai-03,Mumbai,Vikram Singh,English,19,True,False,False,False
2024-11-13,Delhi-05,Delhi,Rajesh Sharma,Language,34,True,False,False,False
2024-11-13,Delhi-05,Delhi,Suresh Kumar,GK,34,False,False,False,True
2024-11-13,Bangalore-07,Bangalore,Vikram Singh,GK,23,True,False,True,False
2024-11-14,Pune-01,Pune,Rajesh Sharma,GK,34,False,True,False,False
2024-11-14,Pune-01,Pune,Meena Patel,GK,34,True,True,False,False
2024-11-14,Pune-01,Pune,Meena Patel,English,34,False,False,False,False
2024-11-14,Pune-01,Pune,Rajesh Sharma,Maths,34,True,False,True,False
2024-11-14,Pune-12,Pune,Vikram Singh,English,22,True,True,True,True
2024-11-14,Pune-12,Pune,Vikram Singh,English,22,False,False,True,False
2024-11-14,Pune-12,Pune,Vikram Singh,English,22,True,False,True,False
2024-11-14,Pune-12,Pune,Suresh Kumar,GK,22,True,False,True,False
2024-11-14,Mumbai-03,Mumbai,Rajesh Sharma,English,17,True,False,False,True
2024-11-14,Mumbai-03,Mumbai,Vikram Singh,Language,17,True,False,False,False
2024-11-14,Mumbai-03,Mumbai,Anita Desai,English,17,True,False,False,False
2024-11-14,Delhi-05,Delhi,Suresh Kumar,Maths,16,True,False,True,False
2024-11-14,Delhi-05,Delhi,Rajesh Sharma,GK,16,True,True,True,False
2024-11-14,Bangalore-07,Bangalore,Meena Patel,Maths,34,True,False,False,False
2024-11-14,Bangalore-07,Bangalore,Anita Desai,Maths,34,False,False,False,False
2024-11-14,Bangalore-07,Bangalore,Meena Patel,English,34,True,True,False,False
2024-11-15,Pune-01,Pune,Meena Patel,Language,24,False,True,True,False
2024-11-15,Pune-01,Pune,Meena Patel,Language,24,True,True,False,True
2024-11-15,Pune-01,Pune,Rajesh Sharma,English,24,False,False,False,False
2024-11-15,Pune-01,Pune,Anita Desai,Language,24,True,True,True,False
2024-11-15,Pune-12,Pune,Vikram Singh,English,37,False,False,False,False
2024-11-15,Pune-12,Pune,Meena Patel,Language,37,True,False,True,False
2024-11-15,Pune-12,Pune,Rajesh Sharma,Language,37,True,False,True,False
2024-11-15,Pune-12,Pune,Rajesh Sharma,English,37,True,False,False,False
2024-11-15,Mumbai-03,Mumbai,Rajesh Sharma,Maths,36,False,True,False,False
2024-11-15,Mumbai-03,Mumbai,Rajesh Sharma,GK,36,False,False,True,False
2024-11-15,Mumbai-03,Mumbai,Rajesh Sharma,GK,36,False,True,True,False
2024-11-15,Bangalore-07,Bangalore,Rajesh Sharma,GK,38,True,False,True,False
2024-11-15,Bangalore-07,Bangalore,Suresh Kumar,Maths,38,True,False,True,False
2024-11-16,Pune-01,Pune,Suresh Kumar,GK,36,True,True,False,False
2024-11-16,Pune-01,Pune,Anita Desai,English,36,True,True,False,True
2024-11-16,Pune-12,Pune,Meena Patel,Maths,33,True,False,False,True
2024-11-16,Pune-12,Pune,Suresh Kumar,Maths,33,True,False,True,False
2024-11-16,Mumbai-03,Mumbai,Suresh Kumar,Maths,17,True,False,True,False
2024-11-16,Mumbai-03,Mumbai,Suresh Kumar,Language,17,False,False,False,False
2024-11-16,Mumbai-03,Mumbai,Anita Desai,GK,17,True,True,False,False
2024-11-17,Pune-01,Pune,Suresh Kumar,GK,37,True,False,False,True
2024-11-17,Pune-12,Pune,Meena Patel,GK,36,True,False,True,False
2024-11-17,Mumbai-03,Mumbai,Rajesh Sharma,Language,17,True,True,False,False
2024-11-17,Mumbai-03,Mumbai,Anita Desai,Maths,17,True,False,False,False
2024-11-17,Delhi-05,Delhi,Suresh Kumar,Language,15,False,False,True,True
2024-11-17,Bangalore-07,Bangalore,Rajesh Sharma,Maths,19,False,False,False,False
2024-11-17,Bangalore-07,Bangalore,Rajesh Sharma,Maths,19,False,True,True,False
2024-11-17,Bangalore-07,Bangalore,Vikram Singh,English,19,True,True,True,True
2024-11-18,Pune-01,Pune,Anita Desai,GK,16,True,False,False,False
2024-11-18,Pune-01,Pune,Anita Desai,English,16,True,True,False,False
2024-11-18,Pune-12,Pune,Meena Patel,GK,22,False,False,True,True
2024-11-18,Pune-12,Pune,Rajesh Sharma,English,22,False,False,True,True
2024-11-18,Mumbai-03,Mumbai,Vikram Singh,Language,20,True,False,False,False
2024-11-18,Bangalore-07,Bangalore,Suresh Kumar,English,23,False,False,False,False
2024-11-18,Bangalore-07,Bangalore,Vikram Singh,GK,23,False,True,False,False
2024-11-19,Pune-12,Pune,Rajesh Sharma,Language,19,False,True,True,False
2024-11-19,Pune-12,Pune,Anita Desai,Maths,19,True,True,True,False
2024-11-19,Pune-12,Pune,Meena Patel,Language,19,True,True,True,False
2024-11-19,Mumbai-03,Mumbai,Anita Desai,Maths,39,True,True,False,False
2024-11-19,Mumbai-03,Mumbai,Vikram Singh,Maths,39,True,False,False,False
2024-11-19,Mumbai-03,Mumbai,Suresh Kumar,English,39,False,False,True,True
2024-11-19,Mumbai-03,Mumbai,Meena Patel,English,39,True,True,False,False
2024-11-19,Delhi-05,Delhi,Vikram Singh,GK,20,True,True,False,True
2024-11-19,Delhi-05,Delhi,Vikram Singh,English,20,False,False,True,True
2024-11-19,Delhi-05,Delhi,Meena Patel,English,20,True,False,False,False
2024-11-19,Delhi-05,Delhi,Meena Patel,GK,20,True,False,False,False
2024-11-19,Bangalore-07,Bangalore,Rajesh Sharma,GK,18,True,True,False,False
2024-11-20,Pune-01,Pune,Vikram Singh,Language,22,True,False,False,False
2024-11-20,Pune-12,Pune,Meena Patel,Language,19,True,False,True,False
2024-11-20,Pune-12,Pune,Rajesh Sharma,English,19,True,False,True,True
2024-11-20,Pune-12,Pune,Anita Desai,Maths,19,True,False,False,True
2024-11-20,Pune-12,Pune,Vikram Singh,Language,19,True,False,False,False
2024-11-20,Mumbai-03,Mumbai,Rajesh Sharma,Maths,29,True,True,False,False
2024-11-20,Mumbai-03,Mumbai,Suresh Kumar,Language,29,False,True,False,True
2024-11-20,Mumbai-03,Mumbai,Anita Desai,GK,29,True,True,True,False
2024-11-20,Mumbai-03,Mumbai,Meena Patel,GK,29,True,False,True,False
2024-11-20,Delhi-05,Delhi,Suresh Kumar,English,18,True,False,True,True
2024-11-20,Delhi-05,Delhi,Rajesh Sharma,Maths,18,True,True,False,True
2024-11-20,Bangalore-07,Bangalore,Vikram Singh,GK,19,False,False,True,False
2024-11-20,Bangalore-07,Bangalore,Vikram Singh,English,19,True,False,True,True
2024-11-20,Bangalore-07,Bangalore,Meena Patel,Language,19,False,False,True,True
2024-11-20,Bangalore-07,Bangalore,Suresh Kumar,GK,19,True,False,True,False
2024-11-21,Pune-01,Pune,Rajesh Sharma,Language,20,True,False,False,False
2024-11-21,Pune-01,Pune,Anita Desai,English,20,False,False,False,False
2024-11-21,Pune-12,Pune,Anita Desai,Maths,36,True,True,True,False
2024-11-21,Mumbai-03,Mumbai,Anita Desai,Maths,20,True,False,True,False
2024-11-21,Mumbai-03,Mumbai,Suresh Kumar,Language,20,False,True,False,False
2024-11-21,Mumbai-03,Mumbai,Rajesh Sharma,Maths,20,False,True,True,True
2024-11-21,Delhi-05,Delhi,Suresh Kumar,GK,35,True,True,False,True
2024-11-21,Delhi-05,Delhi,Suresh Kumar,GK,35,True,True,False,False
2024-11-21,Delhi-05,Delhi,Anita Desai,GK,35,True,False,False,False
2024-11-22,Pune-01,Pune,Meena Patel,Maths,31,True,False,False,False
2024-11-22,Pune-12,Pune,Vikram Singh,Maths,33,True,False,False,True
2024-11-22,Mumbai-03,Mumbai,Vikram Singh,English,22,True,False,True,True
2024-11-22,Mumbai-03,Mumbai,Anita Desai,Maths,22,True,False,False,False
2024-11-22,Delhi-05,Delhi,Anita Desai,GK,19,True,False,True,False
2024-11-22,Delhi-05,Delhi,Anita Desai,English,19,True,False,True,False
2024-11-22,Delhi-05,Delhi,Meena Patel,GK,19,True,False,True,False
2024-11-22,Delhi-05,Delhi,Anita Desai,English,19,False,False,False,False
2024-11-22,Bangalore-07,Bangalore,Anita Desai,English,18,True,True,True,False
2024-11-22,Bangalore-07,Bangalore,Suresh Kumar,Maths,18,False,False,True,False
2024-11-22,Bangalore-07,Bangalore,Vikram Singh,Language,18,True,True,False,True
2024-11-22,Bangalore-07,Bangalore,Meena Patel,Language,18,True,False,False,False
2024-11-23,Pune-12,Pune,Rajesh Sharma,GK,26,False,False,True,False
2024-11-23,Pune-12,Pune,Meena Patel,Language,26,False,False,True,True
2024-11-23,Pune-12,Pune,Suresh Kumar,Language,26,True,False,False,True
2024-11-23,Delhi-05,Delhi,Suresh Kumar,Language,27,False,False,True,True
2024-11-23,Delhi-05,Delhi,Anita Desai,Maths,27,True,False,True,False
2024-11-23,Bangalore-07,Bangalore,Anita Desai,Language,32,False,True,False,True
2024-11-23,Bangalore-07,Bangalore,Rajesh Sharma,English,32,True,False,True,True
2024-11-23,Bangalore-07,Bangalore,Anita Desai,Language,32,False,False,False,True
2024-11-24,Pune-01,Pune,Rajesh Sharma,Language,39,True,True,False,True
2024-11-24,Pune-01,Pune,Suresh Kumar,Maths,39,False,False,True,False
2024-11-24,Pune-01,Pune,Suresh Kumar,Maths,39,False,False,False,True
2024-11-24,Pune-01,Pune,Suresh Kumar,Maths,39,True,False,False,False
2024-11-24,Mumbai-03,Mumbai,Vikram Singh,Language,37,False,False,True,False
2024-11-24,Mumbai-03,Mumbai,Meena Patel,Language,37,True,False,False,True
2024-11-24,Mumbai-03,Mumbai,Rajesh Sharma,GK,37,True,False,False,False
2024-11-24,Mumbai-03,Mumbai,Suresh Kumar,GK,37,True,False,False,False
2024-11-24,Delhi-05,Delhi,Suresh Kumar,Language,20,True,False,True,False
2024-11-24,Delhi-05,Delhi,Meena Patel,English,20,False,False,True,True
2024-11-24,Delhi-05,Delhi,Meena Patel,Language,20,True,True,False,True
2024-11-24,Bangalore-07,Bangalore,Rajesh Sharma,Language,19,False,False,False,False
2024-11-25,Pune-01,Pune,Anita Desai,Language,19,True,False,True,False
2024-11-25,Pune-12,Pune,Vikram Singh,Language,36,False,False,True,False
2024-11-25,Pune-12,Pune,Rajesh Sharma,Language,36,False,False,True,False
2024-11-25,Pune-12,Pune,Rajesh Sharma,Maths,36,True,False,False,False
2024-11-25,Pune-12,Pune,Anita Desai,Language,36,True,True,False,False
2024-11-25,Mumbai-03,Mumbai,Vikram Singh,Language,22,True,False,False,False
2024-11-25,Mumbai-03,Mumbai,Vikram Singh,Language,22,True,True,True,True
2024-11-25,Mumbai-03,Mumbai,Suresh Kumar,GK,22,True,False,True,True
2024-11-25,Mumbai-03,Mumbai,Suresh Kumar,Language,22,True,False,False,False
2024-11-25,Delhi-05,Delhi,Vikram Singh,Language,32,False,False,False,True
2024-11-25,Bangalore-07,Bangalore,Vikram Singh,Maths,25,True,False,False,False
2024-11-25,Bangalore-07,Bangalore,Suresh Kumar,English,25,False,False,True,False
2024-11-26,Pune-12,Pune,Meena Patel,English,27,True,True,True,False
2024-11-26,Pune-12,Pune,Suresh Kumar,English,27,True,True,False,False
2024-11-26,Mumbai-03,Mumbai,Rajesh Sharma,Language,24,True,True,False,False
2024-11-26,Delhi-05,Delhi,Rajesh Sharma,Maths,23,True,True,False,True
2024-11-26,Bangalore-07,Bangalore,Anita Desai,GK,31,True,False,True,True
2024-11-26,Bangalore-07,Bangalore,Suresh Kumar,English,31,True,True,False,False
2024-11-26,Bangalore-07,Bangalore,Vikram Singh,Language,31,False,False,True,False
2024-11-27,Pune-01,Pune,Vikram Singh,English,20,False,False,True,True
2024-11-27,Pune-01,Pune,Vikram Singh,Language,20,True,True,True,False
2024-11-27,Pune-01,Pune,Vikram Singh,GK,20,False,True,False,False
2024-11-27,Pune-01,Pune,Meena Patel,English,20,True,False,False,False
2024-11-27,Pune-12,Pune,Suresh Kumar,Language,37,True,False,False,True
2024-11-27,Mumbai-03,Mumbai,Anita Desai,Language,28,True,False,False,False
2024-11-27,Mumbai-03,Mumbai,Vikram Singh,GK,28,False,False,False,False
2024-11-27,Delhi-05,Delhi,Anita Desai,Maths,27,True,False,True,True
2024-11-27,Bangalore-07,Bangalore,Vikram Singh,Maths,35,False,True,False,True
2024-11-28,Pune-01,Pune,Suresh Kumar,GK,39,True,True,True,False
2024-11-28,Pune-01,Pune,Rajesh Sharma,Maths,39,False,True,True,False
2024-11-28,Pune-01,Pune,Rajesh Sharma,GK,39,False,True,False,True
2024-11-28,Pune-01,Pune,Anita Desai,Maths,39,True,False,True,True
2024-11-28,Mumbai-03,Mumbai,Vikram Singh,English,37,True,True,False,True
2024-11-28,Bangalore-07,Bangalore,Suresh Kumar,Maths,21,False,True,False,True
2024-11-29,Pune-12,Pune,Rajesh Sharma,Maths,38,False,False,True,False
2024-11-29,Pune-12,Pune,Meena Patel,Maths,38,False,False,True,True
2024-11-29,Pune-12,Pune,Rajesh Sharma,Language,38,False,False,False,True
2024-11-29,Mumbai-03,Mumbai,Anita Desai,GK,17,True,True,True,False
2024-11-29,Mumbai-03,Mumbai,Vikram Singh,English,17,True,False,True,False
2024-11-29,Mumbai-03,Mumbai,Suresh Kumar,GK,17,True,True,True,False
2024-11-29,Delhi-05,Delhi,Vikram Singh,Maths,33,False,True,False,False
2024-11-29,Delhi-05,Delhi,Vikram Singh,English,33,True,False,True,True
2024-11-29,Delhi-05,Delhi,Rajesh Sharma,English,33,True,False,False,False
2024-11-29,Bangalore-07,Bangalore,Vikram Singh,Language,15,True,True,True,True
2024-11-30,Pune-01,Pune,Rajesh Sharma,Maths,24,True,True,False,True
2024-11-30,Pune-01,Pune,Vikram Singh,Maths,24,True,False,False,True
2024-11-30,Pune-01,Pune,Rajesh Sharma,GK,24,True,False,False,True
2024-11-30,Pune-12,Pune,Meena Patel,English,19,False,False,True,False
2024-11-30,Pune-12,Pune,Meena Patel,Maths,19,True,False,False,False
2024-11-30,Delhi-05,Delhi,Suresh Kumar,Language,22,True,True,False,False
2024-11-30,Delhi-05,Delhi,Rajesh Sharma,Language,22,True,True,True,False
2024-11-30,Delhi-05,Delhi,Suresh Kumar,Language,22,False,False,True,False
2024-11-30,Bangalore-07,Bangalore,Rajesh Sharma,GK,37,False,False,True,False
2024-11-30,Bangalore-07,Bangalore,Vikram Singh,English,37,True,False,False,False
2024-11-30,Bangalore-07,Bangalore,Suresh Kumar,Language,37,False,True,True,False
2024-12-01,Pune-01,Pune,Suresh Kumar,Maths,35,False,False,True,False
2024-12-01,Pune-01,Pune,Vikram Singh,English,35,True,False,True,False
2024-12-01,Pune-01,Pune,Anita Desai,English,35,True,False,True,False
2024-12-01,Delhi-05,Delhi,Suresh Kumar,GK,20,True,True,True,False
2024-12-01,Delhi-05,Delhi,Meena Patel,Language,20,True,True,False,False
2024-12-01,Delhi-05,Delhi,Anita Desai,English,20,False,True,False,False
2024-12-01,Delhi-05,Delhi,Rajesh Sharma,GK,20,True,False,True,False
2024-12-01,Bangalore-07,Bangalore,Meena Patel,Maths,34,True,False,False,True
2024-12-01,Bangalore-07,Bangalore,Vikram Singh,English,34,True,False,True,False
2024-12-01,Bangalore-07,Bangalore,Vikram Singh,English,34,True,False,True,False
2024-12-02,Pune-01,Pune,Anita Desai,GK,25,True,True,False,False
2024-12-02,Pune-01,Pune,Vikram Singh,English,25,False,False,True,True
2024-12-02,Pune-01,Pune,Anita Desai,GK,25,True,False,True,False
2024-12-02,Pune-01,Pune,Meena Patel,GK,25,True,True,True,False
2024-12-02,Pune-12,Pune,Suresh Kumar,Maths,36,True,False,True,True
2024-12-02,Mumbai-03,Mumbai,Vikram Singh,GK,16,True,True,True,False
2024-12-02,Mumbai-03,Mumbai,Vikram Singh,GK,16,True,False,False,True
2024-12-02,Mumbai-03,Mumbai,Anita Desai,GK,16,True,False,False,False
2024-12-02,Delhi-05,Delhi,Meena Patel,Maths,37,False,False,True,True
2024-12-02,Delhi-05,Delhi,Vikram Singh,English,37,True,False,True,True
2024-12-02,Delhi-05,Delhi,Anita Desai,Language,37,True,False,False,False
2024-12-02,Delhi-05,Delhi,Suresh Kumar,English,37,True,False,True,False
2024-12-03,Pune-01,Pune,Vikram Singh,Language,28,True,True,True,True
2024-12-03,Pune-01,Pune,Vikram Singh,Maths,28,False,False,True,False
2024-12-03,Pune-12,Pune,Rajesh Sharma,GK,23,True,False,False,False
2024-12-03,Pune-12,Pune,Vikram Singh,GK,23,True,False,False,True
2024-12-03,Pune-12,Pune,Anita Desai,GK,23,True,True,False,False
2024-12-03,Mumbai-03,Mumbai,Meena Patel,GK,37,True,False,True,False
2024-12-03,Mumbai-03,Mumbai,Vikram Singh,Maths,37,True,False,False,True
2024-12-03,Bangalore-07,Bangalore,Anita Desai,Maths,30,True,False,False,False
2024-12-04,Pune-01,Pune,Anita Desai,Maths,16,False,False,False,False
2024-12-04,Pune-01,Pune,Vikram Singh,English,16,False,False,True,True
2024-12-04,Pune-12,Pune,Rajesh Sharma,Maths,28,True,False,True,False
2024-12-04,Pune-12,Pune,Vikram Singh,English,28,False,False,True,True
2024-12-04,Mumbai-03,Mumbai,Suresh Kumar,GK,31,True,False,False,False
2024-12-04,Delhi-05,Delhi,Rajesh Sharma,Language,37,False,False,True,False
2024-12-04,Delhi-05,Delhi,Rajesh Sharma,Language,37,True,False,False,False
2024-12-04,Delhi-05,Delhi,Vikram Singh,Maths,37,True,False,False,True
2024-12-04,Bangalore-07,Bangalore,Anita Desai,Maths,33,True,True,False,False
2024-12-04,Bangalore-07,Bangalore,Vikram Singh,GK,33,True,False,True,True
2024-12-05,Pune-01,Pune,Meena Patel,English,19,True,True,False,False
2024-12-05,Pune-01,Pune,Suresh Kumar,English,19,True,False,False,True
2024-12-05,Pune-01,Pune,Meena Patel,GK,19,True,False,False,False
2024-12-05,Pune-01,Pune,Meena Patel,Language,19,True,True,False,True
2024-12-05,Pune-12,Pune,Meena Patel,GK,37,True,False,True,False
2024-12-05,Pune-12,Pune,Meena Patel,English,37,True,False,False,False
2024-12-05,Pune-12,Pune,Rajesh Sharma,English,37,True,False,False,False
2024-12-05,Mumbai-03,Mumbai,Anita Desai,English,26,True,True,True,True
2024-12-05,Mumbai-03,Mumbai,Suresh Kumar,English,26,False,False,False,False
2024-12-05,Mumbai-03,Mumbai,Rajesh Sharma,Maths,26,True,False,False,False
2024-12-05,Delhi-05,Delhi,Meena Patel,Language,24,True,False,False,False
2024-12-05,Delhi-05,Delhi,Rajesh Sharma,Maths,24,False,False,True,True
2024-12-05,Delhi-05,Delhi,Vikram Singh,Maths,24,False,False,False,False
2024-12-05,Bangalore-07,Bangalore,Meena Patel,GK,17,True,True,False,False
2024-12-05,Bangalore-07,Bangalore,Anita Desai,Language,17,False,False,True,False
2024-12-05,Bangalore-07,Bangalore,Anita Desai,English,17,False,False,False,False
2024-12-06,Pune-01,Pune,Suresh Kumar,English,16,True,False,True,True
2024-12-06,Pune-01,Pune,Suresh Kumar,GK,16,True,True,True,False
2024-12-06,Pune-01,Pune,Meena Patel,English,16,True,False,False,False
2024-12-06,Mumbai-03,Mumbai,Meena Patel,Maths,39,False,True,False,False
2024-12-06,Mumbai-03,Mumbai,Suresh Kumar,Maths,39,True,False,False,True
2024-12-06,Mumbai-03,Mumbai,Meena Patel,Language,39,True,False,True,False
2024-12-06,Delhi-05,Delhi,Suresh Kumar,Language,20,True,False,True,True
2024-12-06,Bangalore-07,Bangalore,Anita Desai,Maths,34,True,False,True,True
2024-12-07,Pune-12,Pune,Vikram Singh,Language,25,False,False,True,False
2024-12-07,Mumbai-03,Mumbai,Suresh Kumar,GK,36,False,True,True,False
2024-12-07,Delhi-05,Delhi,Rajesh Sharma,Maths,38,False,True,True,True
2024-12-07,Delhi-05,Delhi,Meena Patel,English,38,True,False,True,True
2024-12-07,Delhi-05,Delhi,Suresh Kumar,Maths,38,True,False,False,True
2024-12-07,Bangalore-07,Bangalore,Rajesh Sharma,GK,26,False,False,True,True
2024-12-07,Bangalore-07,Bangalore,Suresh Kumar,English,26,True,False,True,False
2024-12-07,Bangalore-07,Bangalore,Suresh Kumar,English,26,True,False,False,False
2024-12-08,Pune-01,Pune,Suresh Kumar,Maths,21,False,False,False,True
2024-12-08,Pune-12,Pune,Anita Desai,English,16,False,True,False,False
2024-12-08,Mumbai-03,Mumbai,Rajesh Sharma,Language,22,True,False,False,True
2024-12-08,Mumbai-03,Mumbai,Rajesh Sharma,GK,22,False,True,True,True
2024-12-08,Mumbai-03,Mumbai,Vikram Singh,English,22,False,False,False,False
2024-12-08,Delhi-05,Delhi,Vikram Singh,Maths,17,True,True,False,False
2024-12-08,Delhi-05,Delhi,Anita Desai,English,17,True,False,True,True
2024-12-09,Pune-01,Pune,Anita Desai,Maths,25,True,False,False,False
2024-12-09,Pune-01,Pune,Meena Patel,GK,25,True,False,False,False
2024-12-09,Pune-12,Pune,Meena Patel,Maths,26,False,True,True,False
2024-12-09,Pune-12,Pune,Vikram Singh,Language,26,True,False,True,False
2024-12-09,Pune-12,Pune,Anita Desai,English,26,True,False,False,True
2024-12-09,Mumbai-03,Mumbai,Rajesh Sharma,Language,25,True,False,False,True
2024-12-09,Bangalore-07,Bangalore,Rajesh Sharma,Language,35,True,True,False,True
2024-12-10,Pune-01,Pune,Suresh Kumar,Maths,23,True,False,True,True
2024-12-10,Pune-01,Pune,Suresh Kumar,Language,23,True,True,True,False
2024-12-10,Pune-12,Pune,Rajesh Sharma,English,29,True,False,True,False
2024-12-10,Pune-12,Pune,Vikram Singh,Language,29,True,True,True,False
2024-12-10,Pune-12,Pune,Vikram Singh,Language,29,True,False,True,False
2024-12-10,Mumbai-03,Mumbai,Anita Desai,Language,29,True,True,True,True
2024-12-10,Mumbai-03,Mumbai,Vikram Singh,Language,29,True,True,False,False
2024-12-10,Mumbai-03,Mumbai,Suresh Kumar,Language,29,True,False,False,False
2024-12-10,Delhi-05,Delhi,Vikram Singh,Maths,31,False,False,True,False
2024-12-10,Bangalore-07,Bangalore,Vikram Singh,Maths,29,True,False,False,True
2024-12-10,Bangalore-07,Bangalore,Rajesh Sharma,GK,29,False,False,True,True
2024-12-11,Pune-01,Pune,Vikram Singh,GK,36,True,False,True,True
2024-12-11,Pune-01,Pune,Vikram Singh,GK,36,False,False,False,False
2024-12-11,Pune-01,Pune,Anita Desai,English,36,False,False,False,False
2024-12-11,Pune-12,Pune,Vikram Singh,Maths,24,True,False,False,False
2024-12-11,Mumbai-03,Mumbai,Meena Patel,GK,25,True,False,True,False
2024-12-11,Delhi-05,Delhi,Rajesh Sharma,Maths,35,True,True,True,False
2024-12-11,Delhi-05,Delhi,Vikram Singh,GK,35,True,False,False,True
2024-12-11,Delhi-05,Delhi,Suresh Kumar,English,35,True,False,True,True
2024-12-11,Bangalore-07,Bangalore,Vikram Singh,English,36,True,False,True,False
2024-12-11,Bangalore-07,Bangalore,Meena Patel,Language,36,True,False,True,False
2024-12-12,Pune-12,Pune,Suresh Kumar,GK,36,True,False,False,False
2024-12-12,Pune-12,Pune,Meena Patel,Maths,36,True,True,False,False
2024-12-12,Mumbai-03,Mumbai,Meena Patel,English,22,False,False,True,False
2024-12-12,Delhi-05,Delhi,Anita Desai,English,28,False,False,False,False
2024-12-12,Delhi-05,Delhi,Suresh Kumar,GK,28,True,False,True,False
2024-12-12,Bangalore-07,Bangalore,Meena Patel,English,33,True,False,False,True
2024-12-13,Pune-01,Pune,Suresh Kumar,Language,33,True,False,True,True
2024-12-13,Pune-12,Pune,Meena Patel,GK,19,True,True,True,False
2024-12-13,Mumbai-03,Mumbai,Meena Patel,English,15,False,False,False,False
2024-12-13,Mumbai-03,Mumbai,Meena Patel,Language,15,True,False,True,False
2024-12-13,Mumbai-03,Mumbai,Meena Patel,Language,15,False,True,True,False
2024-12-13,Mumbai-03,Mumbai,Meena Patel,Language,15,True,True,False,True
2024-12-13,Delhi-05,Delhi,Suresh Kumar,Maths,16,True,False,False,False
2024-12-13,Delhi-05,Delhi,Anita Desai,GK,16,False,False,False,False
2024-12-13,Bangalore-07,Bangalore,Suresh Kumar,Language,15,False,False,False,False
2024-12-14,Pune-01,Pune,Meena Patel,English,21,True,True,True,False
2024-12-14,Pune-01,Pune,Meena Patel,Language,21,True,False,True,False
2024-12-14,Delhi-05,Delhi,Suresh Kumar,Language,27,True,True,True,True
2024-12-14,Delhi-05,Delhi,Meena Patel,English,27,True,False,True,False
2024-12-14,Delhi-05,Delhi,Anita Desai,English,27,True,True,False,False
2024-12-14,Bangalore-07,Bangalore,Anita Desai,Maths,25,True,False,False,True
2024-12-15,Pune-12,Pune,Meena Patel,English,17,True,False,True,True
2024-12-15,Pune-12,Pune,Suresh Kumar,Language,17,False,False,True,False
2024-12-15,Pune-12,Pune,Meena Patel,Language,17,True,True,True,True
2024-12-15,Mumbai-03,Mumbai,Anita Desai,English,28,False,False,True,False
2024-12-15,Mumbai-03,Mumbai,Rajesh Sharma,English,28,False,True,False,False
2024-12-15,Delhi-05,Delhi,Suresh Kumar,Language,18,True,True,False,False
2024-12-15,Delhi-05,Delhi,Rajesh Sharma,GK,18,True,False,False,True
2024-12-15,Delhi-05,Delhi,Suresh Kumar,English,18,True,False,False,False
2024-12-15,Bangalore-07,Bangalore,Meena Patel,English,30,True,True,False,False
2024-12-15,Bangalore-07,Bangalore,Vikram Singh,Maths,30,True,False,True,True
2024-12-16,Pune-12,Pune,Meena Patel,Language,20,False,False,True,True
2024-12-16,Pune-12,Pune,Vikram Singh,Language,20,True,True,False,False
2024-12-16,Pune-12,Pune,Meena Patel,English,20,False,False,False,False
2024-12-16,Pune-12,Pune,Vikram Singh,GK,20,True,False,True,False
2024-12-16,Mumbai-03,Mumbai,Meena Patel,GK,29,True,True,True,True
2024-12-16,Mumbai-03,Mumbai,Rajesh Sharma,GK,29,True,False,True,False
2024-12-16,Mumbai-03,Mumbai,Rajesh Sharma,English,29,True,True,True,True
2024-12-16,Delhi-05,Delhi,Vikram Singh,English,33,True,False,True,False
2024-12-16,Bangalore-07,Bangalore,Suresh Kumar,Language,25,True,False,False,True
2024-12-16,Bangalore-07,Bangalore,Anita Desai,English,25,True,False,True,False
2024-12-16,Bangalore-07,Bangalore,Vikram Singh,Language,25,True,False,True,True
2024-12-17,Pune-01,Pune,Suresh Kumar,GK,16,False,True,True,False
2024-12-17,Pune-12,Pune,Vikram Singh,Maths,21,True,True,False,True
2024-12-17,Delhi-05,Delhi,Anita Desai,English,39,True,False,False,False
2024-12-17,Bangalore-07,Bangalore,Suresh Kumar,Language,22,True,False,True,False
2024-12-18,Pune-01,Pune,Vikram Singh,Language,26,True,False,False,False
2024-12-18,Pune-01,Pune,Suresh Kumar,Maths,26,False,True,False,False
2024-12-18,Pune-01,Pune,Anita Desai,English,26,False,True,False,False
2024-12-18,Pune-01,Pune,Anita Desai,Language,26,False,True,False,True
2024-12-18,Pune-12,Pune,Vikram Singh,Maths,18,False,True,False,False
2024-12-18,Mumbai-03,Mumbai,Vikram Singh,English,38,True,True,True,False
2024-12-18,Delhi-05,Delhi,Suresh Kumar,English,32,False,False,True,False
2024-12-18,Delhi-05,Delhi,Suresh Kumar,English,32,True,True,True,False
2024-12-18,Delhi-05,Delhi,Vikram Singh,English,32,True,True,False,True
2024-12-18,Bangalore-07,Bangalore,Rajesh Sharma,Language,18,True,False,False,False
2024-12-18,Bangalore-07,Bangalore,Suresh Kumar,Maths,18,False,True,True,False
2024-12-18,Bangalore-07,Bangalore,Meena Patel,GK,18,False,True,False,False
2024-12-18,Bangalore-07,Bangalore,Anita Desai,English,18,True,True,True,False
2024-12-19,Pune-12,Pune,Suresh Kumar,Language,36,True,False,False,True
2024-12-19,Pune-12,Pune,Suresh Kumar,Language,36,True,True,False,False
2024-12-19,Pune-12,Pune,Suresh Kumar,Maths,36,True,False,True,False
2024-12-19,Delhi-05,Delhi,Anita Desai,Maths,33,True,True,False,False
2024-12-19,Delhi-05,Delhi,Meena Patel,Language,33,False,True,False,False
2024-12-19,Delhi-05,Delhi,Suresh Kumar,Maths,33,False,False,True,False
2024-12-19,Bangalore-07,Bangalore,Meena Patel,English,25,True,True,True,False
2024-12-19,Bangalore-07,Bangalore,Meena Patel,English,25,False,False,True,False
2024-12-19,Bangalore-07,Bangalore,Vikram Singh,English,25,True,True,False,True
2024-12-19,Bangalore-07,Bangalore,Rajesh Sharma,Language,25,True,False,True,False
2024-12-20,Pune-01,Pune,Suresh Kumar,English,15,True,False,False,True
2024-12-20,Pune-01,Pune,Suresh Kumar,Language,15,True,True,True,False
2024-12-20,Pune-01,Pune,Vikram Singh,Maths,15,False,False,True,False
2024-12-20,Pune-01,Pune,Suresh Kumar,GK,15,True,False,False,False
2024-12-20,Pune-12,Pune,Rajesh Sharma,Language,29,True,True,False,True
2024-12-20,Pune-12,Pune,Rajesh Sharma,Language,29,True,False,False,True
2024-12-20,Mumbai-03,Mumbai,Meena Patel,English,30,False,True,True,False
2024-12-20,Mumbai-03,Mumbai,Suresh Kumar,GK,30,False,False,False,False
2024-12-20,Mumbai-03,Mumbai,Suresh Kumar,Language,30,False,False,True,True
2024-12-20,Mumbai-03,Mumbai,Meena Patel,English,30,True,False,False,False
2024-12-20,Bangalore-07,Bangalore,Anita Desai,Language,38,True,False,True,True
2024-12-20,Bangalore-07,Bangalore,Suresh Kumar,English,38,True,False,False,False
2024-12-20,Bangalore-07,Bangalore,Rajesh Sharma,GK,38,True,False,False,True
2024-12-20,Bangalore-07,Bangalore,Suresh Kumar,Language,38,False,True,False,False
2024-12-21,Pune-12,Pune,Anita Desai,GK,30,False,True,False,False
2024-12-21,Delhi-05,Delhi,Suresh Kumar,English,32,False,False,True,True
2024-12-21,Delhi-05,Delhi,Anita Desai,GK,32,True,False,True,False
2024-12-21,Bangalore-07,Bangalore,Meena Patel,English,29,True,False,False,True
2024-12-21,Bangalore-07,Bangalore,Vikram Singh,English,29,True,False,False,True
2024-12-22,Pune-01,Pune,Suresh Kumar,English,30,True,False,False,True
2024-12-22,Pune-01,Pune,Rajesh Sharma,English,30,True,False,True,False
2024-12-22,Pune-12,Pune,Anita Desai,GK,20,False,False,True,False
2024-12-22,Mumbai-03,Mumbai,Meena Patel,Language,39,False,True,True,False
2024-12-22,Mumbai-03,Mumbai,Vikram Singh,Language,39,True,True,True,False
2024-12-22,Mumbai-03,Mumbai,Vikram Singh,GK,39,False,False,True,False
2024-12-22,Delhi-05,Delhi,Meena Patel,Maths,15,True,False,True,True
2024-12-23,Pune-01,Pune,Vikram Singh,GK,24,True,False,False,True
2024-12-23,Pune-01,Pune,Meena Patel,English,24,False,False,True,True
2024-12-23,Pune-01,Pune,Vikram Singh,English,24,True,False,False,True
2024-12-23,Pune-01,Pune,Rajesh Sharma,GK,24,True,True,False,False
2024-12-23,Mumbai-03,Mumbai,Meena Patel,Language,29,True,True,False,False
2024-12-23,Bangalore-07,Bangalore,Meena Patel,GK,24,False,False,True,False
2024-12-23,Bangalore-07,Bangalore,Suresh Kumar,Language,24,True,True,True,False
2024-12-23,Bangalore-07,Bangalore,Anita Desai,English,24,True,False,True,True
2024-12-23,Bangalore-07,Bangalore,Rajesh Sharma,Maths,24,True,True,True,False
2024-12-24,Pune-01,Pune,Meena Patel,Language,31,True,True,False,False
2024-12-24,Pune-01,Pune,Suresh Kumar,English,31,True,False,False,False
2024-12-24,Pune-01,Pune,Suresh Kumar,English,31,True,False,False,False
2024-12-24,Pune-12,Pune,Meena Patel,Maths,34,True,True,False,False
2024-12-24,Pune-12,Pune,Anita Desai,Maths,34,True,False,False,True
2024-12-24,Pune-12,Pune,Meena Patel,English,34,True,True,True,False
2024-12-24,Mumbai-03,Mumbai,Vikram Singh,Language,30,True,False,False,False
2024-12-24,Mumbai-03,Mumbai,Meena Patel,GK,30,True,True,False,False
2024-12-24,Bangalore-07,Bangalore,Anita Desai,Maths,35,True,False,True,True
2024-12-25,Pune-01,Pune,Suresh Kumar,English,22,True,True,False,True
2024-12-25,Pune-01,Pune,Anita Desai,English,22,True,False,True,False
2024-12-25,Pune-01,Pune,Meena Patel,Maths,22,True,True,False,True
2024-12-25,Pune-01,Pune,Suresh Kumar,Maths,22,False,False,False,False
2024-12-25,Pune-12,Pune,Meena Patel,English,22,False,False,False,False
2024-12-25,Pune-12,Pune,Vikram Singh,English,22,True,True,False,True
2024-12-25,Mumbai-03,Mumbai,Anita Desai,Language,18,True,False,False,True
2024-12-25,Delhi-05,Delhi,Suresh Kumar,GK,39,False,False,True,False
2024-12-25,Delhi-05,Delhi,Vikram Singh,English,39,True,False,False,False
2024-12-26,Pune-01,Pune,Rajesh Sharma,Maths,20,True,False,False,True
2024-12-26,Pune-01,Pune,Meena Patel,English,20,True,False,False,False
2024-12-26,Pune-01,Pune,Meena Patel,English,20,False,True,False,False
2024-12-26,Pune-12,Pune,Vikram Singh,Maths,21,True,False,False,True
2024-12-26,Pune-12,Pune,Anita Desai,Language,21,True,False,False,False
2024-12-26,Pune-12,Pune,Anita Desai,English,21,False,True,True,False
2024-12-26,Delhi-05,Delhi,Suresh Kumar,English,18,True,True,False,False
2024-12-26,Bangalore-07,Bangalore,Rajesh Sharma,GK,36,True,False,False,True
2024-12-27,Pune-01,Pune,Vikram Singh,GK,19,True,False,True,False
2024-12-27,Pune-01,Pune,Anita Desai,English,19,False,False,False,False
2024-12-27,Pune-01,Pune,Vikram Singh,GK,19,True,False,True,False
2024-12-27,Pune-12,Pune,Anita Desai,English,16,True,False,False,False
2024-12-27,Pune-12,Pune,Suresh Kumar,English,16,True,False,True,False
2024-12-27,Mumbai-03,Mumbai,Suresh Kumar,English,19,True,False,True,False
2024-12-27,Delhi-05,Delhi,Meena Patel,Language,17,False,False,True,False
2024-12-27,Bangalore-07,Bangalore,Meena Patel,Maths,20,False,False,True,False
2024-12-27,Bangalore-07,Bangalore,Vikram Singh,English,20,True,True,False,True
2024-12-28,Pune-01,Pune,Meena Patel,Maths,23,False,False,True,False
2024-12-28,Pune-01,Pune,Rajesh Sharma,Language,23,False,False,True,True
2024-12-28,Pune-12,Pune,Meena Patel,GK,38,True,True,False,False
2024-12-28,Mumbai-03,Mumbai,Vikram Singh,Maths,27,False,True,True,False
2024-12-28,Mumbai-03,Mumbai,Vikram Singh,GK,27,True,False,True,False
2024-12-28,Mumbai-03,Mumbai,Rajesh Sharma,Maths,27,True,False,True,False
2024-12-28,Delhi-05,Delhi,Rajesh Sharma,English,31,True,False,True,False
2024-12-28,Delhi-05,Delhi,Suresh Kumar,GK,31,True,False,True,True
2024-12-28,Bangalore-07,Bangalore,Vikram Singh,English,20,True,True,True,False
2024-12-28,Bangalore-07,Bangalore,Vikram Singh,GK,20,True,True,True,False
2024-12-28,Bangalore-07,Bangalore,Anita Desai,GK,20,True,False,True,False
2024-12-28,Bangalore-07,Bangalore,Meena Patel,English,20,False,True,True,False
2024-12-29,Pune-01,Pune,Rajesh Sharma,English,32,True,True,False,False
2024-12-29,Pune-01,Pune,Suresh Kumar,Language,32,False,True,False,True
2024-12-29,Pune-12,Pune,Meena Patel,GK,26,False,True,True,False
2024-12-29,Pune-12,Pune,Meena Patel,Maths,26,False,False,False,True
2024-12-29,Pune-12,Pune,Suresh Kumar,English,26,True,False,True,True
2024-12-29,Delhi-05,Delhi,Meena Patel,Language,18,False,True,True,False
2024-12-29,Delhi-05,Delhi,Rajesh Sharma,English,18,True,False,True,False
2024-12-29,Bangalore-07,Bangalore,Anita Desai,Maths,23,True,False,False,False
2024-12-29,Bangalore-07,Bangalore,Vikram Singh,Language,23,True,False,False,False
2024-12-29,Bangalore-07,Bangalore,Meena Patel,Maths,23,True,False,True,False
2024-12-30,Pune-01,Pune,Anita Desai,Language,24,True,True,False,False
2024-12-30,Pune-12,Pune,Anita Desai,GK,23,True,False,False,False
2024-12-30,Pune-12,Pune,Rajesh Sharma,English,23,True,False,False,False
2024-12-30,Mumbai-03,Mumbai,Rajesh Sharma,English,29,True,True,True,False
2024-12-30,Delhi-05,Delhi,Suresh Kumar,English,36,True,True,False,False
2024-12-30,Delhi-05,Delhi,Meena Patel,Language,36,True,False,False,False
2024-12-30,Delhi-05,Delhi,Meena Patel,GK,36,False,False,False,True
2024-12-30,Delhi-05,Delhi,Anita Desai,Language,36,False,True,True,True
2024-12-30,Bangalore-07,Bangalore,Vikram Singh,Language,23,True,False,True,True
2024-12-30,Bangalore-07,Bangalore,Anita Desai,Language,23,True,True,True,False
2024-12-30,Bangalore-07,Bangalore,Anita Desai,Language,23,True,False,False,False
2024-12-30,Bangalore-07,Bangalore,Meena Patel,Language,23,True,False,False,True
2024-12-31,Pune-01,Pune,Meena Patel,Language,22,False,True,False,True
2024-12-31,Pune-01,Pune,Suresh Kumar,English,22,True,True,True,False
2024-12-31,Pune-01,Pune,Meena Patel,GK,22,False,False,True,False
2024-12-31,Pune-12,Pune,Anita Desai,Language,21,True,False,True,False
2024-12-31,Pune-12,Pune,Anita Desai,Maths,21,False,False,True,True
2024-12-31,Pune-12,Pune,Meena Patel,GK,21,True,True,True,False
2024-12-31,Pune-12,Pune,Meena Patel,English,21,True,True,False,True
2024-12-31,Mumbai-03,Mumbai,Anita Desai,Language,31,True,True,True,True
2024-12-31,Mumbai-03,Mumbai,Meena Patel,Maths,31,False,False,False,False
2024-12-31,Mumbai-03,Mumbai,Rajesh Sharma,GK,31,False,False,False,False
2024-12-31,Delhi-05,Delhi,Anita Desai,Maths,18,True,False,True,False
2024-12-31,Bangalore-07,Bangalore,Vikram Singh,GK,26,True,False,True,False
2024-12-31,Bangalore-07,Bangalore,Anita Desai,Maths,26,True,False,False,True
